district_std,filename,ps_name_t13n,main_town_t13n,village_cand_1_std,village_cand_2_std
ajamer,A098_A098095,mathadaan kendr kaa bhavan evam pathaa  :,kisanagadh (n.parishad,kisanagadh nparishad,NA
naagour,A113_A113106,106khed഼eeseelaa,khed഼eeseelaa,khedeeseelaa,khedeeseelaa
hanumaanagadh,A009_A009101,101peeleebamgaa mamdee,०peeleebamgaa,peeleebamgaa,peeleebamgaa mamdee
qe,A022_A022010,10kootavaad thaal,kootavaad thaal,kootavaad thaal,kootavaad thaal
hi suajhhun,A028_A028206,206mandaavaa,gaamv mandaavaa,gaamv mandaavaa,mandaavaa
hi jayapur,A045_A045224,224ghatiyaalee,gaamv  ०ghatiyaalee,gaamv ghatiyaalee,ghatiyaalee
jaalour,A145_A145110,110saamtharoo,Satroo,satroo,saamtharoo
qe,A024_A024191,mathadaan kendr kaa bhavan evam pathaa  :,sujaanagadh഼,sujaanagadh,NA
udayapur,A152_A152139,139bhuvaanaa,bhuvaanaa,bhuvaanaa,bhuvaanaa
seekar,A038_A038137,neemakaathaanaa,०neem kaa thaanaa,neem kaa thaanaa,neemakaathaanaa
suajhhunoo,A025_A025044,44pilaanee,pilaanee,pilaanee,pilaanee
jayapur,A042_A042189,189jaajaikhurd urph bisanapuraa,saahapuraa,saahapuraa,jaajaikhurd urph bisanapuraa
bharathapur,A075_A075012,12naivaadaa,nevaadaa,nevaadaa,naivaadaa
jayapur,A043_A043169,169ATT,choumoom,choumoom,169att
karoulee,A081_A081216,216raayasanaa,gaamv  ०raayasanaa,gaamv raayasanaa,raayasanaa
jayapur,A041_A041203,203paaladee,paaladee,paaladee,paaladee
siroohee,A146_A146249,mathadaan kendr kaa bhavan evam pathaa  :,siroohee,siroohee,NA
karoulee,A083_A083141,141gadhaa pich pheeld ke paas karoulee,karoulee,karoulee,gadhaa pich pheeld karoulee
kootaa,A188_A188108,mathadaan kendr kaa bhavan evam pathaa  :,Sangod Municipality,sangod municipality,NA
gamgaanagar,A006_A006031,31anoopagadh഼,anoopagadh഼,anoopagadh,anoopagadh
udayapur,A153_A153066,mathadaan kendr kaa bhavan evam pathaa  :,udayapur,udayapur,NA
ajamer,A098_A098084,84madanagamj,kisanagadh (n.parishad,kisanagadh nparishad,madanagamj
hi alavar,A061_A061174,174ATTA Gla,Majri Khola,majri khola,atta gla
paalee,A116_A116021,21chhaaliyaa baadh (aanandapur kaaloo  ),aanandapur kaalu,aanandapur kaalu,chhaaliyaa baadh aanandapur kaaloo
hi joodhapur,A125_A125196,196kootadaa,kootadaa,kootadaa,kootadaa
qe,A019_A019108,108raajagadh഼,raajagadh഼,raajagadh,raajagadh
hi joodhapur,A125_A125190,190beejavaadiyaa,०bijavaadiyaa,bijavaadiyaa,beejavaadiyaa
8toumk,A096_A096117,117toomk,toomk,toomk,toomk
bharathapur,A070_A070217,217chhichharavaad഼ee,Chhichharwari,chhichharwari,chhichharavaadee
hi suajhhun,A028_A028227,227laadasar,laadasar,laadasar,laadasar
alavar,A062_A062074,74naayasaraanaa,०naayasaraanaa,naayasaraanaa,naayasaraanaa
raajasamand,A175_A175240,240nayaadareebaa  (kootadee  ),kootadee,kootadee,nayaadareebaa kootadee
naagour,A115_A115095,mathadaan kendr kaa bhavan evam pathaa  :,kuchaaman sitee,kuchaaman sitee,NA
8gamgaanagar,A005_A005213,213 6bee el em e,6BLM-A,blma,bee el em
alavar,A061_A061108,mathadaan kendr kaa bhavan evam pathaa  :,Pehal,pehal,NA
booadee,A186_A186093,93guvaad഼ee,Tatst,tatst,guvaadee
seekar,A033_A033114,lakshmanagadh,lakshmanagadh഼,lakshmanagadh,lakshmanagadh
suajhhunoo,A027_A027115,115sulathaanaa,sulathaanaa,sulathaanaa,sulathaanaa
qe,A023_A023038,38CaS,rathanagadh഼,rathanagadh,38cas
h jaalour,A145_A145166,166raaneevaadaa kalaa,Raniwara Kalan,raniwara kalan,raaneevaadaa kalaa
udayapur,A156_A156213,213bujhhaadaa,prathaap nagar,prathaap nagar,bujhhaadaa
udayapur,A152_A152184,184thitharadee,thitharadee,thitharadee,thitharadee
jayapur,A058_A058220,220syaamapuraa,syaamapuraa,syaamapuraa,syaamapuraa
karoulee,A081_A081253,253ralaavathaa,ralaavathaa,ralaavathaa,ralaavathaa
bheelavaadaa,A181_A181018,mathadaan kendr kaa bhavan evam pathaa  :,nimbaahedaa kalaam,nimbaahedaa kalaam,NA
alavar,A059_A059098,98laadamakaa,laadamakaa,laadamakaa,laadamakaa
amet,A196_A196145,145umarathaanaa,Umar Thana,umar thana,umarathaanaa
jayapur,A041_A041091,91aaamthelaa,aaamthelaa,aaamthelaa,aaamthelaa
suajhhun,A030_A030077,mathadaan kendr kaa bhavan evam pathaa  :,simganour,simganour,NA
savaaeemaadhoopur,A090_A090223,223GET ale WAITS,khed഼aabaadh഼ raamagadh഼,khedaabaadh raamagadh,223get ale waits
ajamer,A100_A100152,mathadaan kendr kaa bhavan evam pathaa  :,ajamer (nagar nigam,ajamer nagar nigam,NA
ajamer,A103_A103044,mathadaan kendr kaa bhavan evam pathaa  :,byaavar,byaavar,NA
kootaa,A191_A191123,123kaithoon,Ward No.14,ward no,kaithoon
bharathapur,A072_A072127,127kumher,kumher,kumher,kumher
joodhapur,A130_A130234,234paal,paal,paal,paal
gamgaanagar,A004_A004127,127soorathagadh,soorathagadh഼,soorathagadh,soorathagadh
alavar,A062_A062137,mathadaan kendr kaa bhavan evam pathaa  :,mahaaraajaavaas,mahaaraajaavaas,NA
४bharathapur,A076_A076080,80bayaanaa,bayaanaa,bayaanaa,bayaanaa
hi suajhhun,A027_A027175,175kaalee pahaadee,०kaalee pahaadee,kaalee pahaadee,kaalee pahaadee
h dousaa,A086_A086003,3mahukhedaa,:,NA,mahukhedaa
ajamer,A105_A105153,153ATEAST,naaeekhed഼aa,naaeekhedaa,ateast
joodhapur,A123_A123178,178fAeat wr Aaa,nimboo kaa thaalaab,nimboo kaa thaalaab,faeat wr aaa
savaaeemaadhoopur,A092_A092214,mathadaan kendr kaa bhavan evam pathaa  :,savaaee maadhoopur,savaaee maadhoopur,NA
bheelavaadaa,A182_A182053,53bilethaa,bilethaa,bilethaa,bilethaa
seekar,A038_A038033,33jaataahaalaa,jaataahaalaa,jaataahaalaa,jaataahaalaa
seekar,A033_A033100,mathadaan kendr kaa bhavan evam pathaa  :,naroodadaa,naroodadaa,NA
hi joodhapur,A131_A131018,18jaalelee phoojadaaraa,:,NA,jaalelee phoojadaaraa
ajamer,A104_A104202,202chaampaaneree,chaapaaneree,chaapaaneree,chaampaaneree
udayapur,A156_A156049,49batukaa,batukaa,batukaa,batukaa
dhoulapur,A077_A077056,56puraapaatour,:,NA,puraapaatour
hi jayapur,A058_A058159,159chaakasoo,chaakasoo,chaakasoo,chaakasoo
hanumaanagadh,A009_A009242,242 1aaradablyooem,०dhaanee maaloo bijaaraniyaam,dhaanee maaloo bijaaraniyaam,aaradablyooem
jaalour,A145_A145236,236vaadaabhavajee,Bara Bhawji,bara bhawji,vaadaabhavajee
karoulee,A082_A082248,248phulavaadaa,phulavaadaa,phulavaadaa,phulavaadaa
gamgaanagar,A003_A003077,77sreekaranapur,sreekaranapur,sreekaranapur,sreekaranapur
toumk,A097_A097139,139dhuaaamkalaa,dhumaa kalaa,dhumaa kalaa,dhuaaamkalaa
savaaeemaadhoopur,A090_A090143,143baadh഼ saaloudaa saharee,gamgaapur sitee,gamgaapur sitee,baadh saaloudaa saharee
ajamer,A105_A105034,mathadaan kendr kaa bhavan evam pathaa  :,phathehagadh഼,phathehagadh,NA
ajamer,A104_A104131,131kaaniyaa,kaaniyaa,kaaniyaa,kaaniyaa
dousaa,A087_A087254,254ast actrees,patatee salehasimh,patatee salehasimh,254ast actrees
ajamer,A103_A103142,142ganesapuraa,ganesapuraa,ganesapuraa,ganesapuraa
jaisalamer,A133_A133010,10 235ae St,235aar dee,235aar dee,ae st
beekaaner,A013_A013087,"vidyaalay (haal), kootaget ke andar,",beekaaner,beekaaner,haal kootaget andar
ajamer,A101_A101038,38phakeeraa khedaa,ajamer (nagar nigam,ajamer nagar nigam,phakeeraa khedaa
ajamer,A104_A104075,75begaliyaavaas,begaliyaavaas,begaliyaavaas,begaliyaavaas
naagour,A114_A114169,169likhiyaas,likhiyaas,likhiyaas,likhiyaas
chiththoudagadh,A168_A168173,173begooഁ,begoom,begoom,begoo
gamgaanagar,A006_A006251,251 7BATT,7kepeedee,kepeedee,batt
gamgaanagar,A006_A006118,118 22ees-e,e,NA,eese
naagour,A111_A111007,7Wet,gootan,gootan,7wet
bheelavaadaa,A182_A182141,141devaraa,devaraa,devaraa,devaraa
naagour,A107_A107040,mathadaan kendr kaa bhavan evam pathaa  :,deedavaanaa myunisapalitee,deedavaanaa myunisapalitee,NA
hi bharathapur,A070_A070063,63piparoulee,Piproli,piproli,piparoulee
chiththoudagadh,A168_A168183,183begooഁ,begoom,begoom,begoo
gamgaanagar,A006_A006181,"181 1esaelakesee-see, jaalavaalee",see,see,esaelakeseesee jaalavaalee
savaaeemaadhoopur,A092_A092185,185jilaa udyoog kendr s“amaa൦,savaaee maadhoopur,savaaee maadhoopur,jilaa udyoog samaa
hanumaanagadh,A009_A009062,62thiraajavaalaa,thiraajavaalaa,thiraajavaalaa,thiraajavaalaa
gamgaanagar,A006_A006036,36anoopagadh഼,anoopagadh഼,anoopagadh,anoopagadh
alavar,A068_A068228,228lakshmanagadh,hi Lachhmangarh,hi lachhmangarh,lakshmanagadh
dousaa,A087_A087097,97baharaavandaa,०baharaavandaa,baharaavandaa,baharaavandaa
naagour,A111_A111115,115med഼athaa,medathaasitee,medathaasitee,medathaa
suajhhun,A028_A028252,252Fat,nooaaam,nooaaam,252fat
naagour,A107_A107236,"236riksaabaas,",rikshaabaas,rikshaabaas,riksaabaas
hi suajhhun,A027_A027179,179khaajapur kaa baas,०khaajapur kaa baas,khaajapur kaa baas,khaajapur baas
dousaa,A086_A086051,51mandaavar,gaamv  ०mandaavar,gaamv mandaavar,mandaavar
gamgaanagar,A005_A005092,92mukalaavaa  (17tee ke,17TK,17tk,mukalaavaa tee
gamgaanagar,A006_A006216,"216 17HUASI-U, khaanoovaalee",17keenadee-e,keenadeee,huasiu khaanoovaalee
prathaapagadh,A157_A157177,177bujhhoo kaa paadalaa,bujookaa paanasadalaa,bujookaa paanasadalaa,bujhhoo paadalaa
prathaapagadh,A157_A157215,215raathoodoo kaa semaliyaa,raathoudoom kaa semaliyaa,raathoudoom kaa semaliyaa,raathoodoo semaliyaa
naagour,A113_A113065,65bharanaaee,bharanaaee,bharanaaee,bharanaaee
prathaapagadh,A172_A172003,3bad഼eelaamk,badee laamk,badee laamk,badeelaamk
suajhhun,A026_A026169,169saamvalood,saamvalood,saamvalood,saamvalood
jayapur,A045_A045162,162mumgeethalaa,moomgee thalaa,moomgee thalaa,mumgeethalaa
seekar,A036_A036001,syaamapuraa (baayaa bhaag,syaamapuraa,syaamapuraa,syaamapuraa baayaa
hi suajhhun,A030_A030033,33kheevaamsar,kheevaamsar,kheevaamsar,kheevaamsar
ajamer,A103_A103087,"87neharoo get, byaavar",byaavar,byaavar,neharoo get byaavar
gamgaanagar,A003_A003005,5 6vee dhanoor,6avee,avee,6vee dhanoor
beekaaner,A014_A014155,155Stata,beekaaner,beekaaner,stata
naagour,A107_A107244,244bhaadaasar,bhaadaasar,bhaadaasar,bhaadaasar
suajhhun,A029_A029187,mathadaan kendr kaa bhavan evam pathaa  :,parasaraamapuraa,parasaraamapuraa,NA
hi suajhhun,A028_A028189,189seegadee,seegadee,seegadee,seegadee
hanumaanagadh,A007_A007169,169tibbee,० 8jeejeeaar (tibbee,jeejeeaar tibbee,tibbee
joodhapur,A122_A122159,159baavadee kalaam,baavadee kalaam,baavadee kalaam,baavadee kalaam
ajamer,A105_A105241,241TATTTAT,prathaapapuraa,prathaapapuraa,tatttat
karoulee,A081_A081245,245medhe kaa puraa,medhe kaa puraa,medhe kaa puraa,medhe puraa
hanumaanagadh,A007_A007064,64samgariyaa,samgariyaa,samgariyaa,samgariyaa
savaaeemaadhoopur,A092_A092197,mathadaan kendr kaa bhavan evam pathaa  :,savaaee maadhoopur,savaaee maadhoopur,NA
gamgaanagar,A004_A004064,64 7Ua at,710,NA,ua at
bharathapur,A070_A070100,100sahasan,Sahsan,sahsan,sahasan
suajhhunoo,A029_A029094,mathadaan kendr kaa bhavan evam pathaa  :,soumthalee,soumthalee,NA
naagour,A113_A113100,100paaladeeraajaa,paaladeeraajaa,paaladeeraajaa,paaladeeraajaa
suajhhun,A027_A027040,40jhhunjhhunoo,jhhujhhanoom,jhhujhhanoom,jhhunjhhunoo
hanumaanagadh,A008_A008027,27subhaan vaalaa,2911 ५४(subhaanavaalaa,subhaanavaalaa,subhaan vaalaa
savaaeemaadhoopur,A091_A091127,127jaaharaa,Jahra,jahra,jaaharaa
gamgaanagar,A006_A006047,47anoopagadh഼,anoopagadh഼,anoopagadh,anoopagadh
suajhhunoo,A029_A029215,215khirood഼,khirood,khirood,khirood
naagour,A111_A111242,242jadaaookalaam,jadaaukalaa,jadaaukalaa,jadaaookalaam
gamgaanagar,A001_A001097,97 6e chhootee,6A CHOTTI,6a chotti,e chhootee
paalee,A116_A116137,137khedaa devagadh഼,khedaa devagadh,khedaa devagadh,khedaa devagadh
booadee,A186_A186204,204bughapuraa,budhapuraa (see.tee,budhapuraa seetee,bughapuraa
beekaaner,A014_A014015,15beekaaner,beekaaner,beekaaner,beekaaner
ajamer,A101_A101031,mathadaan kendr kaa bhavan evam pathaa  :,ajamer (nagar nigam,ajamer nagar nigam,NA
h dousaa,A088_A088055,55lootavaad഼aa,lootavaadaa,lootavaadaa,lootavaadaa
chooru,A021_A021158,158saradaarasahar,saradaarasahar,saradaarasahar,saradaarasahar
h dousaa,A087_A087114,114meenaavaadaa,meenaavaadaa,meenaavaadaa,meenaavaadaa
alavar,A065_A065216,216Wear,:,NA,wear
seekar,A038_A038040,mathadaan kendr kaa bhavan evam pathaa  :,paatan,paatan,NA
joodhapur,A122_A122060,60bhaakhariyaam,bhaakhariyaam,bhaakhariyaam,bhaakhariyaam
chiththoudagadh,A168_A168275,275raavathabhaataa,०raavathabhaataa,raavathabhaataa,raavathabhaataa
suajhhunoo,A030_A030062,62teetanavaad഼,teetanavaad,teetanavaad,teetanavaad
dousaa,A088_A088112,mathadaan kendr kaa bhavan evam pathaa  :,dousaa,dousaa,NA
seekar,A034_A034067,vidyaalay syaamapuraa (baayaa bhaag,syaamapuraa,syaamapuraa,syaamapuraa baayaa
hanumaanagadh,A010_A010072,72phephaanaa,phephaanaa,phephaanaa,phephaanaa
baamsavaadaa,A162_A162067,67bakhthood,bakhthood഼,bakhthood,bakhthood
bheelavaadaa,A178_A178012,12jnjaanagadh,jnjaanagadh,jnjaanagadh,jnjaanagadh
gamgaanagar,A006_A006098,98 3enaem (dhaabaam,3enaem,enaem,enaem dhaabaam
jayapur,A043_A043203,203choumoo,choumoom,choumoom,choumoo
udayapur,A152_A152177,177manavaakhed഼aa,manavaakhed഼aa,manavaakhedaa,manavaakhedaa
hanumaanagadh,A009_A009104,104peeleebamgaa mamdee,०peeleebamgaa,peeleebamgaa,peeleebamgaa mamdee
alavar,A060_A060089,89bhoojaraajakaa,Bhojrajka,bhojrajka,bhoojaraajakaa
suajhhun,A027_A027010,10jhhunjhhunoo,jhhujhhanoom,jhhujhhanoom,jhhunjhhunoo
ajamer,A104_A104122,122hanuthiyaa,hanuthiyaa,hanuthiyaa,hanuthiyaa
suajhhunoo,A030_A030090,90dudiyaa,dudiyaa,dudiyaa,dudiyaa
suajhhunoo,A025_A025223,223daalamiyoom kee dh഼aanee,daalamiyoom kee dhaanee,daalamiyoom kee dhaanee,daalamiyoom dhaanee
toumk,A094_A094193,193pandraahed഼aa,pandraahedaa,pandraahedaa,pandraahedaa
baadamer,A136_A136235,235cheebee,cheebee,cheebee,cheebee
h baaraa,A195_A195154,154bhaimsadaa,WaT,wat,bhaimsadaa
doomgarapur,A158_A158103,103hathoud,hathood,hathood,hathoud
baamsavaadaa,A162_A162288,288Gleararet,०khadiyaavaanee,khadiyaavaanee,gleararet
naagour,A106_A106177,177Helvarg,hasainapuraa,hasainapuraa,helvarg
savaaeemaadhoopur,A091_A091171,171Stats,Sitor,sitor,stats
gamgaanagar,A006_A006008,8 68/2jeebee,० 68/2jeebee,jeebee,jeebee
h jaalour,A142_A142005,5siraanaa,Sirana,sirana,siraanaa
udayapur,A155_A155245,245dhooleekhed഼aa,dhooleekhedaa,dhooleekhedaa,dhooleekhedaa
bheelavaadaa,A182_A182063,63jahaajapur,jahaajapur,jahaajapur,jahaajapur
paalee,A121_A121202,202Tate,thakhathagadh഼,thakhathagadh,tate
naagour,A107_A107164,164saradaarapuraa kalaam,saradaarapuraa kalaam,saradaarapuraa kalaam,saradaarapuraa kalaam
alavar,A067_A067157,157looharavaadee,:,NA,looharavaadee
naagour,A113_A113206,206AHCAT,०makaraanaa,makaraanaa,ahcat
joodhapur,A122_A122155,155hindaal gool,gool hindaal,gool hindaal,hindaal gool
paalee,A116_A116004,mathadaan kendr kaa bhavan evam pathaa  :,kaikindadaa,kaikindadaa,NA
suajhhunoo,A026_A026019,19aasalavaas,०aasalavaas,aasalavaas,aasalavaas
bheelavaadaa,A182_A182007,7ooamchaa,uamchaa,uamchaa,ooamchaa
suajhhunoo,A029_A029213,mathadaan kendr kaa bhavan evam pathaa  :,khirood,khirood,NA
paalee,A116_A116053,53boogaasanee kalaam,boogaasanee,boogaasanee,boogaasanee kalaam
suajhhun,A026_A026121,121kuhaad഼avaas,kuhaadavaas,kuhaadavaas,kuhaadavaas
paalee,A116_A116017,17aanandapur kaaloo,aanandapur kaalu,aanandapur kaalu,aanandapur kaaloo
udayapur,A152_A152034,34naaee,०naaee,naaee,naaee
h karoulee,A084_A084122,122sapootaraa dvitheey bhaag,sapootaraa,sapootaraa,sapootaraa dvitheey
suajhhunoo,A030_A030069,69bhoud഼akee,bhoodakee,bhoodakee,bhoudakee
jaalour,A143_A143067,67kaaletee,Kaleti,kaleti,kaaletee
jaalour,A141_A141195,195raseeyaavaas,Rasiyawas,rasiyawas,raseeyaavaas
hi bharathapur,A070_A070068,68patharaalee,Pathrali,pathrali,patharaalee
baadamer,A136_A136051,51Gla dakshin,khookhar dakshin,khookhar dakshin,51gla dakshin
alavar,A062_A062047,47kaanhaavaas,०kaanhaavaas,kaanhaavaas,kaanhaavaas
ajamer,A099_A099209,209thabeejee,thabeejee (grameen,thabeejee grameen,thabeejee
h seekar,A038_A038183,183kurabad഼aa,krabad഼aa,krabadaa,kurabadaa
kootaa,A188_A188228,228devalee,devalee,devalee,devalee
udayapur,A149_A149074,74taamkadaa kee bhaagal,taamkadaa kee bhaagal,taamkadaa kee bhaagal,taamkadaa bhaagal
qe,A023_A023027,mathadaan kendr kaa bhavan evam pathaa  :,rathanagadh഼,rathanagadh,NA
joodhapur,A125_A125235,235bijaariyaa baavad഼ee,०bijavaadiyaa baavadee,bijavaadiyaa baavadee,bijaariyaa baavadee
booadee,A186_A186044,44boondee,boomdee,boomdee,boondee
seekar,A032_A032170,170kaaramgaa badaa,kaaramgaa badaa,kaaramgaa badaa,kaaramgaa badaa
suajhhunoo,A026_A026190,190udaamaandee,udaamaandee,udaamaandee,udaamaandee
joodhapur,A122_A122066,66baap,baap,baap,baap
suajhhun,A026_A026085,85ismaaeel pur,isamaail pur,isamaail pur,ismaaeel pur
jayapur,A045_A045181,181jhhaag,jhhaag,jhhaag,jhhaag
suajhhunoo,A028_A028163,163sat |e,hameeree khurd,hameeree khurd,163sat
jaalour,A141_A141159,159Breet,Jora,jora,breet
jayapur,A040_A040180,180bhooree bhadaaj,bhooree bhadaaj,bhooree bhadaaj,bhooree bhadaaj
karoulee,A081_A081055,55toodaabheem,toodaabheem,toodaabheem,toodaabheem
qe,A024_A024208,mathadaan kendr kaa bhavan evam pathaa  :,sujaanagadh഼,sujaanagadh,NA
toumk,A096_A096053,53maaliyoo kee jhhoopadiyaa,:,NA,maaliyoo jhhoopadiyaa
४bharathapur,A076_A076063,63bayaanaa,bayaanaa,bayaanaa,bayaanaa
naagour,A115_A115227,227mundagasooee,moondagasooee,moondagasooee,mundagasooee
suajhhunoo,A029_A029234,234toomk chhilaree,toomk chhilaree,toomk chhilaree,toomk chhilaree
bharathapur,A071_A071027,27mitthupuraa,Mitthoopura,mitthoopura,mitthupuraa
bharathapur,A072_A072052,52girase,Girse,girse,girase
jayapur,A044_A044047,47Peers Laat,kisanagadh഼ renavaal,kisanagadh renavaal,peers laat
jaalour,A141_A141133,133roond഼amaal kee dhaanee,Rundmal Ki Dhani,rundmal ki dhani,roondamaal dhaanee
qe,A022_A022128,128chooroo,chooru,chooru,chooroo
udayapur,A153_A153202,mathadaan kendr kaa bhavan evam pathaa  :,udayapur,udayapur,NA
bharathapur,A075_A075186,186raayapur,raayapur,raayapur,raayapur
qe,A019_A019107,107raajagadh,raajagadh഼,raajagadh,raajagadh
h jaalour,A144_A144210,210jhhaab,Jhab,jhab,jhhaab
chiththoudagadh,A168_A168268,268raavathabhaataa,०raavathabhaataa,raavathabhaataa,raavathabhaataa
naagour,A110_A110171,171dhumdhiyaadee,dhundhiyaadee,dhundhiyaadee,dhumdhiyaadee
ajamer,A103_A103038,38raamagadh഼ jhhoothaa,:,NA,raamagadh jhhoothaa
udayapur,A152_A152138,138bhuvaanaa,bhuvaanaa,bhuvaanaa,bhuvaanaa
suajhhunoo,A029_A029132,132Aas,navalagadh഼,navalagadh,132aas
alavar,A062_A062148,148thaseemg,thaseemg,thaseemg,thaseemg
udayapur,A152_A152086,mathadaan kendr kaa bhavan evam pathaa  :,udayapur,udayapur,NA
chooru,A021_A021137,137saradaarasahar,chooru,chooru,saradaarasahar
hanumaanagadh,A009_A009020,20sooraavaalee,sooraavaalee,sooraavaalee,sooraavaalee
savaaeemaadhoopur,A092_A092074,74devalee,devalee,devalee,devalee
naagour,A109_A109116,mathadaan kendr kaa bhavan evam pathaa  :,baasanee belimaa,baasanee belimaa,NA
kootaa,A192_A192158,158suketh,suketh,suketh,suketh
baadamer,A136_A136037,37paamchaa kee dhaanee,paamchaa kee dhaanee,paamchaa kee dhaanee,paamchaa dhaanee
raajasamand,A174_A174072,72goorelaakuaaam,goorelaakuaaam,goorelaakuaaam,goorelaakuaaam
paalee,A117_A117008,8choupadaa,choupadaa,choupadaa,choupadaa
jayapur,A040_A040176,176ajeethapuraa kalaam,ajeethapuraa kalaam,ajeethapuraa kalaam,ajeethapuraa kalaam
paalee,A118_A118037,37gadhavaadaa,gadhavaadaa,gadhavaadaa,gadhavaadaa
ajamer,A105_A105211,211devakhed഼ee,devakhed഼ee,devakhedee,devakhedee
savaaeemaadhoopur,A091_A091163,163livaalee,Liwali,liwali,livaalee
h baadamer,A139_A139192,192doulooniyoom kee dhaanee,Berdo Ka Pana,berdo ka pana,doulooniyoom dhaanee
hanumaanagadh,A008_A008091,mathadaan kendr kaa bhavan evam pathaa  :,hanumaanagadh഼,hanumaanagadh,NA
jayapur,A045_A045080,80doodoo,doodoo,doodoo,doodoo
jayapur,A044_A044152,152saambhar lek,saambhar nagar paalikaa,saambhar nagar paalikaa,saambhar lek
udayapur,A153_A153055,mathadaan kendr kaa bhavan evam pathaa  :,udayapur,udayapur,NA
chiththoudagadh,A168_A168286,mathadaan kendr kaa bhavan evam pathaa  :,०raavathabhaataa,raavathabhaataa,NA
gamgaanagar,A006_A006133,133 3Wadtare,3esateeaar,esateeaar,wadtare
jayapur,A043_A043201,201choumoo,choumoom,choumoom,choumoo
ajamer,A099_A099018,18paaladee bhoopathoothaan,paaladee bhoopathoothaan,paaladee bhoopathoothaan,paaladee bhoopathoothaan
naagour,A106_A106160,160ghirad഼oodaa meethaa,gheeradoodaa meethaa,gheeradoodaa meethaa,ghiradoodaa meethaa
h jaalour,A145_A145044,44sediyaa,Sediya,sediya,sediyaa
hi suajhhun,A031_A031215,"215kaamkariyaa,",०kamkaariyaa,kamkaariyaa,kaamkariyaa
ajamer,A098_A098049,49saamvathasar,kisanagadh (n.parishad,kisanagadh nparishad,saamvathasar
jayapur,A044_A044192,192naraayanaa,gaamv  ०naraayanaa,gaamv naraayanaa,naraayanaa
suajhhun,A029_A029011,11ghood഼eevaaraa kalaam,ghoodeevaaraa kalaam,ghoodeevaaraa kalaam,ghoodeevaaraa kalaam
raajasamand,A174_A174018,18sailaagudaa(baamyaa bhaag,sailaagudaa,sailaagudaa,sailaagudaabaamyaa
jayapur,A041_A041048,48relaa kaaroolee,kaaroolee,kaaroolee,relaa kaaroolee
jayapur,A044_A044040,40avast |e,baasadee khurd,baasadee khurd,avast
gamgaanagar,A003_A003019,19 2tee joodhevaalaa,2atee,atee,tee joodhevaalaa
dousaa,A086_A086079,79dhoulakhed഼aa,:,NA,dhoulakhedaa
hanumaanagadh,A008_A008121,hanumaanagadh taaoon,hanumaanagadh഼,hanumaanagadh,hanumaanagadh taaoon
toumk,A097_A097051,51maadhoosihapuraa urph doolathaa,devalee,devalee,maadhoosihapuraa urph doolathaa
jayapur,A041_A041050,50kaaroolee,kaaroolee,kaaroolee,kaaroolee
ajamer,A099_A099170,mathadaan kendr kaa bhavan evam pathaa  :,ganaahedaa,ganaahedaa,NA
jaalour,A144_A144124,124jaisalaa,Jaisla,jaisla,jaisalaa
naagour,A108_A108073,73Vara,aivaad,aivaad,vara
naagour,A106_A106132,132khamgaar,khamgaar,khamgaar,khamgaar
ajamer,A103_A103108,"108kaamlej rood഼, byaavar",byaavar,byaavar,kaamlej rood byaavar
h dousaa,A086_A086206,206thaalachid഼ee,:,NA,thaalachidee
baamsavaadaa,A162_A162073,73peepalakhoomt,peepal khumt,peepal khumt,peepalakhoomt
jaalour,A142_A142003,3chouchavaa,Chonchawan,chonchawan,chouchavaa
jayapur,A058_A058140,140wagqhkar,raayapuriyaa,raayapuriyaa,wagqhkar
siroohee,A148_A148184,184aakaraabhattaa-2,aaboorood,aaboorood,aakaraabhattaa
8toumk,A096_A096102,mathadaan kendr kaa bhavan evam pathaa  :,toomk,toomk,NA
alavar,A063_A063111,111baanasoor,baanasur,baanasur,baanasoor
bheelavaadaa,A181_A181186,186Fret sahanaa,kaadeesahanaa,kaadeesahanaa,fret sahanaa
bheelavaadaa,A182_A182061,61jahaajapur,jahaajapur,jahaajapur,jahaajapur
naagour,A114_A114154,154parabathasar,parabathasar,parabathasar,parabathasar
naagour,A114_A114108,108toorad഼aa panamvaad഼ee,tooradaa,tooradaa,tooradaa panamvaadee
seekar,A033_A033028,28baatad഼aanaaoo,baatadaanaaoo,baatadaanaaoo,baatadaanaaoo
jaalour,A143_A143033,33devadaa kaa gooleeyaa,Deoda Ka Goliya,deoda ka goliya,devadaa gooleeyaa
udayapur,A153_A153152,152mevaad഼ odyoogik kshethr udayapur,udayapur,udayapur,mevaad odyoogik kshethr udayapur
suajhhun,A029_A029177,177ATT,baay,baay,177att
gamgaanagar,A005_A005190,190 90st st,० 90jeebee,jeebee,st st
seekar,A039_A039203,203ajeethagadh഼,ajeethagadh,ajeethagadh,ajeethagadh
baamsavaadaa,A166_A166138,138baavadeepaadaa,baavad഼eepaad഼aa,baavadeepaadaa,baavadeepaadaa
hanumaanagadh,A007_A007054,54samgariyaa,samgariyaa,samgariyaa,samgariyaa
suajhhunoo,A029_A029127,127navalagadh,navalagadh഼,navalagadh,navalagadh
bharathapur,A070_A070155,155gundagaamv,Gurgaon,gurgaon,gundagaamv
hi bharathapur,A072_A072122,122sikarooree,sikarooree,sikarooree,sikarooree
naagour,A111_A111137,137med഼athaa,medathaasitee,medathaasitee,medathaa
suajhhunoo,A025_A025062,mathadaan kendr kaa bhavan evam pathaa  :,vidyaa vihaar pilaanee,vidyaa vihaar pilaanee,NA
raajasamand,A175_A175062,62saamgath kalaam,saamgath kalaam,saamgath kalaam,saamgath kalaam
bheelavaadaa,A181_A181088,88koodalaaee,koodalaaee,koodalaaee,koodalaaee
chiththoudagadh,A168_A168165,165baamanahedaa,baamanahaidaa,baamanahaidaa,baamanahedaa
naagour,A113_A113109,109pattee doobariyaa,itaavaa baamarniyaa,itaavaa baamarniyaa,pattee doobariyaa
jayapur,A045_A045156,156ganesapuraa,ganesapuraa,ganesapuraa,ganesapuraa
jaalour,A142_A142033,33bhundavaa,Bhundwa,bhundwa,bhundavaa
paalee,A116_A116102,102devariyaa,devariyaa,devariyaa,devariyaa
udayapur,A150_A150138,138dhi൦amad഼ee,dhi൦amad഼ee,dhiamadee,dhiamadee
baaraa,A196_A196162,mathadaan kendr kaa bhavan evam pathaa  :,chhabadaa,chhabadaa,NA
udayapur,A153_A153125,mathadaan kendr kaa bhavan evam pathaa  :,udayapur,udayapur,NA
jaalour,A143_A143005,5soobadaavaas,०Sobrawas,sobrawas,soobadaavaas
hanumaanagadh,A009_A009015,15amarasimhavaalaa,amarasimhavaalaa,amarasimhavaalaa,amarasimhavaalaa
jayapur,A042_A042167,167faarer,bidaaraa,bidaaraa,faarer
ajamer,A098_A098199,199tikaavadaa,tikaavadaa,tikaavadaa,tikaavadaa
h jaalour,A142_A142247,247bhaagalee sindhalaan,Bhagli Sindhlan,bhagli sindhlan,bhaagalee sindhalaan
bharathapur,A071_A071070,70bhaavalee,Bhavli,bhavli,bhaavalee
udayapur,A152_A152246,246goojyaa,goojyaa,goojyaa,goojyaa
8baadamer,A137_A137230,230raniyaa deseepuraa,Raniya Desipura,raniya desipura,raniyaa deseepuraa
toumk,A094_A094271,271bootoondaa,bootoondaa,bootoondaa,bootoondaa
seekar,A038_A038235,235thikariyaa,०theekariyaa,theekariyaa,thikariyaa
alavar,A062_A062102,102maajareekalaam,maajaree kalaa,maajaree kalaa,maajareekalaam
gamgaanagar,A001_A001061,mathadaan kendr kaa bhavan evam pathaa  :,15F Il BARA,15f il bara,NA
udayapur,A156_A156290,290dagaar,dagaar,dagaar,dagaar
joodhapur,A130_A130144,144sivagaamv,०sivagaav,sivagaav,sivagaamv
udayapur,A153_A153064,mathadaan kendr kaa bhavan evam pathaa  :,udayapur,udayapur,NA
baadamer,A137_A137114,114baalootharaa,०baalootharaa,baalootharaa,baalootharaa
8jaisalamer,A133_A133246,246phaajaloonee mureed,phaajaloonee mureed,phaajaloonee mureed,phaajaloonee mureed
jaalour,A145_A145008,8naagoolad഼ee,Nagolri,nagolri,naagooladee
suajhhunoo,A031_A031120,120khethad഼ee,khethadee,khethadee,khethadee
suajhhunoo,A027_A027133,133joodiyaa,jood഼iyaa,joodiyaa,joodiyaa
naagour,A113_A113242,242joosaree,joosaree,joosaree,joosaree
joodhapur,A130_A130235,235paal,paal,paal,paal
udayapur,A153_A153102,mathadaan kendr kaa bhavan evam pathaa  :,udayapur,udayapur,NA
toumk,A097_A097090,90nayaagaamv goothadaa,०nayaagaav goothadaa,nayaagaav goothadaa,nayaagaamv goothadaa
bharathapur,A074_A074251,251kunder,Kunder,kunder,kunder
hi suajhhun,A028_A028203,203vaahidapuraa,vaahidapuraa,vaahidapuraa,vaahidapuraa
seekar,A036_A036155,155geeloom kee dhaanee,geeloom kee dhaanee,geeloom kee dhaanee,geeloom dhaanee
ajamer,A104_A104272,272paad഼aliyaa,paadaliyaa (bhinaay,paadaliyaa bhinaay,paadaliyaa
paalee,A120_A120140,140sreeselaa,sree selaa,sree selaa,sreeselaa
qe,A021_A021190,190dhaanee paamcheraa,dhaanee paamcheraa,dhaanee paamcheraa,dhaanee paamcheraa
suajhhunoo,A025_A025005,5mandrelaa,mandrelaa,mandrelaa,mandrelaa
bharathapur,A075_A075010,10naivaadee,nevaadee,nevaadee,naivaadee
jayapur,A040_A040170,170pavaanaa aheer,pavaanaa aheer,pavaanaa aheer,pavaanaa aheer
naagour,A114_A114138,138meethad഼ee,meethadee,meethadee,meethadee
hi suajhhun,A030_A030234,234pachalamgee,०pachalamgee,pachalamgee,pachalamgee
bheelavaadaa,A181_A181005,5vijayapur,vijayapur,vijayapur,vijayapur
8jaalour,A143_A143106,106banu kee dhaanee,Vanu Ki Dhani,vanu ki dhani,banu dhaanee
chiththoudagadh,A168_A168267,267raavathabhaataa,०raavathabhaataa,raavathabhaataa,raavathabhaataa
baaraa,A196_A196174,174GaST,chhabadaa,chhabadaa,gast
udayapur,A151_A151090,90khootavaadaa,khootavaadaa,khootavaadaa,khootavaadaa
seekar,A039_A039098,98deraavaalee,deraavaalee,deraavaalee,deraavaalee
naagour,A114_A114127,127saragooth,saragooth,saragooth,saragooth
ajamer,A098_A098241,241bhagavanthapuraa,bhagavanthapuraa,bhagavanthapuraa,bhagavanthapuraa
jaalour,A144_A144300,300WaTTTAT,Pratapgarh,pratapgarh,watttat
jayapur,A041_A041117,117baadee joodee,baadeejoodee,baadeejoodee,baadee joodee
jayapur,A043_A043196,mathadaan kendr kaa bhavan evam pathaa  :,choumoom,choumoom,NA
ajamer,A098_A098117,117Fears),kisanagadh (n.parishad,kisanagadh nparishad,fears
booadee,A186_A186043,43boondee,boomdee,boomdee,boondee
hi suajhhun,A029_A029033,33kaseroo,०kaseroo,kaseroo,kaseroo
suajhhun,A025_A025208,208bigoodanaa,bigoodanaa,bigoodanaa,bigoodanaa
suajhhunoo,A028_A028091,91beedaasar,beedaasar,beedaasar,beedaasar
h dousaa,A086_A086205,205ond meenaa,:,NA,205ond meenaa
beekaaner,A014_A014131,131beekaaner,beekaaner,beekaaner,beekaaner
karoulee,A081_A081099,99badaletaa bujurg,badaletaa bujurg,badaletaa bujurg,badaletaa bujurg
jaalour,A142_A142188,188theekhee,Teekhi,teekhi,theekhee
udayapur,A153_A153050,mathadaan kendr kaa bhavan evam pathaa  :,udayapur,udayapur,NA
baadamer,A137_A137107,107baalootharaa,०baalootharaa,baalootharaa,baalootharaa
bharathapur,A071_A071002,2daayanaa baas,Bas Dayana,bas dayana,daayanaa baas
seekar,A036_A036173,173ATT,०baay,baay,173att
savaaeemaadhoopur,A090_A090076,76udeee kalaa,udeikalaam,udeikalaam,udeee kalaa
gamgaanagar,A005_A005202,202 1bee el em,1BLM,1blm,bee el em
joodhapur,A131_A131126,126thilavaasanee,:,NA,thilavaasanee
seekar,A039_A039001,1kachamnapur,kamchanapur,kamchanapur,kachamnapur
jhhaalaavaad,A198_A198070,70jhhaalaraapaatan,jhhaalaraapaatan,jhhaalaraapaatan,jhhaalaraapaatan
qe,A023_A023071,71rathanagadh,rathanagadh഼,rathanagadh,rathanagadh
suajhhunoo,A025_A025190,190chid഼aavaa,chid഼aavaa,chidaavaa,chidaavaa
bheelavaadaa,A181_A181146,146badesaraa,badesaraa,badesaraa,badesaraa
beekaaner,A017_A017077,77sreedoomgaragadh,sree doomgaragadh഼,sree doomgaragadh,sreedoomgaragadh
qe,A021_A021079,79seegadee,sigad഼ee,sigadee,seegadee
alavar,A059_A059179,179thijaaraa,thijaaraa,thijaaraa,thijaaraa
naagour,A113_A113117,117itaavaa laakhaa,itaavaa laakhaa,itaavaa laakhaa,itaavaa laakhaa
gamgaanagar,A006_A006030,30anoopagadh഼,anoopagadh഼,anoopagadh,anoopagadh
alavar,A059_A059015,15bhivaad഼ee,bhivaadee,bhivaadee,bhivaadee
joodhapur,A122_A122008,8saamvaraa gaaഁav,०saamvaraa gaaഁav,saamvaraa gaaav,saamvaraa gaaav
qe,A024_A024082,82dhooraa kee dhaanee,dhooraa kee dhaanee,dhooraa kee dhaanee,dhooraa dhaanee
naagour,A113_A113086,86jasavanthapuraa,jasavanthapuraa,jasavanthapuraa,jasavanthapuraa
jaalour,A142_A142063,63pooshaanaa,Posana,posana,pooshaanaa
suajhhun,A027_A027165,mathadaan kendr kaa bhavan evam pathaa  :,islaamapur,islaamapur,NA
hanumaanagadh,A008_A008017,mathadaan kendr kaa bhavan evam pathaa  :,11 01.7?(dhooleepaal,dhooleepaal,NA
hi suajhhun,A030_A030200,200mandaavaraa,०mandaavaraa,mandaavaraa,mandaavaraa
gamgaanagar,A001_A001054,54 9kyoo,90,NA,kyoo
baamsavaadaa,A164_A164176,176phephar,PHEPHAR,phephar,phephar
doomgarapur,A158_A158157,157doomgarapur,dooഁagarapur,dooagarapur,doomgarapur
qe,A021_A021185,185khejadaa dikhanaadaa,khejad഼aa dikhanaadaa,khejadaa dikhanaadaa,khejadaa dikhanaadaa
gamgaanagar,A003_A003137,137gajasimhapur krishn mamndir ke paas,gajasimhapur,gajasimhapur,gajasimhapur krishn mamndir
alavar,A059_A059159,159bhoojaavaas,bhoojaavaas,bhoojaavaas,bhoojaavaas
h baadamer,A136_A136205,205leelaalaa,leelaalaa,leelaalaa,leelaalaa
suajhhun,A028_A028232,232chatharapuraa,chatharapuraa,chatharapuraa,chatharapuraa
udayapur,A156_A156245,245tharood഼aa,tharoodaa,tharoodaa,tharoodaa
jaalour,A142_A142235,mathadaan kendr kaa bhavan evam pathaa  :,jaaloor,jaaloor,NA
alavar,A059_A059180,180thijaaraa,thijaaraa,thijaaraa,thijaaraa
४paalee,A117_A117175,175Areva,gaamv chandaaval,gaamv chandaaval,areva
ajamer,A105_A105159,159boogalaa,boogalaa,boogalaa,boogalaa
udayapur,A155_A155076,76gupad഼ee,gupad഼ee,gupadee,gupadee
hanumaanagadh,A009_A009160,160thaakaruvaalaa,:,NA,thaakaruvaalaa
udayapur,A155_A155109,109ear,:,NA,109ear
8savaaeemaadhoopur,A091_A091208,208naaroolee choud഼,Naroli Chaur,naroli chaur,naaroolee choud
jaalour,A143_A143098,98vaadaa bhaadavee,Vada Bharvi,vada bharvi,vaadaa bhaadavee
jayapur,A042_A042172,mathadaan kendr kaa bhavan evam pathaa  :,saahapuraa,saahapuraa,NA
h paalee,A117_A117223,mathadaan kendr kaa bhavan evam pathaa  :,jhhoothaa,jhhoothaa,NA
h baaraa,A193_A193061,61maamgarool,maamgarool,maamgarool,maamgarool
paalee,A116_A116226,226reladaa,Relra,relra,reladaa
suajhhunoo,A025_A025063,mathadaan kendr kaa bhavan evam pathaa  :,vidyaa vihaar pilaanee,vidyaa vihaar pilaanee,NA
suajhhun,A027_A027038,38AAT,jhhujhhanoom,jhhujhhanoom,38aat
jaalour,A144_A144102,102kaachhelaa,Kachhela,kachhela,kaachhelaa
joodhapur,A131_A131080,80bagad഼akee,:,NA,bagadakee
alavar,A059_A059136,136bichhaalaa,bichhaalaa,bichhaalaa,bichhaalaa
qe,A021_A021023,23bheeyaasar,bheeyaasar,bheeyaasar,bheeyaasar
bharathapur,A071_A071026,26belaa,Bela,bela,belaa
beekaaner,A017_A017096,96sreedoomgaragadh,sree doomgaragadh഼,sree doomgaragadh,sreedoomgaragadh
hi suajhhun,A028_A028226,226ranajeethapuraa,gaamv  ०ranajeethapuraa,gaamv ranajeethapuraa,ranajeethapuraa
h dousaa,A086_A086026,26jhhooഁathaahed഼aa khurd,jhhoothaahedaa khurd,jhhoothaahedaa khurd,jhhooathaahedaa khurd
jaalour,A143_A143068,68kaaletee,Kaleti,kaleti,kaaletee
toumk,A094_A094218,218kootadee,kootad഼ee,kootadee,kootadee
gamgaanagar,A003_A003036,36 25WT,25ech,25ech,NA
jayapur,A044_A044039,39avast |e,baasadee khurd,baasadee khurd,avast
chiththoudagadh,A168_A168276,276raavathabhaataa,०raavathabhaataa,raavathabhaataa,raavathabhaataa
jaalour,A144_A144290,290laachhadee,Lachhri,lachhri,laachhadee
naagour,A107_A107121,121peed഼avaa,pidavaa,pidavaa,peedavaa
qe,A022_A022218,218baalaraasar thamvaraan,:,NA,baalaraasar thamvaraan
ajamer,A100_A100116,mathadaan kendr kaa bhavan evam pathaa  :,ajamer (nagar nigam,ajamer nagar nigam,NA
suajhhun,A029_A029054,54dudaanaa kaa baas,doodaanaa kaa baas,doodaanaa kaa baas,dudaanaa baas
alavar,A062_A062211,211fea,dhees,dhees,211fea
naagour,A115_A115194,194raajaas,raajaas,raajaas,raajaas
jaisalamer,A132_A132298,298saamvathaa,saamvathaa,saamvathaa,saamvathaa
udayapur,A149_A149133,133paamchaavathoo kee bhaagal,paamchaavathoom kee bhaagal,paamchaavathoom kee bhaagal,paamchaavathoo bhaagal
udayapur,A153_A153101,mathadaan kendr kaa bhavan evam pathaa  :,udayapur,udayapur,NA
gamgaanagar,A001_A001082,8210UT UT,101,NA,8210ut ut
hi suajhhun,A029_A029255,255chiraanaa,chiraanaa,chiraanaa,chiraanaa
gamgaanagar,A003_A003193,193 6sx Ft Hersh,6aarabee,aarabee,sx ft hersh
ajamer,A098_A098085,85madanagamj,kisanagadh (n.parishad,kisanagadh nparishad,madanagamj
udayapur,A157_A157028,28arefisita,kaalee bheeth,kaalee bheeth,arefisita
jayapur,A045_A045180,180ATT,jhhaag,jhhaag,180att
toumk,A095_A095154,154pahaad഼ee,:,NA,pahaadee
alavar,A059_A059173,173thijaaraa,thijaaraa,thijaaraa,thijaaraa
udayapur,A152_A152104,mathadaan kendr kaa bhavan evam pathaa  :,udayapur,udayapur,NA
h dousaa,A086_A086024,24baalaahed഼aa,baalaahedaa,baalaahedaa,baalaahedaa
savaaeemaadhoopur,A090_A090075,75udeee kalaa,udeikalaam,udeikalaam,udeee kalaa
gamgaanagar,A005_A005248,248 48jee bee e,48GB-A,48gba,jee bee
jayapur,A045_A045237,237lasaad഼iyaa,lasaadiyaa,lasaadiyaa,lasaadiyaa
kootaa,A192_A192173,173saathalakhedee,०saathalakhedee,saathalakhedee,saathalakhedee
gamgaanagar,A005_A005218,218 1e pee dee,1APD,1apd,e pee dee
naagour,A106_A106184,184ambaapaa,ambaapaa,ambaapaa,ambaapaa
naagour,A110_A110212,212kucheraa,kucheraa,kucheraa,kucheraa
naagour,A106_A106007,7laadanoom,ast,ast,laadanoom
ajamer,A105_A105143,143kekad഼ee,kekadee,kekadee,kekadee
qe,A019_A019090,90UTS,raajagadh഼,raajagadh,90uts
qe,A023_A023001,1laachhad഼asar,laachhadasar,laachhadasar,laachhadasar
alavar,A068_A068060,60raajagadh,raajagadh഼,raajagadh,raajagadh
ajamer,A105_A105163,163mevadaakalaam,०mevadaa kalaam,mevadaa kalaam,mevadaakalaam
ajamer,A098_A098046,46saavamthasar,kisanagadh (n.parishad,kisanagadh nparishad,saavamthasar
8gamgaanagar,A006_A006019,19 1e-e,e,NA,NA
beekaaner,A015_A015238,238desanook,desanook,desanook,desanook
seekar,A034_A034136,"maadhyamik vidhaalay, harsh (daayaam bhaag",ay,NA,vidhaalay harsh daayaam
bheelavaadaa,A182_A182006,6ooamchaa,uamchaa,uamchaa,ooamchaa
chooru,A021_A021130,130saradaarasahar,saradaarasahar,saradaarasahar,saradaarasahar
naagour,A113_A113003,3Erefsoar,khaaradi0൦ayaa,khaaradi ayaa,erefsoar
dousaa,A089_A089130,130nirsaranaa,nirsaranaa,nirsaranaa,nirsaranaa
booadee,A186_A186244,244FATSST,bhoomaakhedaa,bhoomaakhedaa,fatsst
baadamer,A137_A137082,82baalootharaa,baalootharaa,baalootharaa,baalootharaa
gamgaanagar,A004_A004104,104soorathagadh,soorathagadh഼,soorathagadh,soorathagadh
joodhapur,A122_A122141,141rad഼akaa beraa,radakaa puraa,radakaa puraa,radakaa beraa
dousaa,A088_A088171,171lavaan,lavaan,lavaan,lavaan
qe,A022_A022103,mathadaan kendr kaa bhavan evam pathaa  :,chooru,chooru,NA
hi joodhapur,A123_A123078,78kooloo raathoudaa,Kolu Rathoron,kolu rathoron,kooloo raathoudaa
jaalour,A145_A145155,155joodavaas,Jorwas,jorwas,joodavaas
seekar,A037_A037015,15Hlest luhaaravaas,kootadee luhaaravaas,kootadee luhaaravaas,hlest luhaaravaas
seekar,A033_A033101,mathadaan kendr kaa bhavan evam pathaa  :,naroodadaa,naroodadaa,NA
jhhaalaavaad,A197_A197057,mathadaan kendr kaa bhavan evam pathaa  :,bhavaaneemandee,bhavaaneemandee,NA
ajamer,A100_A100074,mathadaan kendr kaa bhavan evam pathaa  :,ajamer (nagar nigam,ajamer nagar nigam,NA
ajamer,A105_A105052,52saathoolaav,saathoolaav,saathoolaav,saathoolaav
prathaapagadh,A172_A172117,117bilad഼ee,biladee,biladee,biladee
alavar,A060_A060188,188kisanagadh baas,kisanagadhabaas,kisanagadhabaas,kisanagadh baas
ajamer,A102_A102155,155Aug,aug,aug,155aug
bheelavaadaa,A182_A182078,78dhood,dhood഼,dhood,dhood
hi suajhhun,A030_A030015,15bhaateevaad഼,bhaateevaad,bhaateevaad,bhaateevaad
suajhhunoo,A030_A030214,214khouh,khouh,khouh,khouh
joodhapur,A131_A131145,145peepaad sahar,pipaad sahar,pipaad sahar,peepaad sahar
suajhhun,A031_A031188,"188rasoolapur,",rasoolapur,rasoolapur,rasoolapur
karoulee,A083_A083120,120choor khid഼akiyaa karoulee,karoulee,karoulee,choor khidakiyaa karoulee
alavar,A062_A062153,153gaadooj,gaadooj,gaadooj,gaadooj
gamgaanagar,A003_A003113,113 58eph,58eph,58eph,eph
gamgaanagar,A006_A006138,138 2Wadtare,2esateeaar,esateeaar,wadtare
suajhhunoo,A025_A025124,124haripuraa,haripuraa,haripuraa,haripuraa
naagour,A113_A113179,179puroohithoo kee dhaanee (joosariyaa,puroohithoom kee dhaanee,puroohithoom kee dhaanee,puroohithoo dhaanee joosariyaa
toumk,A097_A097140,140dhuvaamkalaa,dhumaa kalaa,dhumaa kalaa,dhuvaamkalaa
jaalour,A142_A142141,141noon,Noon,noon,noon
h seekar,A032_A032069,69sekheesar,sekheesar,sekheesar,sekheesar
bharathapur,A072_A072070,70gharavaaree,Badangarh,badangarh,gharavaaree
h seekar,A039_A039216,216maanagadh഼,maanagadh,maanagadh,maanagadh
aad,A031_A031096,mathadaan kendr kaa bhavan evam pathaa  :,daadaa phathehapuraa,daadaa phathehapuraa,NA
paalee,A117_A117227,mathadaan kendr kaa bhavan evam pathaa  :,raayapur,raayapur,NA
bheelavaadaa,A181_A181244,244ganapathiyaa khedaa,ganapathiyaa khedaa,ganapathiyaa khedaa,ganapathiyaa khedaa
naagour,A115_A115119,119kuchaaman sitee,kuchaaman sitee,kuchaaman sitee,kuchaaman sitee
naagour,A107_A107234,234dhanakoolee,dhanakoulee,dhanakoulee,dhanakoolee
baadamer,A138_A138014,14kamathaaee,PASTS,pasts,kamathaaee
ajamer,A105_A105190,mathadaan kendr kaa bhavan evam pathaa  :,praamhed഼aa,praamhedaa,NA
udayapur,A153_A153191,191bhattiyaanee choottaa udayapur,udayapur,udayapur,bhattiyaanee choottaa udayapur
४bharathapur,A076_A076072,72bayaanaa,bayaanaa,bayaanaa,bayaanaa
alavar,A062_A062069,mathadaan kendr kaa bhavan evam pathaa  :,doomaroolee,doomaroolee,NA
jaalour,A145_A145035,35timtoop,Teetop,teetop,timtoop
joodhapur,A123_A123002,2khedaa baagoodiyaa,gaamv  ०khed഼aa bagoodiyaa,gaamv khedaa bagoodiyaa,khedaa baagoodiyaa
jayapur,A044_A044091,91mamdhaa bheemasimh,madaa bheemasimh,madaa bheemasimh,mamdhaa bheemasimh
gamgaanagar,A005_A005058,58bisanapuraa  (30pee es e,30PS-A,30psa,bisanapuraa pee es
h seekar,A035_A035022,22lakshmanaa kaa baas,lakshmanaa kaa baas,lakshmanaa kaa baas,lakshmanaa baas
raajasamand,A176_A176034,34baamanahedaa (daamyaa bhaag,baamanahedaa,baamanahedaa,baamanahedaa daamyaa
ajamer,A098_A098089,89madanagamj,kisanagadh (n.parishad,kisanagadh nparishad,madanagamj
paalee,A116_A116225,225reladaa,Relra,relra,reladaa
ajamer,A102_A102181,181dilavaad഼ee,dilavaad഼ee,dilavaadee,dilavaadee
ajamer,A099_A099172,172ganaahedaa,ganaahedaa,ganaahedaa,ganaahedaa
gamgaanagar,A003_A003022,22kesareesimhapur,०kesareesimhapur,kesareesimhapur,kesareesimhapur
hi suajhhun,A026_A026071,71pichaanavaasee,०pichaanavaasee,pichaanavaasee,pichaanavaasee
alavar,A059_A059009,9AATATT,bhivaadee,bhivaadee,aatatt
jhhaalaavaad,A200_A200192,192GST,khejadaa,khejadaa,192gst
dousaa,A088_A088138,138dousaa,dousaa,dousaa,dousaa
qe,A024_A024193,193sujaanagadh,sujaanagadh഼,sujaanagadh,sujaanagadh
hanumaanagadh,A009_A009167,167 18esapee൦adee൦,18es pee dee,18es pee dee,esapeeadee
suajhhunoo,A031_A031136,136WALTTT,jasaraapur,jasaraapur,walttt
suajhhun,A030_A030095,95toodee,toodee,toodee,toodee
toumk,A097_A097043,43devalee,devalee nagarapaalikaa,devalee nagarapaalikaa,devalee
gamgaanagar,A001_A001175,mathadaan kendr kaa bhavan evam pathaa  :,8LLG (Lalgarh),8llg lalgarh,NA
baamsavaadaa,A164_A164094,94baamsavaadaa,baamsavaad഼aa,baamsavaadaa,baamsavaadaa
suajhhun,A027_A027009,9jhhunjhhunoo,jhhujhhanoom,jhhujhhanoom,jhhunjhhunoo
ajamer,A098_A098176,176bhaamvasaa,bhaamvasaa,bhaamvasaa,bhaamvasaa
hi jayapur,A045_A045223,223ghatiyaalee,gaamv  ०ghatiyaalee,gaamv ghatiyaalee,ghatiyaalee
hanumaanagadh,A010_A010011,11poohadakaa,poohadakaa,poohadakaa,poohadakaa
karoulee,A081_A081095,95naamgal sairapur,naamgal serapur,naamgal serapur,naamgal sairapur
baaraa,A196_A196158,mathadaan kendr kaa bhavan evam pathaa  :,chhabadaa,chhabadaa,NA
8jaalour,A142_A142006,6lumbaa kee dhaanee,Lumba Ki Dhani,lumba ki dhani,lumbaa dhaanee
udayapur,A157_A157137,137devagaav,Deo-Gaon,deogaon,devagaav
suajhhunoo,A025_A025146,146goovindapuraa,goovindapuraa,goovindapuraa,goovindapuraa
raajasamand,A173_A173180,180vijayapuraa,vijayapuraa,vijayapuraa,vijayapuraa
suajhhunoo,A029_A029206,mathadaan kendr kaa bhavan evam pathaa  :,०basaavaa,basaavaa,NA
bheelavaadaa,A183_A183044,44gegaakaakhedaa,gegaa kaa khed഼aa,gegaa kaa khedaa,gegaakaakhedaa
seekar,A032_A032133,mathadaan kendr kaa bhavan evam pathaa  :,phathehapur,phathehapur,NA
suajhhunoo,A031_A031145,145ASTS,gaamv badaau,gaamv badaau,asts
hanumaanagadh,A009_A009183,183bhaakharaamvaalaa,bhaakharaavaalee,bhaakharaavaalee,bhaakharaamvaalaa
savaaeemaadhoopur,A090_A090170,170choolee,gaamv choolee (graameen,gaamv choolee graameen,choolee
hanumaanagadh,A009_A009090,90dulamaanaa  (7pee bee en,dulamaanaa,dulamaanaa,dulamaanaa pee bee en
savaaeemaadhoopur,A090_A090195,195khudasyaa,Khudsya,khudsya,khudasyaa
raajasamand,A175_A175024,24kelavaa,०kelavaa,kelavaa,kelavaa
baadamer,A136_A136083,mathadaan kendr kaa bhavan evam pathaa  :,naagaanaa thalaa,naagaanaa thalaa,NA
hi suajhhun,A029_A029252,252chiraanaa,chiraanaa,chiraanaa,chiraanaa
raajasamand,A173_A173217,217paamthaa kee aaamthee,०paamthaa kee aaamthee,paamthaa kee aaamthee,paamthaa aaamthee
bheelavaadaa,A181_A181262,262naee raajyaas,naee raajyaas,naee raajyaas,naee raajyaas
raajasamand,A176_A176022,22sisoodaa khurd,sisoodaa khurd,sisoodaa khurd,sisoodaa khurd
jaalour,A142_A142050,50roohinavaadaa,Rohinwara,rohinwara,roohinavaadaa
kootaa,A187_A187189,189bad഼ood,8100,NA,badood
jayapur,A045_A045263,263moohanapuraa raajaavathaan,moohanapuraa raajaavathaan,moohanapuraa raajaavathaan,moohanapuraa raajaavathaan
baamsavaadaa,A164_A164088,88baamsavaadaa,baamsavaad഼aa,baamsavaadaa,baamsavaadaa
savaaeemaadhoopur,A090_A090134,134gamgaapur kachaharee rood഼,gamgaapur sitee,gamgaapur sitee,gamgaapur kachaharee rood
udayapur,A150_A150158,158goodaavaadaa,goodaavaadaa,goodaavaadaa,goodaavaadaa
hanumaanagadh,A007_A007103,103khaaraa khed഼aa,1seedeeaar (khaaraakhed഼aa,seedeeaar khaaraakhedaa,khaaraa khedaa
bharathapur,A071_A071085,85jhheetharedee,Jheetredi,jheetredi,jhheetharedee
bheelavaadaa,A181_A181201,201THGHSST,bachchhakhedaa,bachchhakhedaa,thghsst
alavar,A060_A060119,mathadaan kendr kaa bhavan evam pathaa  :,Girwas,girwas,NA
udayapur,A149_A149188,188choor baavadee,choor vaavadee,choor vaavadee,choor baavadee
gamgaanagar,A003_A003021,21Helaax,०kesareesimhapur,kesareesimhapur,helaax
naagour,A108_A108042,42jaanevaa paschim,jaanevaa paschim,jaanevaa paschim,jaanevaa paschim
suajhhun,A027_A027056,56jhhunjhhunoo,jhhujhhanoom,jhhujhhanoom,jhhunjhhunoo
udayapur,A153_A153171,mathadaan kendr kaa bhavan evam pathaa  :,udayapur,udayapur,NA
baamsavaadaa,A163_A163243,243koohaalaa,:,NA,koohaalaa
seekar,A036_A036148,148khaatoosyaamajee,khaatoo syaam,khaatoo syaam,khaatoosyaamajee
udayapur,A156_A156255,255dhaarood,dhaarood,dhaarood,dhaarood
naagour,A113_A113037,37raayathaliyaa,०raayathaliyaa,raayathaliyaa,raayathaliyaa
alavar,A067_A067037,37nougaavaam,Naugawan,naugawan,nougaavaam
baadamer,A138_A138012,12Waret Arasit,०evaadee maanajee,evaadee maanajee,waret arasit
baadamer,A136_A136289,289paatoudee,paatoudee,paatoudee,paatoudee
baadamer,A136_A136073,73syaamapuraa,syaamapuraa,syaamapuraa,syaamapuraa
gamgaanagar,A003_A003182,18214FEU,14eeeee,eeeee,18214feu
hanumaanagadh,A007_A007132,132kulachandr,7seedeeaar (kulachandr,seedeeaar kulachandr,kulachandr
jaisalamer,A133_A133188,188raathadiyaa  |,raathadiyaa,raathadiyaa,raathadiyaa
alavar,A068_A068065,65UMTS,raajagadh഼,raajagadh,umts
dhoulapur,A078_A078190,190gumat baadee,baadee,baadee,gumat baadee
baamsavaadaa,A164_A164081,mathadaan kendr kaa bhavan evam pathaa  :,baamsavaad഼aa,baamsavaadaa,NA
baadamer,A136_A136287,287ikad഼aanee,ikad഼aanee,ikadaanee,ikadaanee
gamgaanagar,A003_A003115,115 1ephaeph e,० 1ephaephae,ephaephae,ephaeph
hi suajhhun,A026_A026063,63chourood഼ee agunee,chouraadee,chouraadee,chouroodee agunee
bharathapur,A075_A075169,mathadaan kendr kaa bhavan evam pathaa  :,bhusaavar,bhusaavar,NA
alavar,A063_A063164,164bilaath,Beelath,beelath,bilaath
booadee,A184_A184104,104nainavaam,०nenavaam,nenavaam,nainavaam
udayapur,A157_A157068,68valiyaa khedaa,valiyaa khedaa,valiyaa khedaa,valiyaa khedaa
udayapur,A153_A153086,86yoonivarsitee rood udayapur,udayapur,udayapur,yoonivarsitee rood udayapur
ajamer,A100_A100018,mathadaan kendr kaa bhavan evam pathaa  :,ajamer (nagar nigam,ajamer nagar nigam,NA
ajamer,A100_A100081,mathadaan kendr kaa bhavan evam pathaa  :,ajamer (nagar nigam,ajamer nagar nigam,NA
toumk,A094_A094246,246toodaaraayasimh,toodaaraayasimh,toodaaraayasimh,toodaaraayasimh
h baadamer,A138_A138110,110bhaagavaa,bhaagavaa,bhaagavaa,bhaagavaa
seekar,A038_A038051,51dalapathapuraa,dalapathapuraa,dalapathapuraa,dalapathapuraa
hi jayapur,A040_A040073,73kootapoothalee,kootapoothalee,kootapoothalee,kootapoothalee
prathaapagadh,A172_A172127,127keetakhedee,keetakhedee,keetakhedee,keetakhedee
8toumk,A096_A096120,120toomk,toomk,toomk,toomk
joodhapur,A130_A130193,193khaaraaberaa puroohithaan,khaaraa beraa pooroohithaan,khaaraa beraa pooroohithaan,khaaraaberaa puroohithaan
karoulee,A082_A082015,15badaletaa khurd,badaletaa kh‌൦൦ardad,badaletaa khardad,badaletaa khurd
udayapur,A156_A156159,159sallaad഼aa,salal‍laadaa,salallaadaa,sallaadaa
prathaapagadh,A172_A172073,73soorajapaal prathaapagadh,prathaapagadh഼,prathaapagadh,soorajapaal prathaapagadh
hi suajhhun,A027_A027230,230bhad഼andaa kalaam,bhadundaa kalaa,bhadundaa kalaa,bhadandaa kalaam
beekaaner,A012_A012002,WT TAT,Ballar,ballar,wt tat
kootaa,A192_A192126,126dudakalee,dud഼akalee,dudakalee,dudakalee
toumk,A094_A094201,mathadaan kendr kaa bhavan evam pathaa  :,०pamvaaliyaa,pamvaaliyaa,NA
seekar,A039_A039209,209ajeethagadh഼,ajeethagadh,ajeethagadh,ajeethagadh
hanumaanagadh,A007_A007100,100khaaraa Ast,1seedeeaar (khaaraakhed഼aa,seedeeaar khaaraakhedaa,khaaraa ast
beekaaner,A014_A014186,186beekaaner,beekaaner,beekaaner,beekaaner
gamgaanagar,A004_A004081,81jaithasar,JETSAR,jetsar,jaithasar
savaaeemaadhoopur,A092_A092189,189Weasel qe,savaaee maadhoopur,savaaee maadhoopur,weasel qe
ajamer,A099_A099213,mathadaan kendr kaa bhavan evam pathaa  :,douraaee (graameen,douraaee graameen,NA
suajhhunoo,A031_A031122,122beelavaa,beelavaa,beelavaa,beelavaa
hi bharathapur,A071_A071159,159paatakaa,Pathaka,pathaka,paatakaa
gamgaanagar,A006_A006179,"179 1esaelakesee-see, jaalavaalee",see,see,esaelakeseesee jaalavaalee
jayapur,A045_A045200,200saamvaa kaa baas,saavaa kaa baas,saavaa kaa baas,saamvaa baas
chiththoudagadh,A168_A168273,mathadaan kendr kaa bhavan evam pathaa  :,०raavathabhaataa,raavathabhaataa,NA
gamgaanagar,A006_A006029,29anoopagadh഼,anoopagadh഼,anoopagadh,anoopagadh
ajamer,A101_A101071,mathadaan kendr kaa bhavan evam pathaa  :,ajamer (nagar nigam,ajamer nagar nigam,NA
raajasamand,A176_A176077,mathadaan kendr kaa bhavan evam pathaa  :,naathadvaaraa,naathadvaaraa,NA
booadee,A186_A186172,172aibaraa,aibaraa,aibaraa,aibaraa
chiththoudagadh,A168_A168289,mathadaan kendr kaa bhavan evam pathaa  :,०raavathabhaataa,raavathabhaataa,NA
karoulee,A081_A081182,182aamdhiyaakhedaa,aaamdhiyaakhedaa,aaamdhiyaakhedaa,aamdhiyaakhedaa
paalee,A117_A117246,246haajeevaas,haajeevaas,haajeevaas,haajeevaas
jayapur,A046_A046053,53gest APTA,bamsee naagaa,bamsee naagaa,gest apta
alavar,A064_A064048,48naathoosar,Nathoosar,nathoosar,naathoosar
baadamer,A138_A138173,173melee,melee,melee,melee
jaalour,A141_A141057,57VAT,Rama,rama,57vat
suajhhunoo,A025_A025079,79kaajee,kaajee,kaajee,kaajee
bheelavaadaa,A182_A182232,232sarasadee,sarasadee,sarasadee,sarasadee
alavar,A062_A062166,mathadaan kendr,baharood഼,baharood,NA
beekaaner,A015_A015251,251kilachoo devadaan,Kilchoo Deodan,kilchoo deodan,kilachoo devadaan
baadamer,A136_A136158,158khivaaliyaa naadaa,khivaaliyaa naadaa,khivaaliyaa naadaa,khivaaliyaa naadaa
hanumaanagadh,A009_A009053,53lougavaalaa  (3el jee dablyoo,loomgavaalaa,loomgavaalaa,lougavaalaa el jee dablyoo
ajamer,A103_A103040,"40mootheepuraa,byaavar",byaavar,byaavar,mootheepuraabyaavar
baamsavaadaa,A162_A162055,55doomgalaavaanee,doomgalaavaanee,doomgalaavaanee,doomgalaavaanee
beekaaner,A012_A012056,56raajakeey maadhyamik vidhaalay kundal,kundal,kundal,raajakeey vidhaalay kundal
bharathapur,A070_A070216,216sabalaanaa,Sablana,sablana,sabalaanaa
hi alavar,A061_A061086,86seelagaamv,Seel Gaon,seel gaon,seelagaamv
jaalour,A141_A141097,97goodan,Godan,godan,goodan
naagour,A114_A114195,195bhoothaas,bhoothaas,bhoothaas,bhoothaas
seekar,A037_A037240,240Sloss get Chat,reemgas,reemgas,sloss get chat
baadamer,A140_A140188,188loohamarood഼oo kaa thalaa,:,NA,loohamaroodoo thalaa
chooru,A021_A021066,66bandhanaaoo utharaadaa,bhaanudaa utharaadaa,bhaanudaa utharaadaa,bandhanaaoo utharaadaa
gamgaanagar,A006_A006087,87 18pee,18pee,18pee,pee
naagour,A113_A113180,180mindakiyaa,mimdakiyaa,mimdakiyaa,mindakiyaa
suajhhunoo,A026_A026144,144chithoosaa,chithoosaa,chithoosaa,chithoosaa
h jaisalamer,A132_A132181,181siyaaloom kee basthee,siyaaloo kee basthee,siyaaloo kee basthee,siyaaloom basthee
udayapur,A156_A156171,171nimach,nimach,nimach,nimach
8savaaeemaadhoopur,A090_A090074,74dibasyaa,Dibsya,dibsya,dibasyaa
bheelavaadaa,A181_A181100,100West,bhatedaa,bhatedaa,west
seekar,A036_A036124,124khaatheevaas,khaatheevaas,khaatheevaas,khaatheevaas
booadee,A185_A185244,244ke.paatan,kesooraayapaatan,kesooraayapaatan,kepaatan
ajamer,A101_A101116,mathadaan kendr kaa bhavan evam pathaa  :,ajamer (nagar nigam,ajamer nagar nigam,NA
suajhhunoo,A026_A026137,137Tera,buhaanaa,buhaanaa,tera
jaisalamer,A133_A133162,162bhaimsadaa  ॥,bhesadaa,bhesadaa,bhaimsadaa
naagour,A107_A107199,199khaakhoolee,khaakhoolee,khaakhoolee,khaakhoolee
chiththoudagadh,A168_A168206,206uththainakalaam,uththenakalaam,uththenakalaam,uththainakalaam
seekar,A037_A037219,219bhoopathapuraa,bhoopathapuraa,bhoopathapuraa,bhoopathapuraa
jaalour,A143_A143122,122kiravaalaa,Kirwala,kirwala,kiravaalaa
suajhhunoo,A029_A029092,92puniyoom kee dh഼aanee,puniyoom kee dhaanee,puniyoom kee dhaanee,puniyoom dhaanee
suajhhun,A027_A027042,42jhhunjhhunoo,jhhujhhanoom,jhhujhhanoom,jhhunjhhunoo
jayapur,A040_A040129,129daamthil,daamthil,daamthil,daamthil
h toumk,A097_A097113,113doonee,at,NA,doonee
hi suajhhun,A028_A028209,209mandaavaa,gaamv mandaavaa,gaamv mandaavaa,mandaavaa
naagour,A107_A107145,145pyaavaaഁ,pyaavaa,pyaavaa,pyaavaa
paalee,A116_A116089,89jaithaaran,jaithaaran,jaithaaran,jaithaaran
ajamer,A104_A104046,46choodasiyaa,choodasiyaa,choodasiyaa,choodasiyaa
baadamer,A137_A137065,65jasool,Jasol,jasol,jasool
jaalour,A145_A145007,7kiloopiyaa,Kiloopiya,kiloopiya,kiloopiyaa
hanumaanagadh,A009_A009025,25 3echnadee൦apee൦,haradayaalapuraa,haradayaalapuraa,echnadeeapee
jaalour,A144_A144169,169laalaasar,Lalasar,lalasar,laalaasar
h seekar,A039_A039172,172mundaroo,०moondaroo,moondaroo,mundaroo
ajamer,A105_A105094,94kasaanaa,kasaanaa,kasaanaa,kasaanaa
h seekar,A039_A039131,131maharoolee,maharoolee,maharoolee,maharoolee
naagour,A115_A115078,78saradaarapuraa,saradaarapuraa,saradaarapuraa,saradaarapuraa
bheelavaadaa,A182_A182127,127haraseloo kaa khedaa,harshaloo kaa khedaa,harshaloo kaa khedaa,haraseloo khedaa
hanumaanagadh,A008_A008249,249lakhoovaalee,511९(lakhoovaalee,lakhoovaalee,lakhoovaalee
hanumaanagadh,A008_A008096,"96haausimg boord, hanumaanagadh jamksan",hanumaanagadh഼,hanumaanagadh,haausimg boord hanumaanagadh jamksan
prathaapagadh,A172_A172245,245laalaakhedee,laalaakhedee,laalaakhedee,laalaakhedee
naagour,A108_A108165,165gujariyaavaas,०gujariyaavaas,gujariyaavaas,gujariyaavaas
baaraa,A195_A195202,202Hee,ataroo,ataroo,202hee
baadamer,A138_A138156,156sivaanaa,०sivaanaa,sivaanaa,sivaanaa
h jaisalamer,A132_A132222,222dabadee,dabadee,dabadee,dabadee
naagour,A113_A113077,77kajaanaa,०kajaanaa,kajaanaa,kajaanaa
ajamer,A099_A099090,90Hest,uamthadaa,uamthadaa,hest
hanumaanagadh,A009_A009214,214khedaasaree,khedaasaree,khedaasaree,khedaasaree
bharathapur,A071_A071089,89gahanakar,Gahankar,gahankar,gahanakar
naagour,A113_A113172,172jaakhalee,jaakhalee,jaakhalee,jaakhalee
ajamer,A105_A105100,100himgooniyaam,himgooniyaa,himgooniyaa,himgooniyaam
udayapur,A153_A153177,mathadaan kendr kaa bhavan evam pathaa  :,udayapur,udayapur,NA
chooru,A021_A021153,153saradaarasahar,saradaarasahar,saradaarasahar,saradaarasahar
jhhaalaavaad,A198_A198075,75jhhaalaraapaatan,jhhaalaraapaatan,jhhaalaraapaatan,jhhaalaraapaatan
raajasamand,A174_A174026,26aamet,aamet,aamet,aamet
8toumk,A096_A096118,118toomk,toomk,toomk,toomk
alavar,A061_A061150,150mundanavaadaa kalaam,Mundanwara Kalan,mundanwara kalan,mundanavaadaa kalaam
baadamer,A138_A138256,256dheedhas,dheedhas,dheedhas,dheedhas
jaalour,A142_A142147,147saamthoo,Santhu,santhu,saamthoo
udayapur,A154_A154021,21mootee khed഼ee,mootee khed഼ee,mootee khedee,mootee khedee
8gamgaanagar,A006_A006025,25 2peejeeem-bee,2peejeeem-bee,peejeeembee,peejeeembee
udayapur,A156_A156243,243thad഼aa,thadaa,thadaa,thadaa
h seekar,A039_A039238,238raayapur jaageer,raayapur jaageer,raayapur jaageer,raayapur jaageer
seekar,A038_A038083,83raayapur paatan,०raayapur paatan,raayapur paatan,raayapur paatan
udayapur,A152_A152249,249jaabalaa,jaabalaa,jaabalaa,jaabalaa
doomgarapur,A160_A160124,124saagavaad഼aa,saagavaad഼aa,saagavaadaa,saagavaadaa
baadamer,A138_A138028,28saaranoo kaa thalaa,saaranoomkaa thalaa,saaranoomkaa thalaa,saaranoo thalaa
naagour,A115_A115042,42hudeel,hadeel,hadeel,hudeel
hanumaanagadh,A008_A008025,25chisithayaam,2 30५0(chistheeyaa,chistheeyaa,chisithayaam
hanumaanagadh,A007_A007017,17dhaabaam,6beejeepee-e (dhaarbaa,beejeepeee dhaarbaa,dhaabaam
gamgaanagar,A006_A006100,"100 20elaem, looniyaam",० 20elaem,elaem,elaem looniyaam
bharathapur,A072_A072130,130kumher,kumher,kumher,kumher
gamgaanagar,A006_A006028,28anoopagadh഼,anoopagadh഼,anoopagadh,anoopagadh
jayapur,A045_A045164,164doogaraa,doogaraa,doogaraa,doogaraa
gamgaanagar,A005_A005162,162 6je ke em,6JKM,6jkm,je em
gamgaanagar,A001_A001059,mathadaan kendr kaa bhavan evam pathaa  :,18F BARA,18f bara,NA
suajhhunoo,A031_A031043,43simalaa,simalaa,simalaa,simalaa
ajamer,A101_A101157,"157khaanapuraa, ajamer",ajamer (nagar nigam,ajamer nagar nigam,khaanapuraa ajamer
ajamer,A104_A104058,58ATLATAT  2,saalaramaalaa  - |,saalaramaalaa,atlatat
ajamer,A105_A105086,86ajagaree,ajagaree,ajagaree,ajagaree
jayapur,A045_A045226,226daalaniyaa,daalaniyaa,daalaniyaa,daalaniyaa
h seekar,A036_A036192,192daamthaa,daamthaa,daamthaa,daamthaa
naagour,A114_A114184,184seetaavat,seetaavat,seetaavat,seetaavat
karoulee,A082_A082235,235chaamdan gaamv,chaamdan,chaamdan,chaamdan
ajamer,A100_A100159,159diggee baajaar rood,ajamer (nagar nigam,ajamer nagar nigam,diggee baajaar rood
suajhhun,A029_A029089,89bugaalaa,bugaalaa,bugaalaa,bugaalaa
h seekar,A039_A039046,46kaalaakootaa,kaalaakootaa,kaalaakootaa,kaalaakootaa
gamgaanagar,A005_A005183,183 1Ve Va Va,1elaesaem-e,elaesaeme,ve va va
ajamer,A102_A102103,103UATE,raajagadh഼,raajagadh,uate
ajamer,A100_A100147,mathadaan kendr kaa bhavan evam pathaa  :,ajamer (nagar nigam,ajamer nagar nigam,NA
udayapur,A157_A157020,20HT,koon,koon,20ht
suajhhunoo,A025_A025204,204devarood഼,devarood഼,devarood,devarood
udayapur,A155_A155086,86roohee khedaa,roohee khedaa,roohee khedaa,roohee khedaa
ajamer,A103_A103079,mathadaan kendr kaa bhavan evam pathaa  :,byaavar,byaavar,NA
h seekar,A032_A032211,211beebeepur badaa,beebeepur badaa,beebeepur badaa,beebeepur badaa
jaalour,A141_A141208,208medaa uparalaa,Meda Uparla,meda uparla,medaa uparalaa
jaalour,A142_A142157,157thadavaa,Tadwa,tadwa,thadavaa
toumk,A095_A095090,90bagadee,bagadee,bagadee,bagadee
baadamer,A137_A137102,102baalootharaa,०baalootharaa,baalootharaa,baalootharaa
baadamer,A136_A136089,89raamaasariyaa,raamaasariyaa,raamaasariyaa,raamaasariyaa
toumk,A097_A097102,102devad഼aavaas,devadaavaas,devadaavaas,devadaavaas
8savaaeemaadhoopur,A091_A091209,209naaroolee choud഼,Naroli Chaur,naroli chaur,naaroolee choud
udayapur,A154_A154077,77nimbooloo kaa gudaa,nimbooloo kaa gudaa,nimbooloo kaa gudaa,nimbooloo gudaa
hanumaanagadh,A009_A009137,137 26es tee jee,:,NA,es tee jee
jaalour,A144_A144132,132WSat,Bhadwal,bhadwal,wsat
jayapur,A040_A040150,150tooradaa goojaraan,tooradaa gujaraan,tooradaa gujaraan,tooradaa goojaraan
seekar,A037_A037185,185baavadee,baavadee,baavadee,baavadee
joodhapur,A131_A131060,60Wagar area,:,NA,wagar area
suajhhunoo,A028_A028026,26jhhataavaa khurd,jhhataavaa qe,jhhataavaa qe,jhhataavaa khurd
h karoulee,A081_A081210,210gadhamooraa,gadhamooraa,gadhamooraa,gadhamooraa
suajhhunoo,A031_A031080,80sihood,sihood,sihood,sihood
gamgaanagar,A005_A005102,102thaakaree  (45pee es,45PS,45ps,thaakaree pee es
baadamer,A138_A138182,182siloor,siloor,siloor,siloor
hi joodhapur,A122_A122125,125dhatharavaaloom kaa gaamv,Dhadharwala,dhadharwala,dhatharavaaloom
bheelavaadaa,A182_A182119,119uranaa,Urna,urna,uranaa
udayapur,A157_A157027,27kaaleebheeth,kaalee bheeth,kaalee bheeth,kaaleebheeth
naagour,A106_A106153,153dathaaoo,dathaau,dathaau,dathaaoo
suajhhunoo,A025_A025093,93soojad഼oolaa,sujadoolaa,sujadoolaa,soojadoolaa
suajhhunoo,A028_A028033,mathadaan kendr kaa bhavan evam pathaa  :,malaseesar,malaseesar,NA
ajamer,A104_A104128,128jaaliyaa  2,jaaliyaa dvitheey,jaaliyaa dvitheey,jaaliyaa
h dousaa,A088_A088047,47puroohith kaa baas,puroohithoo kaa vaas,puroohithoo kaa vaas,puroohith baas
hi bharathapur,A070_A070054,54Asa at Aare,Kherla Noabad,kherla noabad,54asa at aare
h karoulee,A081_A081108,108simghaniyaa,sighamniyaa,sighamniyaa,simghaniyaa
naagour,A114_A114182,182taaparavaad഼aa,taaparavaad഼aa,taaparavaadaa,taaparavaadaa
ajamer,A101_A101002,"2taambe hareejan basthee, ajamer",ajamer (nagar nigam,ajamer nagar nigam,taambe hareejan basthee ajamer
baadamer,A137_A137101,101baalootharaa,०baalootharaa,baalootharaa,baalootharaa
naagour,A114_A114231,231bamvaal,bamvaal,bamvaal,bamvaal
baadamer,A138_A138081,81mithoudaa,mithoudaa,mithoudaa,mithoudaa
karoulee,A081_A081061,61toodaabheem,toodaabheem,toodaabheem,toodaabheem
seekar,A034_A034021,ajeethapuraa,ajeethapuraa,ajeethapuraa,ajeethapuraa
naagour,A114_A114188,188faara,bisaas,bisaas,faara
naagour,A114_A114193,193dh഼aadhoothaa,dh഼aadhoothaa,dhaadhoothaa,dhaadhoothaa
suajhhun,A027_A027215,215ajaadee khurd,ajaadee khurd,ajaadee khurd,ajaadee khurd
qe,A022_A022106,106chooroo,chooru,chooru,chooroo
suajhhun,A027_A027073,73budaanaa,budaanaa,budaanaa,budaanaa
h dousaa,A089_A089041,41WATS Taare,raamagadh pachavaaraa,raamagadh pachavaaraa,wats taare
chooru,A021_A021095,95ad഼amaalasar,adamaalasar,adamaalasar,adamaalasar
paalee,A120_A120201,201saadadaa,saadadaa,saadadaa,saadadaa
beekaaner,A014_A014040,mathadaan kendr kaa bhavan evam pathaa  :,beekaaner,beekaaner,NA
beekaaner,A017_A017195,195Ast,Riri,riri,195ast
savaaeemaadhoopur,A093_A093044,44Wants,bhagavathagadh഼,bhagavathagadh,wants
seekar,A038_A038164,164khaadaraa,khaadaraa,khaadaraa,khaadaraa
ajamer,A104_A104206,mathadaan kendr kaa bhavan evam pathaa  :,०ekalasimgaa,ekalasimgaa,NA
suajhhunoo,A025_A025025,25khudaaniyaa,khudaaniyaa,khudaaniyaa,khudaaniyaa
h baaraa,A193_A193208,208Vert,seat,seat,vert
savaaeemaadhoopur,A091_A091187,187sarasaalee,Sarsali,sarsali,sarasaalee
toumk,A097_A097249,249Harts,०aasal,aasal,harts
karoulee,A081_A081165,165gidaanee,gidaanee,gidaanee,gidaanee
alavar,A063_A063028,28devasan,Deosan,deosan,devasan
jhhaalaavaad,A198_A198022,22jhhaalaavaad഼,jhhaalaavaad഼,jhhaalaavaad,jhhaalaavaad
prathaapagadh,A157_A157218,218khumthaa,khoomthaa,khoomthaa,khumthaa
dhoulapur,A080_A080142,142raajaa khedaa,raajaakhoodaa,raajaakhoodaa,raajaa khedaa
jaisalamer,A132_A132196,mathadaan kendr kaa bhavan evam pathaa  :,raabalaau phakeeroovaalaa,raabalaau phakeeroovaalaa,NA
karoulee,A083_A083137,137karoulee,karoulee,karoulee,karoulee
baadamer,A136_A136191,191aahoonee benivaaloo kee dhaanee,०aahoonee benivaaloo kee dhaarn,aahoonee benivaaloo kee dhaarn,aahoonee benivaaloo dhaanee
suajhhunoo,A029_A029008,mathadaan kendr kaa bhavan evam pathaa  :,maandaasee,maandaasee,NA
bharathapur,A075_A075064,64baaee,baaee,baaee,baaee
baadamer,A136_A136038,38joogadayaal kaa thaan,paamchaa kee dhaanee,paamchaa kee dhaanee,joogadayaal thaan
seekar,A037_A037011,11kootadee luhaaravaas,kootadee luhaaravaas,kootadee luhaaravaas,kootadee luhaaravaas
beekaaner,A012_A012046,sadar baajaar khaajoovaalaa,Beriyawali,beriyawali,sadar baajaar khaajoovaalaa
8baadamer,A137_A137003,3bheemaralaaee stesan,Bheemarlai Station,bheemarlai station,bheemaralaaee stesan
savaaeemaadhoopur,A091_A091198,198goovindapuraa,Govindpura,govindpura,goovindapuraa
gamgaanagar,A003_A003120,120 4dee dee delavaaഁ,4deedee,deedee,dee dee delavaa
toumk,A096_A096024,24jaikamaabaad,jaikamaabaad,jaikamaabaad,jaikamaabaad
hi suajhhun,A025_A025152,152laambaa,laambaa,laambaa,laambaa
udayapur,A155_A155151,151dhaavadi൦ayaa,dhaavadi൦ayaa,dhaavadiayaa,dhaavadiayaa
hi suajhhun,A031_A031155,mathadaan kendr kaa bhavan evam pathaa  :,papuranaa,papuranaa,NA
alavar,A063_A063103,103baanasoor,Barh Bhaosingh,barh bhaosingh,baanasoor
dousaa,A086_A086081,81veeraasanaa,:,NA,veeraasanaa
alavar,A068_A068011,11toodaajnjaan simh,toodaa jnjaan simh,toodaa jnjaan simh,toodaajnjaan simh
suajhhunoo,A025_A025012,12Stqar,saineepuraa,saineepuraa,stqar
baadamer,A136_A136110,110khaanajee kaa thalaa,khaanajee kaa thalaa,khaanajee kaa thalaa,khaanajee thalaa
suajhhun,A027_A027161,161soolaanaa,soolaanaa,soolaanaa,soolaanaa
jaisalamer,A132_A132318,318phathehagadh,०phathehagadh,phathehagadh,phathehagadh
seekar,A038_A038249,249dhaanee laambaan than preethamapuree,preethamapuree,preethamapuree,dhaanee laambaan than preethamapuree
ajamer,A104_A104078,78kusalapuraa,kusalapuraa,kusalapuraa,kusalapuraa
8toumk,A096_A096109,mathadaan kendr kaa bhavan evam pathaa  :,toomk,toomk,NA
ajamer,A101_A101162,mathadaan kendr kaa bhavan evam pathaa  :,ajamer (nagar nigam,ajamer nagar nigam,NA
joodhapur,A131_A131152,mathadaan kendr kaa bhavan evam pathaa  :,pipaad sahar,pipaad sahar,NA
siroohee,A147_A147024,mathadaan kendr kaa bhavan evam pathaa  :,pindavaadaa,pindavaadaa,NA
qe,A024_A024205,205sujaanagadh,sujaanagadh഼,sujaanagadh,sujaanagadh
h dousaa,A088_A088059,mathadaan kendr kaa bhavan evam pathaa  :,Aga qe,aga qe,NA
raajasamand,A173_A173192,192ATT,thaal,thaal,192att
jaalour,A145_A145028,28dugaavaa,Dugawa,dugawa,dugaavaa
jhhaalaavaad,A198_A198232,232pid഼aavaa,pidaavaa,pidaavaa,pidaavaa
jayapur,A040_A040081,81kootapoothalee,kootapoothalee,kootapoothalee,kootapoothalee
dhoulapur,A078_A078214,214hathiyaapour baadee,baadee,baadee,hathiyaapour baadee
baadamer,A136_A136229,229khaaraapaar,khaaraapaar,khaaraapaar,khaaraapaar
h karoulee,A081_A081254,254veelaee,beelaee,beelaee,veelaee
ajamer,A100_A100163,mathadaan kendr kaa bhavan evam pathaa  :,ajamer (nagar nigam,ajamer nagar nigam,NA
prathaapagadh,A172_A172262,262HITS,kaanagadh,kaanagadh,hits
ajamer,A103_A103199,199HATH,anaakar,anaakar,hath
qe,A024_A024173,173sujaanagadh,sujaanagadh഼,sujaanagadh,sujaanagadh
naagour,A114_A114088,88gaamgavaa,०gaamgavaa,gaamgavaa,gaamgavaa
raajasamand,A173_A173191,191AT,thaal,thaal,191at
baamsavaadaa,A163_A163251,251thalavaad഼aa,thalavaad഼aa,thalavaadaa,thalavaadaa
prathaapagadh,A172_A172257,257bev,aq,NA,257bev
jaisalamer,A132_A132271,271adarooee,adarooee,adarooee,adarooee
suajhhunoo,A030_A030176,176udayapuravaatee,०udayapuravaatee,udayapuravaatee,udayapuravaatee
baamsavaadaa,A164_A164064,mathadaan kendr kaa bhavan evam pathaa  :,baamsavaad഼aa,baamsavaadaa,NA
suajhhunoo,A028_A028112,112nayaa baas (ghanooree,dhanuree,dhanuree,nayaa baas ghanooree
8savaaeemaadhoopur,A092_A092010,10malaaranaa choud഼,malaaranaa choud,malaaranaa choud,malaaranaa choud
alavar,A062_A062231,mathadaan kendr kaa bhavan evam pathaa  :,pahaad഼ee,pahaadee,NA
jaalour,A145_A145238,238uchamath,Uchmat,uchmat,uchamath
bheelavaadaa,A182_A182261,261badalaa,redavaas,redavaas,badalaa
ajamer,A101_A101159,mathadaan kendr kaa bhavan evam pathaa  :,ajamer (nagar nigam,ajamer nagar nigam,NA
baadamer,A138_A138080,80mithoudaa,mithoudaa,mithoudaa,mithoudaa
baadamer,A136_A136025,25kookanoom kee dhaanee,०HHT kaa dhaanee,hht kaa dhaanee,kookanoom dhaanee
ajamer,A104_A104076,76begaliyaavaas,begaliyaavaas,begaliyaavaas,begaliyaavaas
dousaa,A085_A085192,192gudh഼aa aasikapuraa,gudhaa aasikapuraa,gudhaa aasikapuraa,gudhaa aasikapuraa
dhoulapur,A078_A078160,160gadhee jaatav,Tet,tet,gadhee jaatav
dhoulapur,A080_A080137,137raajaa khedaa,raajaakhoodaa,raajaakhoodaa,raajaa khedaa
hi jayapur,A046_A046142,142maamchavaam,gaamv  ०maamchavaa,gaamv maamchavaa,maamchavaam
ajamer,A102_A102073,73leed഼ee,leed഼ee,leedee,leedee
ajamer,A103_A103008,8saramaaliyaa,saramaaliyaa,saramaaliyaa,saramaaliyaa
suajhhunoo,A030_A030089,89dudiyaa,dudiyaa,dudiyaa,dudiyaa
hanumaanagadh,A009_A009226,226 16dee dablyoo dee,16deedablyudee,deedablyudee,dee dablyoo dee
booadee,A186_A186059,59boondee,boomdee,boomdee,boondee
ajamer,A105_A105160,160undaree,uamdaree,uamdaree,undaree
karoulee,A084_A084241,241daragavaaഁ (pratham bhaag,DARGMA,dargma,daragavaa pratham
bharathapur,A072_A072019,19aooget deeg,deeg,deeg,aooget deeg
qe,A023_A023186,186chhaapar,chhaapar,chhaapar,chhaapar
beekaaner,A012_A012008,gulloovaalee,3Vgm (Guluwali),3vgm guluwali,gulloovaalee
baadamer,A136_A136133,133kooloo,kooloo,kooloo,kooloo
doomgarapur,A160_A160125,125maandavee chouk saagavaadaa,saagavaad഼aa,saagavaadaa,maandavee chouk saagavaadaa
kootaa,A192_A192197,mathadaan kendr kaa bhavan evam pathaa  :,raamagamj mandee,raamagamj mandee,NA
dousaa,A088_A088109,mathadaan kendr kaa bhavan evam pathaa  :,dousaa,dousaa,NA
jayapur,A045_A045105,105soorathoom kaa baas,soorathoom kaa baas,soorathoom kaa baas,soorathoom baas
gamgaanagar,A004_A004026,mathadaan kendr kaa bhavan evam pathaa  :,:,NA,NA
ajamer,A103_A103185,185suradiyaa,suradiyaa,suradiyaa,suradiyaa
h karoulee,A081_A081120,120nisooraa,nisooraa,nisooraa,nisooraa
jayapur,A041_A041074,74thulaseepuraa,thulaseepuraa,thulaseepuraa,thulaseepuraa
baadamer,A140_A140192,192lichhaye kaa thalaa,:,NA,lichhaye thalaa
naagour,A106_A106182,182paandooraaee,paandooraaee,paandooraaee,paandooraaee
gamgaanagar,A005_A005062,62amarasar (raamajeevaalaa,hi Amarsar Barani,hi amarsar barani,amarasar raamajeevaalaa
paalee,A116_A116154,154kaalaakoot,Kalakot,kalakot,kaalaakoot
joodhapur,A126_A126221,221kaagal,kaagal,kaagal,kaagal
doomgarapur,A158_A158161,mathadaan kendr kaa bhavan evam pathaa  :,dooഁagarapur,dooagarapur,NA
qe,A019_A019020,20thaambaakhedee,thaambaa khed഼ee,thaambaa khedee,thaambaakhedee
qe,A023_A023026,26raajaladesar,rathanagadh഼,rathanagadh,raajaladesar
hanumaanagadh,A009_A009261,261gandhelee,:,NA,gandhelee
alavar,A068_A068226,226lakshmanagadh,hi Lachhmangarh,hi lachhmangarh,lakshmanagadh
joodhapur,A131_A131148,148peepaad sahar,pipaad sahar,pipaad sahar,peepaad sahar
ajamer,A105_A105087,87prathaapapuraa,prathaapapuraa,prathaapapuraa,prathaapapuraa
jaalour,A143_A143094,94vaadaa nayaa,Vada Naya,vada naya,vaadaa nayaa
udayapur,A155_A155243,243STATSST,soomaakhed഼aa,soomaakhedaa,statsst
bheelavaadaa,A182_A182209,209moodiyaakhedaa,moodiyaa khedaa,moodiyaa khedaa,moodiyaakhedaa
jaalour,A141_A141203,203harajee,Harjee,harjee,harajee
alavar,A062_A062117,117beeghaanaa,beeghaanaa aheer,beeghaanaa aheer,beeghaanaa
savaaeemaadhoopur,A090_A090120,120gamgaapur jayapur rood ke paas,gamgaapur sitee,gamgaapur sitee,gamgaapur jayapur rood
jayapur,A040_A040063,63boochaahedaa,kootapoothalee,kootapoothalee,boochaahedaa
suajhhunoo,A031_A031115,115khethadee,khethadee,khethadee,khethadee
joodhapur,A122_A122010,10badee sid,badee seed,badee seed,badee sid
hi jayapur,A046_A046058,58joobaner,०joobaner nagar paalikaa,joobaner nagar paalikaa,joobaner
baamsavaadaa,A164_A164177,177phephar,PHEPHAR,phephar,phephar
ajamer,A098_A098122,122fears),kisanagadh (n.parishad,kisanagadh nparishad,fears
dhoulapur,A080_A080146,146raajaa khedaa,raajaakhoodaa,raajaakhoodaa,raajaa khedaa
paalee,A117_A117235,mathadaan kendr kaa bhavan evam pathaa  :,०kapuradee (raayapur,kapuradee raayapur,NA
gamgaanagar,A005_A005224,224 1/2dee em,1DAM,1dam,dee em
savaaeemaadhoopur,A091_A091221,221Walla Har,Jakholas Kalan,jakholas kalan,walla har
jayapur,A040_A040131,131thaalavaa,thaalavaa,thaalavaa,thaalavaa
suajhhunoo,A030_A030174,174udayapuravaatee,०udayapuravaatee,udayapuravaatee,udayapuravaatee
joodhapur,A122_A122103,103roohinaa,roohinaa,roohinaa,roohinaa
dhoulapur,A078_A078211,211pamchaayath samithi baadee,baadee,baadee,pamchaayath samithi baadee
joodhapur,A124_A124028,28kanoodiyaa puroohithaan,०kanoodiyaa puroohithaan,kanoodiyaa puroohithaan,kanoodiyaa puroohithaan
jaalour,A143_A143177,177daasapaa,Daspan,daspan,daasapaa
gamgaanagar,A003_A003185,185 19at st,19beebee,beebee,at st
paalee,A117_A117202,mathadaan kendr kaa bhavan evam pathaa  :,mooharaa kalaam,mooharaa kalaam,NA
toumk,A095_A095215,215daththavaas-2,dathavaas,dathavaas,daththavaas
gamgaanagar,A004_A004114,114soorathagadh,soorathagadh഼,soorathagadh,soorathagadh
raajasamand,A174_A174137,137taadaavaadaa gujaraan,taadaavaadaa gujaraan,taadaavaadaa gujaraan,taadaavaadaa gujaraan
joodhapur,A130_A130171,171sathalaanaa,sathalaanaa,sathalaanaa,sathalaanaa
bharathapur,A072_A072161,161kisanapuraa,kisanapuraa,kisanapuraa,kisanapuraa
chiththoudagadh,A168_A168270,270raavathabhaataa,०raavathabhaataa,raavathabhaataa,raavathabhaataa
seekar,A038_A038156,mathadaan kendr kaa bhavan evam pathaa  :,०neem kaa thaanaa graameen,neem kaa thaanaa graameen,NA
joodhapur,A122_A122012,12baavad഼ee baraseemgaa,baavadee baraseemgaa,baavadee baraseemgaa,baavadee baraseemgaa
kootaa,A192_A192061,61khed഼aarooddhaa,khedaaruddhaa,khedaaruddhaa,khedaarooddhaa
booadee,A186_A186131,131kevadiyaa,०kamvariyaa,kamvariyaa,kevadiyaa
alavar,A059_A059184,184thijaaraa,thijaaraa,thijaaraa,thijaaraa
hi suajhhun,A031_A031207,207sepharaaguvaar,०sepharaagu൦avaar,sepharaaguavaar,sepharaaguvaar
qe,A019_A019102,102raajagadh,raajagadh഼,raajagadh,raajagadh
jayapur,A044_A044196,196naraayanaa,gaamv  ०naraayanaa,gaamv naraayanaa,naraayanaa
baadamer,A136_A136170,170doogeeyaaloom kee dhaanee,०doogiyaaloom kee dhaanee,doogiyaaloom kee dhaanee,doogeeyaaloom dhaanee
jayapur,A045_A045011,11jadaavathaa,jadaavathaa,jadaavathaa,jadaavathaa
jayapur,A044_A044195,195naraayanaa,gaamv  ०naraayanaa,gaamv naraayanaa,naraayanaa
seekar,A039_A039097,97deraavaalee,deraavaalee,deraavaalee,deraavaalee
jaalour,A141_A141157,157bithoodaa,Bithura,bithura,bithoodaa
gamgaanagar,A006_A006166,166 2jeeem-bee,2jeeem-bee,jeeembee,jeeembee
hi bharathapur,A075_A075034,mathadaan kendr kaa bhavan evam pathaa  :,khedalee gadaasiyaa,khedalee gadaasiyaa,NA
hi suajhhun,A031_A031208,208sepharaaguvaar,०sepharaagu൦avaar,sepharaaguavaar,sepharaaguvaar
naagour,A113_A113080,80daabadiyaa,daabadiyaa,daabadiyaa,daabadiyaa
dhoulapur,A080_A080148,148raajaa khedaa,raajaakhoodaa,raajaakhoodaa,raajaa khedaa
karoulee,A081_A081208,208chiraavamdaa,chiraavadaa,chiraavadaa,chiraavamdaa
bharathapur,A071_A071165,165toodaa,Toda,toda,toodaa
gamgaanagar,A006_A006014,14raamasimhapur,० 59jeebee,jeebee,raamasimhapur
hanumaanagadh,A007_A007014,mathadaan kendr kaa bhavan evam pathaa  :,6beejeepee-e (dhaarbaa,beejeepeee dhaarbaa,NA
gamgaanagar,A006_A006091,"91 11pee, patharood഼aa",11pee,11pee,pee patharoodaa
siroohee,A146_A146064,64sivagamj-6,sivagamj,sivagamj,sivagamj
hanumaanagadh,A007_A007181,181 5jee jee aar,० 5jeejeeaar,jeejeeaar,jee jee aar
hi bharathapur,A071_A071150,150chiraaval maalee,Chirawal Mali,chirawal mali,chiraaval maalee
udayapur,A151_A151079,79suveree,suveree,suveree,suveree
paalee,A117_A117082,82Alta,soojath sitee,soojath sitee,alta
bheelavaadaa,A181_A181165,165mundethee,mundethee,mundethee,mundethee
seekar,A039_A039111,111n.paa sreemaadhoopur,n.paa sreemaadhoopur,npaa sreemaadhoopur,npaa sreemaadhoopur
toumk,A094_A094211,211samvaariyaa,०saamvariyaa,saamvariyaa,samvaariyaa
ajamer,A100_A100027,27kootadaa,ajamer (nagar nigam,ajamer nagar nigam,kootadaa
jaalour,A144_A144066,66sesaavaa,Sesawa,sesawa,sesaavaa
ajamer,A104_A104209,209banedi൦ayaa,०banediyaa,banediyaa,banediayaa
seekar,A034_A034252,"samskrith vidhaalay, baanood഼aa (paschimee bhaag",baanoodaa,baanoodaa,samskrith vidhaalay baanoodaa
h toumk,A097_A097111,111doonee,at,NA,doonee
hi suajhhun,A025_A025018,18jakhood഼aa,jakhood഼aa,jakhoodaa,jakhoodaa
suajhhunoo,A029_A029221,221chainagadh,chenagadh,chenagadh,chainagadh
kootaa,A191_A191029,29dasalaanaa,Ward No.40,ward no,dasalaanaa
gamgaanagar,A006_A006240,240raavalaa mandee,bee,bee,raavalaa mandee
baadamer,A137_A137083,83baalootharaa,baalootharaa,baalootharaa,baalootharaa
jayapur,A045_A045137,137ananthapuraa,ananthapuraa,ananthapuraa,ananthapuraa
naagour,A106_A106150,150gunapaaliyaa,०gunapaaliyaa,gunapaaliyaa,gunapaaliyaa
baadamer,A138_A138202,202phoolan,०phoolan,phoolan,phoolan
dousaa,A087_A087214,214gaamvadee,gaavamdee,gaavamdee,gaamvadee
suajhhunoo,A029_A029196,196goothad഼aa,goothadaa,goothadaa,goothadaa
hi suajhhun,A028_A028023,23jaalimapuraa,jaalimapuraa,jaalimapuraa,jaalimapuraa
joodhapur,A122_A122099,99dhaadharavaalaa,dhaadharavaalaa,dhaadharavaalaa,dhaadharavaalaa
h karoulee,A081_A081243,243kaimaree,kaimaree,kaimaree,kaimaree
suajhhunoo,A026_A026192,192laalaamaandee,laalaamaandee,laalaamaandee,laalaamaandee
naagour,A113_A113024,24moodee chaaranaa,moodee chaaranaa,moodee chaaranaa,moodee chaaranaa
naagour,A108_A108169,169adsimgaa,ad഼asimgaa,adasimgaa,adsimgaa
naagour,A115_A115118,mathadaan kendr kaa bhavan evam pathaa  :,kuchaaman sitee,kuchaaman sitee,NA
gamgaanagar,A003_A003031,31 20ech e kootalee,20ech,20ech,ech kootalee
savaaeemaadhoopur,A090_A090079,79udeee kalaa,udeikalaam,udeikalaam,udeee kalaa
raajasamand,A173_A173023,23bharathavaa,bharathavaa,bharathavaa,bharathavaa
seekar,A038_A038245,mathadaan kendr kaa bhavan evam pathaa  :,preethamapuree,preethamapuree,NA
alavar,A068_A068049,49UMTS,raajagadh഼,raajagadh,umts
siroohee,A146_A146071,mathadaan kendr kaa bhavan evam pathaa  :,sivagamj,sivagamj,NA
bheelavaadaa,A180_A180029,mathadaan kendr kaa bhavan evam pathaa  :,bheelavaad഼aa (n.p,bheelavaadaa np,NA
jaalour,A142_A142192,192pijoopuraa,Pijopura,pijopura,pijoopuraa
beekaaner,A014_A014092,92beekaaner,beekaaner,beekaaner,beekaaner
h seekar,A038_A038116,116mandh഼oolee,mandh഼oolee,mandhoolee,mandhoolee
hi suajhhun,A027_A027180,180khaajapur nayaa,०khaajapur nayaa,khaajapur nayaa,khaajapur nayaa
seekar,A037_A037102,102baalavaad,baalavaad,baalavaad,baalavaad
gamgaanagar,A004_A004065,65 3esaedee൦ (masaaneevaalaa,3SAD,3sad,esaedee masaaneevaalaa
paalee,A120_A120139,139sreeselaa,sree selaa,sree selaa,sreeselaa
8karoulee,A084_A084118,118choud഼aa gaamv pratham,chood഼aagaaഁav,choodaagaaav,choudaa pratham
bheelavaadaa,A183_A183067,67badalaa(vyaasajee kaa,badalaa vyaas jee kaa,badalaa vyaas jee kaa,badalaavyaasajee
suajhhun,A028_A028254,254nooaaam,nooaaam,nooaaam,nooaaam
baadamer,A134_A134118,118bheebhad഼aa,bheebhadaa,bheebhadaa,bheebhadaa
hanumaanagadh,A009_A009230,230chaaeeyaam,chaaeeyaa,chaaeeyaa,chaaeeyaam
baadamer,A138_A138218,218loodaraadaa,loodaraadaa,loodaraadaa,loodaraadaa
8jayapur,A040_A040109,109SAAT Aa,०kaayamapuraa baas,kaayamapuraa baas,saat aa
suajhhunoo,A026_A026128,128dhoolavaa,dhoolavaa,dhoolavaa,dhoolavaa
naagour,A110_A110181,"181gooliyaasanee,",gooliyaasanee,gooliyaasanee,gooliyaasanee
h jaalour,A141_A141039,39noosaraa,Nosra,nosra,noosaraa
udayapur,A153_A153032,mathadaan kendr kaa bhavan evam pathaa  :,udayapur,udayapur,NA
udayapur,A155_A155111,111kiyaakhedaa,kiyaakhedaa,kiyaakhedaa,kiyaakhedaa
baadamer,A136_A136171,171bood഼avaa,bood഼avaa,boodavaa,boodavaa
naagour,A111_A111063,63jaajadaavaas,jaajadaavaas,jaajadaavaas,jaajadaavaas
joodhapur,A122_A122240,240kheechan,kheechan,kheechan,kheechan
jaalour,A145_A145189,189Areata,Sawidar,sawidar,areata
gamgaanagar,A006_A006228,228 7deeoel-bee,7deeoel-bee,deeoelbee,deeoelbee
karoulee,A081_A081235,235khudaachainapur,khootaachainapuraa,khootaachainapuraa,khudaachainapur
jaalour,A144_A144072,72veeraavaa,Veerawa,veerawa,veeraavaa
baamsavaadaa,A163_A163274,274bhavarakadaa,bhavarakadaa,bhavarakadaa,bhavarakadaa
suajhhun,A030_A030047,mathadaan kendr kaa bhavan evam pathaa  :,gadhalaa kalaam,gadhalaa kalaam,NA
h seekar,A039_A039215,215jugaraajapuraa,jugaraajapuraa,jugaraajapuraa,jugaraajapuraa
jaalour,A144_A144060,60paadarad഼ee,Padaradi,padaradi,paadaradee
doomgarapur,A160_A160116,116saagavaadaa,saagavaad഼aa,saagavaadaa,saagavaadaa
h seekar,A039_A039255,255tateraa,tateraa,tateraa,tateraa
ajamer,A104_A104221,221arjunapuraa,arjunapuraa,arjunapuraa,arjunapuraa
seekar,A039_A039157,157rathanapuraa,rathanapuraa,rathanapuraa,rathanapuraa
doomgarapur,A160_A160237,237raathadeeyaa,Ratadiya,ratadiya,raathadeeyaa
ajamer,A104_A104239,239goovaliyaa,०goovaliyaa,goovaliyaa,goovaliyaa
suajhhunoo,A025_A025001,1raghuveerapuraa,raghuveerapuraa,raghuveerapuraa,raghuveerapuraa
savaaeemaadhoopur,A092_A092105,105WetTaar,jadaavathaa,jadaavathaa,wettaar
beekaaner,A013_A013011,"prasaad rood഼, (baamyaa bhaag),",beekaaner,beekaaner,prasaad rood baamyaa
h jaalour,A143_A143168,168naasoulee,Nasoli,nasoli,naasoulee
suajhhunoo,A030_A030102,102gudh഼aa good഼ajee,gudhaa goodajee,gudhaa goodajee,gudhaa goodajee
naagour,A106_A106191,191choolookhaam,chouloo khaam,chouloo khaam,choolookhaam
doomgarapur,A160_A160120,120saagavaad഼aa,saagavaad഼aa,saagavaadaa,saagavaadaa
prathaapagadh,A172_A172048,48daabadaa,daabadaa,daabadaa,daabadaa
naagour,A109_A109031,31kaalad഼ee,kaalad഼ee,kaaladee,kaaladee
ajamer,A100_A100156,mathadaan kendr kaa bhavan evam pathaa  :,ajamer (nagar nigam,ajamer nagar nigam,NA
alavar,A059_A059133,133naanagahedee,०naanagahedee,naanagahedee,naanagahedee
savaaeemaadhoopur,A090_A090069,69jeevalee,jeevalee,jeevalee,jeevalee
ajamer,A103_A103097,"97krishnaa kaamloonee, byaavar",byaavar,byaavar,krishnaa kaamloonee byaavar
udayapur,A149_A149197,197jhhaaloo kaa gudaa,jhhaaloo kaa gudaa,jhhaaloo kaa gudaa,jhhaaloo gudaa
gamgaanagar,A005_A005007,7 26UH UH,26,NA,26uh uh
qe,A023_A023188,188chhaapar,chhaapar,chhaapar,chhaapar
seekar,A039_A039222,222moodayaad഼ee,०moodayaadee,moodayaadee,moodayaadee
ajamer,A105_A105090,90araniyaam,araniyaa,araniyaa,araniyaam
suajhhunoo,A029_A029202,202jhhaajhhad഼,jhhaajhhad,jhhaajhhad,jhhaajhhad
beekaaner,A014_A014128,mathadaan kendr kaa bhavan evam pathaa  :,beekaaner,beekaaner,NA
udayapur,A153_A153037,mathadaan kendr kaa bhavan evam pathaa  :,udayapur,udayapur,NA
raajasamand,A174_A174202,202koodaakadaa,koodaakadaa,koodaakadaa,koodaakadaa
h karoulee,A081_A081113,113kamjoolee,kamjoolee,kamjoolee,kamjoolee
suajhhunoo,A028_A028025,25sivadayaalapuraa,sivadayaalapuraa,sivadayaalapuraa,sivadayaalapuraa
gamgaanagar,A003_A003202,202phakeeravaalee  (32aar bee,० 32aarabee,aarabee,phakeeravaalee aar bee
8baadamer,A139_A139317,317bheeloom kee dhaanee,hi Songaron Ki Dhani,hi songaron ki dhani,bheeloom dhaanee
h karoulee,A081_A081111,111lapaavalee,lapaavalee,lapaavalee,lapaavalee
naagour,A111_A111009,9gootan,gootan,gootan,gootan
bheelavaadaa,A182_A182116,116teethoodaa jaageer,०Teethoda (Jageer),teethoda jageer,teethoodaa jaageer
dousaa,A085_A085152,152Bravest kee dhaanee,basavaa,basavaa,bravest dhaanee
suajhhunoo,A029_A029061,61drindalood,drindalood,drindalood,drindalood
suajhhunoo,A025_A025036,36jhheralee,jhheralee,jhheralee,jhheralee
naagour,A107_A107167,167kud഼alee,kudalee,kudalee,kudalee
paalee,A116_A116296,296dhaanee kesarapuraa (raas,:,NA,dhaanee kesarapuraa raas
gamgaanagar,A006_A006207,207 8keenadee-bee,bee,bee,keenadeebee
alavar,A061_A061021,21neemaraanaa,NEEMRANA,neemrana,neemaraanaa
seekar,A038_A038109,109roopaavaas,०roopaavaas,roopaavaas,roopaavaas
suajhhunoo,A029_A029243,243deveepuraa,deveepuraa,deveepuraa,deveepuraa
joodhapur,A124_A124042,42pandithoom kaa baas,pamdithoo kaa baas,pamdithoo kaa baas,pandithoom baas
suajhhun,A025_A025029,29javaaharapuraa,javaaharapuraa,javaaharapuraa,javaaharapuraa
hanumaanagadh,A008_A008123,"123kile ke saamane, hanumaanagadh taaoon",hanumaanagadh഼,hanumaanagadh,kile saamane hanumaanagadh taaoon
baadamer,A138_A138228,228saavaradaa,saamvaradaa,saamvaradaa,saavaradaa
seekar,A039_A039076,76goomaavaalee,goomaavaalee,goomaavaalee,goomaavaalee
alavar,A061_A061149,mathadaan kendr kaa bhavan evam pathaa  :,Mundanwara Kalan,mundanwara kalan,NA
hanumaanagadh,A009_A009013,13kaanhevaalaa,kaanhevaalaa,kaanhevaalaa,kaanhevaalaa
jayapur,A040_A040132,132gulaabagadh഼,gulaabagadh഼,gulaabagadh,gulaabagadh
toumk,A096_A096039,39baravaas,baravaas,baravaas,baravaas
dousaa,A088_A088046,46kaalee pahaad഼ee,०kaalee pahaadee,kaalee pahaadee,kaalee pahaadee
h seekar,A039_A039058,58sakaraay,sakaraay,sakaraay,sakaraay
prathaapagadh,A157_A157093,93daamthaliyaa,daamthaliyaa,daamthaliyaa,daamthaliyaa
baadamer,A139_A139299,299kaagoom kee dhaanee,kaagoo kee dhaanee,kaagoo kee dhaanee,kaagoom dhaanee
h jaisalamer,A132_A132108,108AlarHle,soodhaakoor,soodhaakoor,alarhle
h seekar,A039_A039078,78sihood഼ee,sihoodee,sihoodee,sihoodee
jaalour,A144_A144165,165paraavaa,Parawa,parawa,paraavaa
h karoulee,A082_A082230,230sreemahaaveerajee,sree mahaaveer jee,sree mahaaveer jee,sreemahaaveerajee
naagour,A107_A107025,25deedavaanaa,deedavaanaa myunisapalitee,deedavaanaa myunisapalitee,deedavaanaa
raajasamand,A176_A176092,mathadaan kendr kaa bhavan evam pathaa  :,naathadvaaraa,naathadvaaraa,NA
8paalee,A116_A116128,mathadaan kendr kaa bhavan evam pathaa  :,nimaaj,nimaaj,NA
udayapur,A155_A155189,189kuraabad഼,Pas,pas,kuraabad
jaalour,A141_A141104,104oon,Oon,oon,104oon
suajhhunoo,A025_A025143,mathadaan kendr kaa bhavan evam pathaa  :,budaaniyaa,budaaniyaa,NA
jayapur,A046_A046110,110manasaaraamapuraa,mamsaaraamapuraa,mamsaaraamapuraa,manasaaraamapuraa
ajamer,A102_A102045,45mevaadiyaa,०mevaadi൦ayaa,mevaadiayaa,mevaadiyaa
dousaa,A085_A085173,173sunagaad഼ee,sunagaadee,sunagaadee,sunagaadee
prathaapagadh,A157_A157167,167simhaad഼,sihaad,sihaad,simhaad
seekar,A034_A034089,"vidhaalay, sihoot bad഼ee, (damjayaa bhaag",sihoot badee,sihoot badee,vidhaalay sihoot badee damjayaa
ajamer,A101_A101003,"3traambe stesan, hareejan basthee ajamer",ajamer (nagar nigam,ajamer nagar nigam,traambe stesan hareejan basthee ajamer
ajamer,A104_A104011,11saaraniyaa,saaraniyaa,saaraniyaa,saaraniyaa
alavar,A065_A065226,226maalaakhedaa,:,NA,maalaakhedaa
bharathapur,A071_A071030,30seekaree,Seekri Chak No.  1,seekri chak no,seekaree
jaisalamer,A133_A133127,127saamkadaa  |,saamkad഼aa,saamkadaa,saamkadaa
jayapur,A040_A040019,19raayakaranapuraa,raayakaranapuraa,raayakaranapuraa,raayakaranapuraa
udayapur,A153_A153126,mathadaan kendr kaa bhavan evam pathaa  :,udayapur,udayapur,NA
jaisalamer,A132_A132343,343thag simh kee dhaanee thejamaalathaa,thejamaalathaa,thejamaalathaa,thag simh dhaanee thejamaalathaa
jayapur,A058_A058026,26moohabbathapuraa,moohabbathapuraa,moohabbathapuraa,moohabbathapuraa
jaalour,A142_A142038,38thaaliyaanaa,Taliyana,taliyana,thaaliyaanaa
baadamer,A138_A138060,60dhanavaa,dhanavaa,dhanavaa,dhanavaa
seekar,A033_A033054,(lakshmanagadh഼ graameen,maavaliyaa kee dhaanee,maavaliyaa kee dhaanee,lakshmanagadh graameen
naagour,A107_A107106,106khud഼ee,khudee,khudee,khudee
toumk,A094_A094269,269goolaahedaa,goolaahedaa,goolaahedaa,goolaahedaa
seekar,A034_A034121,vidyaalay samthooshapuraa,samthooshapuraa,samthooshapuraa,samthooshapuraa
joodhapur,A130_A130218,mathadaan kendr kaa bhavan evam pathaa  :,moogadaa kalaam,moogadaa kalaam,NA
jhhaalaavaad,A198_A198031,31jhhaalaavaad,jhhaalaavaad഼,jhhaalaavaad,jhhaalaavaad
savaaeemaadhoopur,A090_A090002,2bhaalapur,bhaalapur,bhaalapur,bhaalapur
jayapur,A048_A048084,84WAITS,jamavaa raamagadh഼,jamavaa raamagadh,waits
suajhhunoo,A030_A030192,192chhaapoolee,chhaapoolee,chhaapoolee,chhaapoolee
suajhhun,A026_A026162,162bhaisaavathaa kalaa,bhousaavathaa൦ kalaam,bhousaavathaa kalaam,bhaisaavathaa kalaa
h karoulee,A082_A082232,232sreemahaaveerajee,sree mahaaveer jee,sree mahaaveer jee,sreemahaaveerajee
qe,A024_A024183,183sujaanagadh,sujaanagadh഼,sujaanagadh,sujaanagadh
hanumaanagadh,A008_A008105,mathadaan kendr kaa bhavan evam pathaa  :,hanumaanagadh഼,hanumaanagadh,NA
h baadamer,A137_A137205,205araaboo oodoo,Araba Undan,araba undan,araaboo oodoo
gamgaanagar,A005_A005168,168 12Ta FT UA,:,NA,ta ft ua
qe,A023_A023072,72rathanagadh,rathanagadh഼,rathanagadh,rathanagadh
bharathapur,A071_A071234,234raamabaag,Rambagh  (Rural  ),rambagh rural,raamabaag
prathaapagadh,A172_A172138,138raamagadh,raamagadh,raamagadh,raamagadh
bharathapur,A070_A070083,83amarookaa,Amrooka,amrooka,amarookaa
hi suajhhun,A027_A027077,77laalapur,laalapur,laalapur,laalapur
baadamer,A136_A136302,302khanood഼aa,khanood഼aa,khanoodaa,khanoodaa
jaalour,A143_A143097,97vaadaa bhaadavee,Vada Bharvi,vada bharvi,vaadaa bhaadavee
seekar,A034_A034107,"vidhaalay, gunaathoo (baamyaa bhaag",graam gunaathoo,graam gunaathoo,vidhaalay gunaathoo baamyaa
dousaa,A088_A088208,mathadaan kendr kaa bhavan evam pathaa  :,badaagaaഁav,badaagaaav,NA
h seekar,A039_A039047,47tood഼aa,toodaa,toodaa,toodaa
jayapur,A058_A058058,58didaavathaa,deedaavathaa,deedaavathaa,didaavathaa
kootaa,A192_A192085,85khedalee,khed഼alee,khedalee,khedalee
savaaeemaadhoopur,A092_A092068,68bhaadoothee,bhaadoothee,bhaadoothee,bhaadoothee
baamsavaadaa,A163_A163256,mathadaan kendr kaa bhavan evam pathaa  :,thalavaad഼aa,thalavaadaa,NA
suajhhunoo,A031_A031118,118khethad഼ee,khethadee,khethadee,khethadee
qe,A022_A022111,111chooroo,chooru,chooru,chooroo
qe,A022_A022134,134chooroo,chooru,chooru,chooroo
ajamer,A104_A104153,153Ara  2,baral dvitheey,baral dvitheey,153ara
ajamer,A098_A098101,101madanagamj,kisanagadh (n.parishad,kisanagadh nparishad,madanagamj
hanumaanagadh,A010_A010214,214jaithaasaree,०jaithaasaree,jaithaasaree,jaithaasaree
suajhhunoo,A025_A025081,81banagoothadee khurd,banagoothad഼ee khurd,banagoothadee khurd,banagoothadee khurd
amet,A196_A196117,117kumbhaa khed഼ee,Kumbha Kheri,kumbha kheri,kumbhaa khedee
h karoulee,A084_A084123,123sapootaraa chathurth bhaag,sapootaraa,sapootaraa,sapootaraa chathurth
naagour,A115_A115168,168bhoonee,bhoonee,bhoonee,bhoonee
ajamer,A101_A101151,mathadaan kendr kaa bhavan evam pathaa  :,ajamer (nagar nigam,ajamer nagar nigam,NA
seekar,A037_A037012,mathadaan kendr kaa bhavan evam pathaa  :,kootadee luhaaravaas,kootadee luhaaravaas,NA
gamgaanagar,A006_A006163,163 6emaeladee-bee,bee,bee,emaeladeebee
ajamer,A102_A102178,mathadaan kendr kaa bhavan evam pathaa  :,naseeraabaad,naseeraabaad,NA
gamgaanagar,A003_A003218,mathadaan kendr kaa bhavan evam pathaa  :,49elaeladablayoo,elaeladablayoo,NA
naagour,A111_A111206,206paachadooliyaa khurd,paamchadooliyaa khurd,paamchadooliyaa khurd,paachadooliyaa khurd
joodhapur,A130_A130212,212gudaa visvooeeyaa,gudaa൦ vislooeeyaa,gudaa vislooeeyaa,gudaa visvooeeyaa
siroohee,A146_A146063,63sivagamj-5,sivagamj,sivagamj,sivagamj
udayapur,A153_A153129,mathadaan kendr kaa bhavan evam pathaa  :,udayapur,udayapur,NA
hanumaanagadh,A008_A008149,"149stesan rood, hanumaanagadh taaoon",hanumaanagadh഼,hanumaanagadh,stesan rood hanumaanagadh taaoon
baadamer,A137_A137134,134raamaseen,Ramseen,ramseen,raamaseen
seekar,A034_A034006,saamvaloodaa puroohithaan (bamjayaa bhaag,saavaloodaa puroohithaan,saavaloodaa puroohithaan,saamvaloodaa puroohithaan bamjayaa
ajamer,A105_A105113,113devagaamv,०dev,dev,devagaamv
suajhhun,A026_A026174,174maanapuraa,maanapuraa,maanapuraa,maanapuraa
naagour,A113_A113122,122besaroolee,०besaroolee,besaroolee,besaroolee
joodhapur,A131_A131164,164Facerstt,:,NA,facerstt
naagour,A114_A114175,175kamvalaad,kamvalaad,kamvalaad,kamvalaad
udayapur,A150_A150255,255damaanaa(peepalabaaraa,phootagadh,phootagadh,damaanaapeepalabaaraa
baadamer,A138_A138107,107frag,jinapur,jinapur,frag
savaaeemaadhoopur,A093_A093182,182badood,bad഼ood,badood,badood
bheelavaadaa,A181_A181051,51banedaa,banedaa,banedaa,banedaa
siroohee,A148_A148237,237aaburood഼  24(relave kaamloonee,aaboorood,aaboorood,aaburood relave kaamloonee
booadee,A186_A186054,54boondee,boomdee,boomdee,boondee
ajamer,A101_A101118,mathadaan kendr kaa bhavan evam pathaa  :,ajamer (nagar nigam,ajamer nagar nigam,NA
baamsavaadaa,A166_A166165,165kusalagadh഼,kusalagadh഼,kusalagadh,kusalagadh
beekaaner,A017_A017094,94sreedoomgaragadh,sree doomgaragadh഼,sree doomgaragadh,sreedoomgaragadh
suajhhunoo,A026_A026176,176laambeejaat,laambee jaat,laambee jaat,laambeejaat
jaalour,A145_A145218,218chaamdoor,Chandoor,chandoor,chaamdoor
baamsavaadaa,A162_A162059,59limboodaa,limboodaa,limboodaa,limboodaa
gamgaanagar,A005_A005167,167 14es je em bee,:,NA,es je em bee
suajhhunoo,A031_A031085,85naamgaliyaa gujaravaas,०naamgaliyaa gurajaravaas,naamgaliyaa gurajaravaas,naamgaliyaa gujaravaas
bheelavaadaa,A182_A182097,97kisanagadh,Kishangarh,kishangarh,kisanagadh
jayapur,A040_A040127,127daamthil,daamthil,daamthil,daamthil
bheelavaadaa,A178_A178256,mathadaan kendr kaa bhavan evam pathaa  :,mamdapiyaa (dhshaadhaa,mamdapiyaa dhshaadhaa,NA
naagour,A108_A108092,92chhaapad഼aa,chhaapad഼aa,chhaapadaa,chhaapadaa
hi suajhhun,A027_A027223,223indaalee,indaalee,indaalee,indaalee
joodhapur,A122_A122072,72chaaranaaee,chaaranaaee,chaaranaaee,chaaranaaee
savaaeemaadhoopur,A091_A091213,213maharaavand഼,Mahrawand,mahrawand,maharaavand
jaalour,A144_A144080,80sumtaakooee,Sunta Koi,sunta koi,sumtaakooee
suajhhun,A026_A026288,288brijapuraa,brijapuraa,brijapuraa,brijapuraa
hi suajhhun,A029_A029210,210thurkaanee joohad഼ee,०thukaanee joohadee,thukaanee joohadee,thurkaanee joohadee
seekar,A039_A039210,210ajeethagadh഼,ajeethagadh,ajeethagadh,ajeethagadh
hi suajhhun,A031_A031036,36kakaraay,०kakaraay,kakaraay,kakaraay
ajamer,A104_A104242,242goopaalapuraa,goopaalapuraa,goopaalapuraa,goopaalapuraa
naagour,A106_A106119,119hood഼aas,esta,esta,hoodaas
jayapur,A044_A044089,89moondouthee,moondouthee,moondouthee,moondouthee
toumk,A095_A095218,218sreeraajadhaanapuraa,sree raajadhaanapuraa,sree raajadhaanapuraa,sreeraajadhaanapuraa
bheelavaadaa,A181_A181108,108daabalaa,daabalaa,daabalaa,daabalaa
gamgaanagar,A006_A006099,99 3enaem (dhaabaam,० 2deeesaem,deeesaem,enaem dhaabaam
suajhhun,A027_A027060,60AAT,jhhujhhanoom,jhhujhhanoom,60aat
h jaalour,A143_A143268,268bithan,Bithan,bithan,bithan
udayapur,A151_A151030,30gatharaalee,gatharaalee,gatharaalee,gatharaalee
alavar,A062_A062233,233mousamapur,gaamv  ०mousamapur kaamkaraa,gaamv mousamapur kaamkaraa,mousamapur
baamsavaadaa,A164_A164036,36vaagathalaab,vaagathaalaab,vaagathaalaab,vaagathalaab
8toumk,A096_A096108,108toomk,toomk,toomk,toomk
udayapur,A152_A152222,222alaseegadh,alaseegadh,alaseegadh,alaseegadh
paalee,A120_A120199,199laataadaa,laataadaa,laataadaa,laataadaa
raajasamand,A175_A175113,113kaamkaroolee  (baayaa bhaag  ),raajasamand,raajasamand,kaamkaroolee baayaa
hi bharathapur,A070_A070069,69raayabakaa,Rayavka,rayavka,raayabakaa
beekaaner,A013_A013033,"puraanee chugee chou?kee gajaner rood,",beekaaner,beekaaner,puraanee chugee choukee gajaner rood
suajhhunoo,A031_A031134,134jasaraapur,jasaraapur,jasaraapur,jasaraapur
bharathapur,A071_A071076,76facaett,Sirthali,sirthali,facaett
joodhapur,A126_A126242,mathadaan kendr kaa bhavan evam pathaa  :,raamadaavaas kalaa,raamadaavaas kalaa,NA
jaalour,A143_A143101,101kukaa,Kooka,kooka,kukaa
h seekar,A038_A038170,170gaamvad഼ee,gaamvad഼ee,gaamvadee,gaamvadee
savaaeemaadhoopur,A092_A092231,mathadaan kendr kaa bhavan evam pathaa  :,savaaee maadhoopur,savaaee maadhoopur,NA
४seekar,A038_A038020,20dhaanee chuhaamkaan than bagadaavaa,bagad഼aavaa,bagadaavaa,dhaanee chuhaamkaan than bagadaavaa
karoulee,A081_A081158,158thaalachidaa,thaalachidaa,thaalachidaa,thaalachidaa
naagour,A115_A115100,100kuchaaman sitee,kuchaaman sitee,kuchaaman sitee,kuchaaman sitee
raajasamand,A176_A176161,161sisavee,sisavee,sisavee,sisavee
hanumaanagadh,A009_A009027,mathadaan kendr kaa bhavan evam pathaa  :,०gooloovaalaa nivaadaan,gooloovaalaa nivaadaan,NA
jayapur,A057_A057097,97thilapatatee,thilapattee,thilapattee,thilapatatee
h jaalour,A141_A141243,243siyaanaa,Siyana,siyana,siyaanaa
jaalour,A144_A144233,233beejarool gooliyaa,Bijrol Goliya,bijrol goliya,beejarool gooliyaa
suajhhun,A027_A027065,65jhhunjhhunoo,jhhujhhanoom,jhhujhhanoom,jhhunjhhunoo
jaalour,A144_A144056,56medhaa,Medha,medha,medhaa
naagour,A111_A111051,51phaloodee med഼athaarood഼,medathaa rood (phaloudee,medathaa rood phaloudee,phaloodee medathaarood
ajamer,A104_A104261,261ren,ren,ren,261ren
joodhapur,A131_A131211,211Stay,:,NA,stay
hi suajhhun,A025_A025102,102peepalee,०peepalee,peepalee,peepalee
bheelavaadaa,A179_A179257,257Braet,chhaachhedee,chhaachhedee,braet
prathaapagadh,A157_A157263,263samkarakamd,sakarakamd,sakarakamd,samkarakamd
jayapur,A040_A040092,92jagadeesapuraa,jagadeesapuraa,jagadeesapuraa,jagadeesapuraa
jayapur,A048_A048081,81WaT),jamavaa raamagadh഼,jamavaa raamagadh,81wat
gamgaanagar,A006_A006116,116 5deedee,5deedee,deedee,deedee
suajhhun,A026_A026102,102sulathaanaa ahiraan,sulathaanaa ahiraan,sulathaanaa ahiraan,sulathaanaa ahiraan
baadamer,A138_A138219,219loodaraadaa,loodaraadaa,loodaraadaa,loodaraadaa
joodhapur,A130_A130254,254jaatoo kee dhaanee saamgareeyaa,saamgariyaa,saamgariyaa,jaatoo dhaanee saamgareeyaa
karoulee,A081_A081063,63kaanetee,kaanetee,kaanetee,kaanetee
ajamer,A103_A103037,37balaad,balaad഼,balaad,balaad
hai savaaeemaadhoopur,A092_A092038,38saamkadaa,saamkadaa,saamkadaa,saamkadaa
qe,A024_A024214,214sujaanagadh,sujaanagadh഼,sujaanagadh,sujaanagadh
h karoulee,A081_A081244,244kaimaree,kaimaree,kaimaree,kaimaree
suajhhun,A027_A027089,89bagad,baggad,baggad,bagad
toumk,A097_A097257,257paad഼alee,paadalee,paadalee,paadalee
hi hanumaanagadh,A008_A008188,188phathehagadh khilereebaas,29 5509४(phathehagadh഼,phathehagadh,phathehagadh khilereebaas
naagour,A115_A115126,126kuchaaman sitee,kuchaaman sitee,kuchaaman sitee,kuchaaman sitee
alavar,A064_A064120,120ajabagadh,ATMS,atms,ajabagadh
naagour,A113_A113156,156booraavad഼,booraavad഼,booraavad,booraavad
dousaa,A088_A088043,43kaaloothaa,kaaloothaa,kaaloothaa,kaaloothaa
hi suajhhun,A026_A026269,269naavathaa,०naavathaa,naavathaa,naavathaa
jayapur,A040_A040134,134doodaavaas,dudaavaas,dudaavaas,doodaavaas
dousaa,A087_A087029,29bhaamdaarej,०bhaamdaarej,bhaamdaarej,bhaamdaarej
jaalour,A141_A141019,19raayathal,Raithal,raithal,raayathal
naagour,A111_A111140,140Araceae,saathalaavaas,saathalaavaas,araceae
h seekar,A038_A038117,117mandhoolee,mandh഼oolee,mandhoolee,mandhoolee
bharathapur,A072_A072088,88sithaaraa,sithaaraa,sithaaraa,sithaaraa
hi suajhhun,A025_A025110,110dulaaniyaa,dulaaniyaa,dulaaniyaa,dulaaniyaa
bheelavaadaa,A179_A179278,mathadaan kendr kaa bhavan evam pathaa  :,hameeragadh,hameeragadh,NA
hanumaanagadh,A007_A007098,mathadaan kendr kaa bhavan evam pathaa  :,० 1esabeeen (saabuaanaa,esabeeen saabuaanaa,NA
alavar,A059_A059124,124jagamalahedee,०jagamalahedee,jagamalahedee,jagamalahedee
udayapur,A155_A155150,150khedaaphalaa,khedaaphalaa,khedaaphalaa,khedaaphalaa
h dousaa,A088_A088012,mathadaan kendr kaa bhavan evam pathaa  :,theetharavaadaa kalaam,theetharavaadaa kalaam,NA
jayapur,A044_A044191,191AUAAT,gaamv  ०naraayanaa,gaamv naraayanaa,auaat
naagour,A113_A113067,67bood഼asoo,bood഼asoo,boodasoo,boodasoo
hi suajhhun,A028_A028079,79mahanasar,mahanasar,mahanasar,mahanasar
udayapur,A153_A153042,mathadaan kendr kaa bhavan evam pathaa  :,udayapur,udayapur,NA
udayapur,A156_A156169,169kejad഼,kejad഼,kejad,kejad
suajhhun,A026_A026138,138paaloothaa,paaloothaa,paaloothaa,paaloothaa
udayapur,A150_A150287,287maakad഼ee,maakadee,maakadee,maakadee
hi jayapur,A048_A048185,185Arcaret,०aravadee,aravadee,arcaret
jayapur,A040_A040009,9banetee,banethee,banethee,banetee
gamgaanagar,A004_A004083,83 2jee bee e,2GB-A,2gba,jee bee
bheelavaadaa,A180_A180032,mathadaan kendr kaa bhavan evam pathaa  :,bheelavaad഼aa (n.p,bheelavaadaa np,NA
suajhhunoo,A025_A025019,19bhairugadh,bherugadh഼,bherugadh,bhairugadh
gamgaanagar,A006_A006119,119 6deedee,6deedee,deedee,deedee
gamgaanagar,A006_A006177,"177 7Wauerst-a, AaHarett",see,see,wauersta aaharett
seekar,A034_A034135,"maadhyamik vidhaalay, harsh (bamjayaam bhaag",ay,NA,vidhaalay harsh bamjayaam
dousaa,A088_A088103,mathadaan kendr kaa bhavan evam pathaa  :,dousaa,dousaa,NA
joodhapur,A122_A122019,19udat,udat,udat,udat
ajamer,A103_A103228,228sooniyaanaa choudaa,sooniyaanaa choodaa,sooniyaanaa choodaa,sooniyaanaa choudaa
seekar,A039_A039118,118n.paa sreemaadhoopur,n.paa sreemaadhoopur,npaa sreemaadhoopur,npaa sreemaadhoopur
paalee,A116_A116084,84prithveepuraa,Prithvi Pura,prithvi pura,prithveepuraa
h jaalour,A141_A141116,116aahoor,Ahore,ahore,aahoor
raajasamand,A174_A174196,196jadaphaa,jadaphaa,jadaphaa,jadaphaa
naagour,A112_A112115,mathadaan kendr kaa bhavan evam pathaa  :,goured഼ee chaamchaa,gouredee chaamchaa,NA
udayapur,A151_A151277,277GaHsl(fraat Heat),sadakadee,sadakadee,gahslfraat heat
alavar,A067_A067113,113thilavaad,:,NA,thilavaad
joodhapur,A122_A122075,75jaambaa kee dhaanee,gaamv  ०jaambaa kee dhaanee,gaamv jaambaa kee dhaanee,jaambaa dhaanee
h dhoulapur,A077_A077190,190saramathuraa,Sarmathura,sarmathura,saramathuraa
paalee,A116_A116066,66pipaliyaa khurd,pipaliyaa khurd,pipaliyaa khurd,pipaliyaa khurd
h jaalour,A141_A141123,123aahoor,Ahore,ahore,aahoor
alavar,A059_A059040,40gaadapur,gaadapur,gaadapur,gaadapur
baadamer,A136_A136283,283kamvaralee,kamvaralee,kamvaralee,kamvaralee
suajhhunoo,A026_A026193,193baasad഼ee,baasadee,baasadee,baasadee
alavar,A061_A061049,49googalakootaa,GUGALKOTA,gugalkota,googalakootaa
ajamer,A105_A105019,19joothaayaa,joothaayaa,joothaayaa,joothaayaa
paalee,A116_A116240,mathadaan kendr kaa bhavan evam pathaa  :,Mesiya,mesiya,NA
hanumaanagadh,A008_A008065,mathadaan kendr kaa bhavan evam pathaa  :,hanumaanagadh഼,hanumaanagadh,NA
baadamer,A138_A138234,234amboom kaa baadaa,amboo kaa baadaa,amboo kaa baadaa,amboom baadaa
baadamer,A136_A136009,9ratheoo,ratheoo,ratheoo,ratheoo
ajamer,A104_A104089,89seragadh഼,seragadh,seragadh,seragadh
8jaalour,A142_A142120,120ummedaabaad,Ummedabad,ummedabad,ummedaabaad
udayapur,A153_A153208,mathadaan kendr kaa bhavan evam pathaa  :,udayapur,udayapur,NA
8toumk,A096_A096189,mathadaan kendr kaa bhavan evam pathaa  :,toomk,toomk,NA
hi suajhhun,A027_A027199,199deravaalaa,deravaalaa,deravaalaa,deravaalaa
ajamer,A103_A103155,155maalapuraa,maalapooraa,maalapooraa,maalapuraa
baaraa,A195_A195184,184anthaanaa,anthaanaa,anthaanaa,anthaanaa
doomgarapur,A161_A161075,75jhhoutharee,:,NA,jhhoutharee
h karoulee,A083_A083197,"197phathehapur,bakhathapuraa, memgaree",bakhathapuraa,bakhathapuraa,phathehapurbakhathapuraa memgaree
gamgaanagar,A003_A003023,23kesareesimhapur,०kesareesimhapur,kesareesimhapur,kesareesimhapur
paalee,A116_A116142,142khedaa mahaaraajapuraa,khedaa mahaaraajapuraa,khedaa mahaaraajapuraa,khedaa mahaaraajapuraa
jayapur,A044_A044190,190naraayanaa,gaamv  ०naraayanaa,gaamv naraayanaa,naraayanaa
dousaa,A088_A088116,mathadaan kendr kaa bhavan evam pathaa  :,dousaa,dousaa,NA
8gamgaanagar,A005_A005042,mathadaan kendr kaa bhavan evam pathaa  :,raayasimhanagar,raayasimhanagar,NA
jayapur,A045_A045245,245phaagee,phaagee,phaagee,phaagee
dousaa,A085_A085140,140TaaT,basavaa,basavaa,taat
kootaa,A192_A192160,160suketh,suketh,suketh,suketh
naagour,A115_A115094,mathadaan kendr kaa bhavan evam pathaa  :,kuchaaman sitee,kuchaaman sitee,NA
beekaaner,A014_A014087,87beekaaner,beekaaner,beekaaner,beekaaner
bharathapur,A071_A071117,117thoon,Thoon,thoon,thoon
hi suajhhun,A028_A028233,233duraanaa,duraanaa,duraanaa,duraanaa
qe,A022_A022165,165chooroo,chooru,chooru,chooroo
udayapur,A153_A153088,88aayad udayapur,udayapur,udayapur,aayad udayapur
seekar,A036_A036203,mathadaan kendr kaa bhavan evam pathaa  :,raamagadh,raamagadh,NA
bharathapur,A075_A075183,183haathoudee,haathoudee,haathoudee,haathoudee
h baaraa,A193_A193006,6seesavaalee,seesavaalee,seesavaalee,seesavaalee
savaaeemaadhoopur,A091_A091223,223stage,:,NA,stage
joodhapur,A131_A131212,212baamjad഼aa,:,NA,baamjadaa
seekar,A037_A037192,192ch൉amoo puraahithaan,choumoo puroohithaan,choumoo puroohithaan,chamoo puraahithaan
hanumaanagadh,A009_A009143,143kaaleebamgaa,:,NA,kaaleebamgaa
naagour,A115_A115237,237[rar,loonavaam,loonavaam,237rar
naagour,A113_A113226,226makaraanaa,०makaraanaa,makaraanaa,makaraanaa
jaalour,A144_A144038,38dheemgapuraa,Dheengpura,dheengpura,dheemgapuraa
naagour,A107_A107128,128rooഁavaa,rumvaa,rumvaa,rooavaa
suajhhunoo,A026_A026187,187raayalee,raayalee,raayalee,raayalee
joodhapur,A122_A122017,17kaanasimh kee sid,kaanasimh kee sid,kaanasimh kee sid,kaanasimh sid
ajamer,A105_A105108,108jooniyaam,jooniyaa,jooniyaa,jooniyaam
४bharathapur,A076_A076067,67bayaanaa,bayaanaa,bayaanaa,bayaanaa
beekaaner,A014_A014036,mathadaan kendr kaa bhavan evam pathaa  :,beekaaner,beekaaner,NA
suajhhunoo,A030_A030087,87poosaanaa,०poosaanaa,poosaanaa,poosaanaa
ajamer,A105_A105107,107jooniyaam,jooniyaa,jooniyaa,jooniyaam
ajamer,A103_A103014,14mediyaa,०mediyaa,mediyaa,mediyaa
alavar,A062_A062154,154dhidhoor,dhimdhoor,dhimdhoor,dhidhoor
h jaalour,A141_A141118,118aahoor,Ahore,ahore,aahoor
dousaa,A088_A088106,106dousaa,dousaa,dousaa,dousaa
ajamer,A100_A100006,mathadaan kendr kaa bhavan evam pathaa  :,ajamer (nagar nigam,ajamer nagar nigam,NA
jayapur,A056_A056112,112vaatikaa,vaatikaa,vaatikaa,vaatikaa
jaisalamer,A132_A132041,41thejapaalaa,thejapaalaa,thejapaalaa,thejapaalaa
seekar,A038_A038166,166bheetharalee gaamvad഼ee,bheetharalee gaamvad഼ee,bheetharalee gaamvadee,bheetharalee gaamvadee
alavar,A068_A068057,57UMTS,raajagadh഼,raajagadh,umts
jaalour,A141_A141103,103oon,Oon,oon,103oon
alavar,A068_A068075,75maachaadee,०maachaadee,maachaadee,maachaadee
naagour,A106_A106066,66aasootaa,aasootaa,aasootaa,aasootaa
udayapur,A153_A153165,mathadaan kendr kaa bhavan evam pathaa  :,udayapur,udayapur,NA
raajasamand,A173_A173082,gamvaar,gaaഁagaajee kaa khed഼aa (kundaal,gaaagaajee kaa khedaa kundaal,gamvaar
hi suajhhun,A031_A031099,99naalapur,naalapur,naalapur,naalapur
hi suajhhun,A025_A025101,101peepalee,०peepalee,peepalee,peepalee
joodhapur,A126_A126203,mathadaan kendr kaa bhavan evam pathaa  :,choukad഼ee kalaam,choukadee kalaam,NA
hi bharathapur,A070_A070159,159gadhaajaan,Garh Ajan,garh ajan,gadhaajaan
ajamer,A098_A098032,32cheethaakhedaa,cheethaakhed഼aa,cheethaakhedaa,cheethaakhedaa
udayapur,A154_A154090,90maavalee,maavalee,maavalee,maavalee
paalee,A119_A119058,mathadaan kendr kaa bhavan evam pathaa  :,itandraraa medathiyaan,itandraraa medathiyaan,NA
hi suajhhun,A028_A028007,7javaaharapuraa,javaaharapuraa,javaaharapuraa,javaaharapuraa
karoulee,A081_A081163,163raajaahedaa,raajaahedaa,raajaahedaa,raajaahedaa
baaraa,A193_A193166,166kaithoomd഼ee,kaithoodee,kaithoodee,kaithoomdee
8jaalour,A141_A141113,113chheeparavaadaa,Cheeparwara,cheeparwara,chheeparavaadaa
8paalee,A116_A116037,37digaranaa,digaranaa,digaranaa,digaranaa
bheelavaadaa,A182_A182134,134jhheemkaree,Jheekari,jheekari,jhheemkaree
gamgaanagar,A006_A006201,"201 12Het, THe",12kedee,kedee,het the
8gamgaanagar,A003_A003011,11malakaanaa khurd,4es,4es,malakaanaa khurd
h karoulee,A081_A081114,114kamjoolee,kamjoolee,kamjoolee,kamjoolee
paalee,A116_A116241,mathadaan kendr kaa bhavan evam pathaa  :,Mesiya,mesiya,NA
hi suajhhun,A026_A026188,188naanavaas,०naanavaas,naanavaas,naanavaas
jhhaalaavaad,A198_A198038,38jhhaalaavaad,jhhaalaavaad഼,jhhaalaavaad,jhhaalaavaad
hi joodhapur,A123_A123107,107raajaalaa,Rajala,rajala,raajaalaa
gamgaanagar,A005_A005154,154syaamagadh  (59en pee,59NP,59np,syaamagadh en pee
suajhhun,A030_A030188,188baagooraa,baagooraa,baagooraa,baagooraa
h jaalour,A143_A143266,266bugaamv,boogaav,boogaav,bugaamv
alavar,A062_A062041,41khoondarooth,khoondarooth,khoondarooth,khoondarooth
jayapur,A048_A048190,190baadh kavisvaraan,baadh kavisaraan,baadh kavisaraan,baadh kavisvaraan
alavar,A062_A062103,103maajareekalaam,maajaree kalaa,maajaree kalaa,maajareekalaam
joodhapur,A130_A130208,208khejad഼alee kalaam,asset Hat,asset hat,khejadalee kalaam
ajamer,A098_A098239,239ahed഼aa,ahedaa,ahedaa,ahedaa
jaalour,A142_A142100,100veeraanaa,Virana,virana,veeraanaa
alavar,A065_A065225,225maalaakhedaa,:,NA,maalaakhedaa
udayapur,A150_A150211,211bedanapaadaa,bedanapaadaa,bedanapaadaa,bedanapaadaa
prathaapagadh,A172_A172065,65prathaapagadh഼,prathaapagadh഼,prathaapagadh,prathaapagadh
ajamer,A100_A100137,137andarakoot,ajamer (nagar nigam,ajamer nagar nigam,andarakoot
alavar,A068_A068064,64raajagadh,raajagadh഼,raajagadh,raajagadh
suajhhunoo,A026_A026148,148dh഼aadhooth khurd,dhaadhooth khurd,dhaadhooth khurd,dhaadhooth khurd
seekar,A034_A034088,"vidhaalay, sihoot bad഼ee (baayaam bhaag",sihoot badee,sihoot badee,vidhaalay sihoot badee baayaam
jaalour,A141_A141222,222baagaraa,:,NA,baagaraa
hi suajhhun,A026_A026207,207pacheree kalaam,०pacheree kalaam,pacheree kalaam,pacheree kalaam
booadee,A186_A186232,232thaaledaa,thaaled഼aa,thaaledaa,thaaledaa
paalee,A120_A120083,mathadaan kendr kaa bhavan evam pathaa  :,saadadee,saadadee,NA
toumk,A095_A095220,220bhagavathapuraa,bhagavathapuraa,bhagavathapuraa,bhagavathapuraa
8savaaeemaadhoopur,A092_A092011,11AAT Als,malaaranaa choud,malaaranaa choud,11aat als
joodhapur,A130_A130210,210gudaa visvooeeyaam,gudaa൦ vislooeeyaa,gudaa vislooeeyaa,gudaa visvooeeyaam
naagour,A106_A106135,135khaamiyaad,gaamv khaamiyaad,gaamv khaamiyaad,khaamiyaad
jaalour,A145_A145030,30suraavaa,Surawa,surawa,suraavaa
paalee,A119_A119097,97kisanapuraa,kisanapuraa,kisanapuraa,kisanapuraa
jhhaalaavaad,A198_A198065,65jhhaalaraapaatan,jhhaalaraapaatan,jhhaalaraapaatan,jhhaalaraapaatan
suajhhunoo,A025_A025075,75gaadoolee,gaadoolee,gaadoolee,gaadoolee
joodhapur,A126_A126138,138kaastee,kaastee,kaastee,kaastee
alavar,A068_A068079,79aaamdavaadee,aaamdavaad഼ee,aaamdavaadee,aaamdavaadee
toumk,A095_A095078,78jebaadiyaa,०jebaadeeyaa,jebaadeeyaa,jebaadiyaa
naagour,A114_A114004,4beemthavaaliyaa,beethamvaaliyaa,beethamvaaliyaa,beemthavaaliyaa
jayapur,A040_A040082,82kootapoothalee,kootapoothalee,kootapoothalee,kootapoothalee
8toumk,A096_A096183,mathadaan kendr kaa bhavan evam pathaa  :,toomk,toomk,NA
8paalee,A116_A116126,126nimaaj,nimaaj,nimaaj,nimaaj
seekar,A039_A039155,155rathanapuraa,rathanapuraa,rathanapuraa,rathanapuraa
h baadamer,A136_A136257,257doomgaraanaadaa,dumgaraanaadaa,dumgaraanaadaa,doomgaraanaadaa
savaaeemaadhoopur,A090_A090203,203baadh഼ bhaamvathaa,baadh഼ bhaapathaa,baadh bhaapathaa,baadh bhaamvathaa
h seekar,A037_A037201,mathadaan kendr kaa bhavan evam pathaa  :,daadiyaaraamapuraa,daadiyaaraamapuraa,NA
suajhhun,A025_A025071,71mooravaa,mooravaa,mooravaa,mooravaa
siroohee,A148_A148180,180redavaakalaa,revadaakalaa,revadaakalaa,redavaakalaa
qe,A019_A019097,97UMTS,raajagadh഼,raajagadh,umts
hanumaanagadh,A008_A008080,jamksan,hanumaanagadh഼,hanumaanagadh,jamksan
hi jayapur,A045_A045117,117booraaj,booraaj,booraaj,booraaj
alavar,A063_A063095,95AST,:,NA,95ast
alavar,A065_A065231,231CaaS,:,NA,caas
booadee,A184_A184101,101nainavaam,०nenavaam,nenavaam,nainavaam
chiththoudagadh,A168_A168038,38aajooliyaa kaa khedaa,aajooliyaa kaa khedaa,aajooliyaa kaa khedaa,aajooliyaa khedaa
hi jayapur,A045_A045116,116booraaj,booraaj,booraaj,booraaj
ajamer,A105_A105158,158kaaled഼aa krishnagoopaal,kaaled഼aa krishnagoopaal,kaaledaa krishnagoopaal,kaaledaa krishnagoopaal
suajhhunoo,A026_A026001,1pilood,pilood,pilood,pilood
baadamer,A138_A138124,124peepaloon,०peepaloon,peepaloon,peepaloon
suajhhunoo,A025_A025139,139khudiyaa,khudiyaa,khudiyaa,khudiyaa
paalee,A117_A117075,mathadaan kendr kaa bhavan evam pathaa  :,soojath sitee,soojath sitee,NA
doomgarapur,A160_A160122,122saagavaad഼aa,saagavaad഼aa,saagavaadaa,saagavaadaa
toumk,A095_A095175,175nivaaee,nivaaee,nivaaee,nivaaee
jayapur,A043_A043113,113looharavaadaa,looharavaadaa,looharavaadaa,looharavaadaa
seekar,A037_A037048,48meharoo kee dhaanee,meharoo kee dhaanee,meharoo kee dhaanee,meharoo dhaanee
8toumk,A096_A096160,160toomk,toomk,toomk,toomk
h jaalour,A141_A141117,117aahoor,Ahore,ahore,aahoor
dousaa,A089_A089143,143syaamapuraa Hat,syaamapuraakamlaa,syaamapuraakamlaa,syaamapuraa hat
bheelavaadaa,A182_A182220,220beeradhool,beeradhool,beeradhool,beeradhool
qe,A021_A021062,62meethaasar,meethaasar,meethaasar,meethaasar
naagour,A106_A106161,161ghirad഼oodaa meethaa,gheeradoodaa meethaa,gheeradoodaa meethaa,ghiradoodaa meethaa
beekaaner,A013_A013034,"puraanee chugee chou?kee gajaner rood,",beekaaner,beekaaner,puraanee chugee choukee gajaner rood
savaaeemaadhoopur,A090_A090198,198Sat,umaree,umaree,198sat
joodhapur,A125_A125246,246samthoodaa khurd,sanan‍thoodaa khurd,sananthoodaa khurd,samthoodaa khurd
dousaa,A088_A088184,184gudhaa keerathavaas,gaamv gudhaa keerathavaas,gaamv gudhaa keerathavaas,gudhaa keerathavaas
beekaaner,A014_A014183,183beekaaner,beekaaner,beekaaner,beekaaner
suajhhun,A027_A027236,236maalasar,maalasar,maalasar,maalasar
booadee,A186_A186148,148kootakhed഼aa,kootakhed഼aa,kootakhedaa,kootakhedaa
joodhapur,A130_A130239,239paal,paal,paal,paal
ajamer,A100_A100151,151khajaanaa galee,ajamer (nagar nigam,ajamer nagar nigam,khajaanaa galee
beekaaner,A014_A014070,mathadaan kendr kaa bhavan evam pathaa  :,beekaaner,beekaaner,NA
raajasamand,A175_A175129,129emadee,emad഼ee,emadee,emadee
bheelavaadaa,A182_A182105,105sakkaragadh,samkaragadh,samkaragadh,sakkaragadh
8gamgaanagar,A005_A005206,206 10jee bee,10GM,10gm,jee bee
raajasamand,A175_A175106,mathadaan kendr kaa bhavan evam pathaa  :,raajasamand,raajasamand,NA
jaalour,A144_A144217,217thaamthadaa,Tantra,tantra,thaamthadaa
joodhapur,A124_A124043,43pandithoom kaa baas,pamdithoo kaa baas,pamdithoo kaa baas,pandithoom baas
bheelavaadaa,A181_A181093,93uparedaa,uparedaa,uparedaa,uparedaa
booadee,A186_A186098,98jaavatee khurd,jaavatee khud,jaavatee khud,jaavatee khurd
karoulee,A081_A081087,87gooradaa,gooradaa,gooradaa,gooradaa
seekar,A036_A036184,184khookharoo kaa baas,khookharoo kaa baas,khookharoo kaa baas,khookharoo baas
gamgaanagar,A006_A006233,233 4kepeedee,4kepeedee,kepeedee,kepeedee
gamgaanagar,A001_A001238,mathadaan kendr kaa bhavan evam pathaa  :,34 ४॥९ (101५4),NA,NA
udayapur,A150_A150194,194thuragadh,thuragadh,thuragadh,thuragadh
ajamer,A103_A103143,143sivanaathapuraa,sivanaathapuraa,sivanaathapuraa,sivanaathapuraa
suajhhunoo,A030_A030168,168udayapuravaatee,०udayapuravaatee,udayapuravaatee,udayapuravaatee
alavar,A062_A062115,115dooghedaa,dughedaa,dughedaa,dooghedaa
naagour,A113_A113164,164booraavad഼,booraavad഼,booraavad,booraavad
hanumaanagadh,A009_A009052,52loomgavaalaa  (3el jee dablyoo,loomgavaalaa,loomgavaalaa,loomgavaalaa el jee dablyoo
baamsavaadaa,A164_A164178,178aambaapaad഼aa,aambapaad഼aa,aambapaadaa,aambaapaadaa
hi suajhhun,A030_A030020,20kesareepuraa,kesareepuraa,kesareepuraa,kesareepuraa
karoulee,A082_A082005,5joul,joul,joul,joul
bheelavaadaa,A183_A183036,36boordiyaas,boodiyaas,boodiyaas,boordiyaas
beekaaner,A012_A012107,raavath maaeenar,4Rm(Rawat Abadi),rmrawat abadi,raavath maaeenar
ajamer,A105_A105203,203kaaded഼aa,kaaded഼aa,kaadedaa,kaadedaa
qe,A024_A024167,167sujaanagadh,sujaanagadh഼,sujaanagadh,sujaanagadh
8alavar,A060_A060039,39goojareevaas,Goojriwas,goojriwas,goojareevaas
savaaeemaadhoopur,A093_A093181,181paadad഼ee thoopakhaanaa,:,NA,paadadee thoopakhaanaa
prathaapagadh,A172_A172002,2chithoudee,chiththoodee,chiththoodee,chithoudee
8jaalour,A141_A141251,251sumeragadh,Sumergarh,sumergarh,sumeragadh
qe,A023_A023040,40rathanagadh,rathanagadh഼,rathanagadh,rathanagadh
bharathapur,A072_A072014,mathadaan kendr kaa bhavan evam pathaa  :,deeg,deeg,NA
h seekar,A039_A039067,67jhhaad഼alee,jhhaadalee,jhhaadalee,jhhaadalee
naagour,A107_A107029,mathadaan kendr kaa bhavan evam pathaa  :,deedavaanaa myunisapalitee,deedavaanaa myunisapalitee,NA
savaaeemaadhoopur,A091_A091109,109tundilaa,Tundeela,tundeela,tundilaa
udayapur,A153_A153203,mathadaan kendr kaa bhavan evam pathaa  :,udayapur,udayapur,NA
suajhhunoo,A026_A026260,260doomoolee khurd,satel Ge,satel ge,doomoolee khurd
jayapur,A041_A041218,218syaamapuraa,syaamapuraa,syaamapuraa,syaamapuraa
savaaeemaadhoopur,A090_A090081,81udeee kalaaഁ saharee,gamgaapur sitee,gamgaapur sitee,udeee kalaa saharee
raajasamand,A176_A176011,11sisoodaa,sisoodaa kalaam,sisoodaa kalaam,sisoodaa
gamgaanagar,A006_A006145,145 7jeedee-e,7jeedee-e,jeedeee,jeedeee
joodhapur,A123_A123259,259bhiyaadiyaa,०bheeyaadiyaa,bheeyaadiyaa,bhiyaadiyaa
gamgaanagar,A006_A006067,67 3enadee,3enadee,enadee,enadee
baadamer,A140_A140178,178paavad഼oo kaa thalaa,०pavadoom kaa thalaa,pavadoom kaa thalaa,paavadoo thalaa
joodhapur,A122_A122222,222phaloodee,phaloudee,phaloudee,phaloodee
naagour,A106_A106174,174mithatad഼ee,mithadee,mithadee,mithatadee
baadamer,A138_A138190,190samadadee,samadadee,samadadee,samadadee
ajamer,A103_A103178,178raamakhed഼aa dhannaar,raamakhedaa dhanaar,raamakhedaa dhanaar,raamakhedaa dhannaar
४bharathapur,A076_A076084,84bayaanaa,bayaanaa,bayaanaa,bayaanaa
hanumaanagadh,A008_A008057,57gaahad഼oo,42NGC (Teg),42ngc teg,gaahadoo
naagour,A114_A114218,218baandaahed഼aa,baandaahed഼aa,baandaahedaa,baandaahedaa
hi suajhhun,A030_A030014,14sivanaathapuraa,०sivanaathapuraa,sivanaathapuraa,sivanaathapuraa
jayapur,A046_A046168,168kesyaavaalaa,kesyaavaalaa,kesyaavaalaa,kesyaavaalaa
gamgaanagar,A005_A005178,178 4Us VS WH,:,NA,us vs wh
jaalour,A141_A141192,192sugaaliyaam baaloothaan,Sugaliya Balotan,sugaliya balotan,sugaaliyaam baaloothaan
jayapur,A056_A056118,118vaatikaa,vaatikaa,vaatikaa,vaatikaa
alavar,A062_A062063,63thalavaanaa,thalavaanaa,thalavaanaa,thalavaanaa
suajhhun,A030_A030086,86dhamooraa,dhamooraa,dhamooraa,dhamooraa
savaaeemaadhoopur,A092_A092196,196bambooree,savaaee maadhoopur,savaaee maadhoopur,bambooree
jayapur,A045_A045166,166retee,retee,retee,retee
qe,A023_A023185,185chhaapar,chhaapar,chhaapar,chhaapar
jaalour,A144_A144011,11nimbaj,Nimbaj,nimbaj,nimbaj
naagour,A108_A108186,186ooamchaaeed഼aa,ooഁachaaiamd഼aa,ooachaaiamdaa,ooamchaaeedaa
8jaalour,A143_A143234,234sinadharaa,Sindhara,sindhara,sinadharaa
naagour,A113_A113208,208makaraanaa,०makaraanaa,makaraanaa,makaraanaa
gamgaanagar,A006_A006204,204 7keenadee-e,e,NA,keenadeee
h seekar,A039_A039174,174mundaroo,०moondaroo,moondaroo,mundaroo
booadee,A186_A186176,176bathavaad഼aa,bathavaadaa,bathavaadaa,bathavaadaa
hi suajhhun,A031_A031151,151moodakee,moodakee,moodakee,moodakee
dhoulapur,A080_A080136,136raajaa GST,raajaakhoodaa,raajaakhoodaa,raajaa gst
udayapur,A153_A153141,mathadaan kendr kaa bhavan evam pathaa  :,udayapur,udayapur,NA
gamgaanagar,A005_A005181,1814H UWA,:,NA,1814h uwa
karoulee,A083_A083124,mathadaan kendr kaa bhavan evam pathaa  :,karoulee,karoulee,NA
qe,A019_A019089,mathadaan kendr kaa bhavan evam pathaa  :,raajagadh഼,raajagadh,NA
kootaa,A192_A192167,167suketh,suketh,suketh,suketh
8suajhhun,A026_A026011,11kulooth kalaam,kulooth kalaa,kulooth kalaa,kulooth kalaam
suajhhunoo,A028_A028157,157Tae BT ava,peepal kaa baas,peepal kaa baas,157tae bt ava
savaaeemaadhoopur,A091_A091110,110toodaa,toodaa,toodaa,toodaa
paalee,A120_A120075,75Tet ary simh,gudaa bhoopasimh,gudaa bhoopasimh,75tet ary simh
qe,A024_A024248,mathadaan kendr kaa bhavan evam pathaa  :,gudaabad഼ee,gudaabadee,NA
naagour,A107_A107101,101khaatookhurd,ale khud,ale khud,khaatookhurd
hi suajhhun,A029_A029230,230bharavaad഼ee,bharavaadee,bharavaadee,bharavaadee
doomgarapur,A160_A160112,112goovaad഼ee,Gowari(Rural),gowarirural,goovaadee
ajamer,A100_A100091,mathadaan kendr kaa bhavan evam pathaa  :,ajamer (nagar nigam,ajamer nagar nigam,NA
hi ajamer,A098_A098237,237TUT,barool,barool,237tut
bheelavaadaa,A182_A182184,184aagariyaa,०aagariyaa,aagariyaa,aagariyaa
karoulee,A081_A081230,230baadaa baajeedapur,०baadaa baajidapur,baadaa baajidapur,baadaa baajeedapur
h jaalour,A141_A141242,242Aart,Siyana,siyana,aart
hi bharathapur,A071_A071162,162SSht dallaa,Urki Dalla,urki dalla,ssht dallaa
hi suajhhun,A027_A027006,6bhuraasar kaa baas,bhuraasar kaa baas,bhuraasar kaa baas,bhuraasar baas
h seekar,A032_A032134,mathadaan kendr kaa bhavan evam pathaa  :,kasbaa phathehapur,kasbaa phathehapur,NA
udayapur,A151_A151247,247bichheevaad഼aa,bichheevaad഼aa,bichheevaadaa,bichheevaadaa
naagour,A107_A107188,188alakhapuraa,alakhapuraa,alakhapuraa,alakhapuraa
naagour,A106_A106024,24laadanoo,ast,ast,laadanoo
udayapur,A157_A157045,45chiththoodeeyaa,chiththoodiyaa,chiththoodiyaa,chiththoodeeyaa
booadee,A186_A186229,229thaaledaa,thaaled഼aa,thaaledaa,thaaledaa
gamgaanagar,A005_A005215,215 4Ft Ua ST,4BLD,4bld,ft ua st
suajhhunoo,A025_A025170,170bakhthaavarapuraa,bakhthaavarapuraa,bakhthaavarapuraa,bakhthaavarapuraa
gamgaanagar,A001_A001183,183chak keraa,2LLG(Chak Khera),llgchak khera,chak keraa
8alavar,A061_A061013,13joonaayachaa khurd,jonayacha khurd,jonayacha khurd,joonaayachaa khurd
suajhhun,A029_A029086,86dh഼aakaa kaa baas,dhaakaa kaa baas,dhaakaa kaa baas,dhaakaa baas
dhoulapur,A078_A078205,205kachaharee ke saamane baadee,baadee,baadee,kachaharee saamane baadee
jaalour,A144_A144111,111ddoosan,Dadoosan,dadoosan,ddoosan
seekar,A034_A034115,vidhaalay nethad഼avaas (nayaa bhavan (daayaa bhaag,nethadavaas,nethadavaas,vidhaalay nethadavaas nayaa daayaa
seekar,A038_A038195,mathadaan kendr kaa bhavan evam pathaa  :,siroohee,siroohee,NA
naagour,A108_A108185,185ooamchaaeed഼aa,ooഁachaaiamd഼aa,ooachaaiamdaa,ooamchaaeedaa
h baadamer,A137_A137033,33vareeyaa bhagajee,Variya (Bhagji),variya bhagji,vareeyaa bhagajee
gamgaanagar,A005_A005079,79 16Th va,16PS,16ps,th va
ajamer,A101_A101130,mathadaan kendr kaa bhavan evam pathaa  :,ajamer (nagar nigam,ajamer nagar nigam,NA
jayapur,A048_A048182,182maanoothaa,maanoothaa,maanoothaa,maanoothaa
h seekar,A032_A032113,mathadaan kendr kaa bhavan evam pathaa  :,phathehapur,phathehapur,NA
jaalour,A144_A144055,55galeephaa,Galifa,galifa,galeephaa
seekar,A032_A032167,167ATAtate TET,०chaacheebaad badaa,chaacheebaad badaa,atatate tet
gamgaanagar,A006_A006158,158 2esateevaaee,2esateevaaee,esateevaaee,esateevaaee
jaalour,A142_A142148,148saamthoo,Santhu,santhu,saamthoo
suajhhunoo,A025_A025147,147jaakhad഼aa,jaakhad഼aa,jaakhadaa,jaakhadaa
h seekar,A039_A039066,66jhhaad഼alee,jhhaadalee,jhhaadalee,jhhaadalee
beekaaner,A014_A014071,71beekaaner,beekaaner,beekaaner,beekaaner
kootaa,A188_A188189,189barakhedaa,barakhedaa,barakhedaa,barakhedaa
jayapur,A040_A040147,147pandithapuraa,pandithapuraa,pandithapuraa,pandithapuraa
alavar,A060_A060193,193mootookaa,Mothooka,mothooka,mootookaa
suajhhun,A030_A030140,140poumkh,poumkh,poumkh,poumkh
alavar,A062_A062085,mathadaan kendr kaa bhavan evam pathaa  :,jakharaanaa kalaam,jakharaanaa kalaam,NA
gamgaanagar,A003_A003116,116 1WHTH T,० 1ephaephae,ephaephae,whth
jaalour,A142_A142233,mathadaan kendr kaa bhavan evam pathaa  :,jaaloor,jaaloor,NA
bheelavaadaa,A181_A181238,238saamgariyaa,saamgariyaa,saamgariyaa,saamgariyaa
h jaalour,A145_A145138,138arrest,Dhamseen,dhamseen,arrest
seekar,A033_A033205,205theed഼avaa,०thidavaa,thidavaa,theedavaa
8toumk,A096_A096186,mathadaan kendr kaa bhavan evam pathaa  :,toomk,toomk,NA
seekar,A039_A039080,80hoolyaakaabaas,STAT kaa baas,stat kaa baas,hoolyaakaabaas
doomgarapur,A159_A159140,140gadaa maiyaariyaa,Gara Maiyariya,gara maiyariya,gadaa maiyaariyaa
bharathapur,A075_A075184,184haathoudee,haathoudee,haathoudee,haathoudee
udayapur,A156_A156138,138jaambood഼aa,jaamboodaa,jaamboodaa,jaamboodaa
gamgaanagar,A006_A006106,106 7emadee,7MD,7md,emadee
raajasamand,A175_A175123,123jaavad,raajasamand,raajasamand,jaavad
h seekar,A038_A038129,mathadaan kendr kaa bhavan evam pathaa  :,०keravaalee,keravaalee,NA
alavar,A060_A060075,75laahad഼oud,[1000,NA,laahadoud
8paalee,A116_A116114,114aagevaa,aagevaa,aagevaa,aagevaa
doomgarapur,A161_A161053,53paal gamdhavaa,:,NA,paal gamdhavaa
qe,A024_A024221,221sujaanagadh,sujaanagadh഼,sujaanagadh,sujaanagadh
udayapur,A153_A153036,mathadaan kendr kaa bhavan evam pathaa  :,udayapur,udayapur,NA
udayapur,A155_A155080,80lakshmanapuraa,lakshmanapuraa,lakshmanapuraa,lakshmanapuraa
qe,A024_A024213,213sujaanagadh,sujaanagadh഼,sujaanagadh,sujaanagadh
ajamer,A098_A098245,245dabarelaa,Dabrela,dabrela,dabarelaa
jayapur,A045_A045175,175savaaeemaadhoosimhapuraa,savaaee maadhoosimhapuraa,savaaee maadhoosimhapuraa,savaaeemaadhoosimhapuraa
seekar,A039_A039189,189divaraalaa,divaraalaa,divaraalaa,divaraalaa
jayapur,A056_A056119,119vaatikaa,vaatikaa,vaatikaa,vaatikaa
chiththoudagadh,A168_A168037,37aajooliyaa kaa khedaa,aajooliyaa kaa khedaa,aajooliyaa kaa khedaa,aajooliyaa khedaa
8toumk,A096_A096091,91toomk,toomk,toomk,toomk
naagour,A115_A115159,159jeenavaar,jeenavaar,jeenavaar,jeenavaar
naagour,A113_A113171,171Bact,jaakhalee,jaakhalee,bact
hanumaanagadh,A009_A009068,68saraavaavaalaa  (9el jee dablyoo,saraavaavaalaa,saraavaavaalaa,saraavaavaalaa el jee dablyoo
naagour,A106_A106080,80daabad഼ee,daabadee,daabadee,daabadee
udayapur,A149_A149248,248pheraniyoo kaa TST,pheraneeyoo kaa gudaa,pheraneeyoo kaa gudaa,pheraniyoo tst
naagour,A113_A113132,132nimbad഼ee,nimbad഼ee,nimbadee,nimbadee
udayapur,A150_A150101,101baaseevaad഼aa,baaseevaad഼aa,baaseevaadaa,baaseevaadaa
ajamer,A103_A103092,"92krishi upaj mandee, byaavar",byaavar,byaavar,krishi upaj mandee byaavar
baadamer,A138_A138099,99parihaaraa൦0 kee dhaanee,parihaaroom kee dhaanee,parihaaroom kee dhaanee,parihaaraa dhaanee
hanumaanagadh,A008_A008079,mathadaan kendr kaa bhavan evam pathaa  :,hanumaanagadh഼,hanumaanagadh,NA
ajamer,A104_A104210,210thelaad഼aa,thelaadaa,thelaadaa,thelaadaa
hi suajhhun,A031_A031028,28maanoothaa kalaam,०manoothaa kalaan,manoothaa kalaan,maanoothaa kalaam
suajhhunoo,A027_A027113,113sulathaanaa,sulathaanaa,sulathaanaa,sulathaanaa
gamgaanagar,A003_A003053,53 27eph kameenapuraa,27eph,27eph,eph kameenapuraa
udayapur,A157_A157029,29kaaleebheeth,kaalee bheeth,kaalee bheeth,kaaleebheeth
suajhhunoo,A025_A025133,133narahad഼,narahad഼,narahad,narahad
udayapur,A154_A154110,110chamged഼ee,chamged഼ee,chamgedee,chamgedee
jaalour,A143_A143171,171bhaagal sephtaa,Bhagal Sephta,bhagal sephta,bhaagal sephtaa
raajasamand,A173_A173108,108laakhaagudaa,laakhaagudaa,laakhaagudaa,laakhaagudaa
8savaaeemaadhoopur,A093_A093003,3fare,sivaad,sivaad,fare
joodhapur,A131_A131131,mathadaan kendr kaa bhavan evam pathaa  :,pipaad sahar,pipaad sahar,NA
beekaaner,A014_A014169,169beekaaner,beekaaner,beekaaner,beekaaner
h baadamer,A136_A136239,239laapoondad഼aa tharalee,०laapoondad഼aa tharalee,laapoondadaa tharalee,laapoondadaa tharalee
h seekar,A038_A038225,mathadaan kendr kaa bhavan evam pathaa  :,guhaalaa,guhaalaa,NA
8toumk,A096_A096181,mathadaan kendr kaa bhavan evam pathaa  :,toomk,toomk,NA
jaalour,A145_A145219,219chaamdoor,Chandoor,chandoor,chaamdoor
alavar,A062_A062052,52maajaraa,maajaraa,maajaraa,maajaraa
ajamer,A098_A098105,105madanagamj,kisanagadh (n.parishad,kisanagadh nparishad,madanagamj
naagour,A110_A110115,115naagad഼ee,naagadee,naagadee,naagadee
h karoulee,A081_A081231,231lhaavad,wala,wala,lhaavad
bheelavaadaa,A183_A183061,61STAT,aamaa,aamaa,stat
dousaa,A085_A085139,139TAA,basavaa,basavaa,139taa
jaalour,A142_A142040,40jeevaanaa,Jeewana,jeewana,jeevaanaa
baadamer,A138_A138205,205devandee,devandee,devandee,devandee
suajhhun,A026_A026203,203rasoolapur aheeraan,rasoolapur (aheeraan,rasoolapur aheeraan,rasoolapur aheeraan
bharathapur,A071_A071084,84jhheetharedee,Jheetredi,jheetredi,jhheetharedee
paalee,A117_A117185,mathadaan kendr kaa bhavan evam pathaa  :,atapadaa,atapadaa,NA
baamsavaadaa,A166_A166001,1mahud഼ee,mahad഼ee,mahadee,mahudee
ajamer,A103_A103096,"96krishnaa kaamloonee, byaavar",byaavar,byaavar,krishnaa kaamloonee byaavar
jayapur,A045_A045088,88saavaradaa,saavaradaa,saavaradaa,saavaradaa
gamgaanagar,A001_A001081,81 31jee jee thathaarasar,31060,NA,jee jee thathaarasar
jayapur,A044_A044046,46kisanagadh഼ renavaal,kisanagadh഼ renavaal,kisanagadh renavaal,kisanagadh renavaal
seekar,A037_A037014,mathadaan kendr kaa bhavan evam pathaa  :,kootadee luhaaravaas,kootadee luhaaravaas,NA
h baaraa,A193_A193069,69maamgarool,maamgarool,maamgarool,maamgarool
dousaa,A086_A086072,72jatavaad഼aa,:,NA,jatavaadaa
gamgaanagar,A003_A003233,233 1peees,1peees,peees,peees
naagour,A106_A106060,60roodoo,Ug,NA,roodoo
udayapur,A156_A156091,91gaathoud഼,gaathoud഼,gaathoud,gaathoud
suajhhunoo,A030_A030088,88poosaanaa,०poosaanaa,poosaanaa,poosaanaa
hi bharathapur,A071_A071213,213nagalaadesavaar,Nagla Deshwar,nagla deshwar,nagalaadesavaar
alavar,A059_A059097,97tapookad഼aa,tapookadaa,tapookadaa,tapookadaa
suajhhunoo,A030_A030181,181Saaqraret,०udayapuravaatee,udayapuravaatee,saaqraret
jhhaalaavaad,A198_A198039,mathadaan kendr kaa bhavan evam pathaa  :,jhhaalaavaad഼,jhhaalaavaad,NA
udayapur,A152_A152212,212kaayaapaart aamadaree,kaayaapaart kitoodaa,kaayaapaart kitoodaa,kaayaapaart aamadaree
ajamer,A103_A103184,184saahapuraa,:,NA,saahapuraa
bharathapur,A070_A070103,103ASAT,Sahsan,sahsan,asat
alavar,A063_A063230,230thurkiyaavaas,Turkiyawas,turkiyawas,thurkiyaavaas
raajasamand,A174_A174179,179delavaadiyaa,०delavaadiyaa,delavaadiyaa,delavaadiyaa
naagour,A106_A106003,3AST,ast,ast,3ast
jayapur,A046_A046170,170kaanadapuraa,kaanadpuraa,kaanadpuraa,kaanadapuraa
ajamer,A103_A103054,mathadaan kendr kaa bhavan evam pathaa  :,byaavar,byaavar,NA
hanumaanagadh,A008_A008131,taaoon,hanumaanagadh഼,hanumaanagadh,taaoon
paalee,A119_A119205,mathadaan kendr kaa bhavan evam pathaa  :,gudaa raamasimh,gudaa raamasimh,NA
ajamer,A103_A103052,mathadaan kendr kaa bhavan evam pathaa  :,byaavar,byaavar,NA
seekar,A034_A034141,mahalaa kee dhaanee,aaamtharee,aaamtharee,mahalaa dhaanee
seekar,A037_A037167,167thikareeyaa,thikareeyaa,thikareeyaa,thikareeyaa
dousaa,A088_A088009,mathadaan kendr kaa bhavan evam pathaa  :,theetharavaadaa khurd,theetharavaadaa khurd,NA
suajhhunoo,A029_A029139,139navalagadh,navalagadh഼,navalagadh,navalagadh
ajamer,A104_A104066,66doulathapuraa,doulathapuraa (jaamoolaa,doulathapuraa jaamoolaa,doulathapuraa
seekar,A039_A039234,234saavamlapuraa sekhaavathaan,saamvalapuraa sekhaavathaan,saamvalapuraa sekhaavathaan,saavamlapuraa sekhaavathaan
jayapur,A043_A043181,mathadaan kendr kaa bhavan evam pathaa  :,choumoom,choumoom,NA
gamgaanagar,A003_A003108,108 2ws see mukan,2ephasee,ephasee,ws see mukan
beekaaner,A014_A014033,mathadaan kendr kaa bhavan evam pathaa  :,beekaaner,beekaaner,NA
booadee,A186_A186277,277bhoopathapuraa,bhoupathapuraa,bhoupathapuraa,bhoopathapuraa
naagour,A113_A113155,155booraavad഼,booraavad഼,booraavad,booraavad
suajhhunoo,A025_A025041,41pilaanee,pilaanee,pilaanee,pilaanee
paalee,A116_A116143,143Hares,aasaralaaee,aasaralaaee,hares
naagour,A107_A107197,197bugaaliyoom kee dhaanee,bugaaliyoo kee dhaanee,bugaaliyoo kee dhaanee,bugaaliyoom dhaanee
suajhhunoo,A025_A025065,mathadaan kendr kaa bhavan evam pathaa  :,vidyaa vihaar pilaanee,vidyaa vihaar pilaanee,NA
gamgaanagar,A003_A003047,47 7o,7ao,7ao,NA
udayapur,A154_A154186,186prathaapapuraa,prathaapapuraa,prathaapapuraa,prathaapapuraa
chooru,A021_A021119,119saradaarasahar,saradaarasahar,saradaarasahar,saradaarasahar
udayapur,A152_A152012,12havaalaa kalaa,havaalaa kalaa,havaalaa kalaa,havaalaa kalaa
baadamer,A136_A136121,121meharaajooniyoom kee beree,०meharaajooniyoom kee beree,meharaajooniyoom kee beree,meharaajooniyoom beree
jaalour,A142_A142244,244moomk,Mauk,mauk,moomk
h karoulee,A081_A081242,242kaimaree,kaimaree,kaimaree,kaimaree
h seekar,A032_A032062,62phadanapuraa,phadanapuraa,phadanapuraa,phadanapuraa
suajhhunoo,A029_A029156,156navalagadh,navalagadh഼,navalagadh,navalagadh
ajamer,A103_A103119,"119phathehapuriyaa dvitheey, byaavar",byaavar,byaavar,phathehapuriyaa dvitheey byaavar
qe,A022_A022166,166kad഼avaasar,kad഼avaasar,kadavaasar,kadavaasar
suajhhunoo,A031_A031200,200haradi/൦ayaa,haradiyaa,haradiyaa,haradiayaa
savaaeemaadhoopur,A090_A090128,128gamgaapur nahar rood഼,gamgaapur sitee,gamgaapur sitee,gamgaapur nahar rood
hi qe,A022_A022034,34aasalakhedee,aasalasakhed഼ee,aasalasakhedee,aasalakhedee
joodhapur,A122_A122009,9manacheethiyaa,०saamvaraa gaaഁav,saamvaraa gaaav,manacheethiyaa
hi suajhhun,A028_A028182,182kuhaad഼oo,kuhaad഼oo,kuhaadoo,kuhaadoo
beekaaner,A012_A012045,baimriyaavaalee khaajoovaalaa,Beriyawali,beriyawali,baimriyaavaalee khaajoovaalaa
gamgaanagar,A003_A003091,91 43jee jee kharalaam,43jee jee,43jee jee,jee jee kharalaam
४naagour,A107_A107085,85baamthad഼ee,baamthadee,baamthadee,baamthadee
hi suajhhun,A029_A029078,78kumaavaas,०kumaavaas,kumaavaas,kumaavaas
hi suajhhun,A027_A027104,104rathan sahar,maakhar,maakhar,rathan sahar
raajasamand,A173_A173014,14svaajanaa,०svaajanaa chainapuraa,svaajanaa chainapuraa,svaajanaa
joodhapur,A130_A130200,200moodee joosiyaan,moodee joosiyaan,moodee joosiyaan,moodee joosiyaan
suajhhun,A026_A026196,196khaandavaam,khaandavaam,khaandavaam,khaandavaam
udayapur,A156_A156291,291eetaaleekhed഼aa,intaaleekhedaa,intaaleekhedaa,eetaaleekhedaa
jhhaalaavaad,A198_A198228,228pid഼aavaa,pidaavaa,pidaavaa,pidaavaa
jaalour,A145_A145220,220phaidaanee,Phaidani,phaidani,phaidaanee
paalee,A117_A117244,244dhoolakoot,"dhoolakoot, laavaamaalee",dhoolakoot laavaamaalee,dhoolakoot
alavar,A065_A065223,223maalaakhedaa,:,NA,maalaakhedaa
hanumaanagadh,A007_A007212,212 4aar.pee,4 २७,NA,aarpee
h toumk,A097_A097112,112doonee,at,NA,doonee
jaalour,A142_A142104,mathadaan kendr kaa bhavan evam pathaa  :,Rewatra,rewatra,NA
naagour,A115_A115186,186naavaam,naavaam,naavaam,naavaam
suajhhun,A026_A026036,36beralaa,beralaa,beralaa,beralaa
suajhhun,A026_A026153,153ACSTAT HAT,gharadaanaa kalaam,gharadaanaa kalaam,acstat hat
hi suajhhun,A027_A027220,220khathehapuraa,khathehapuraa,khathehapuraa,khathehapuraa
qe,A019_A019101,101raajagadh഼,raajagadh഼,raajagadh,raajagadh
naagour,A112_A112250,250doulathapuraa,doolath puraa,doolath puraa,doulathapuraa
savaaeemaadhoopur,A091_A091164,164livaalee,Liwali,liwali,livaalee
ajamer,A104_A104077,77kusalapuraa,kusalapuraa,kusalapuraa,kusalapuraa
ajamer,A105_A105151,151ugaanakhedaa,ugaan khed഼aa,ugaan khedaa,ugaanakhedaa
jayapur,A048_A048082,82jamavaaraamagadh,jamavaa raamagadh഼,jamavaa raamagadh,jamavaaraamagadh
8ajamer,A099_A099133,133Tae,|gaamv ghoogharaa,gaamv ghoogharaa,133tae
naagour,A106_A106009,9laadanoom,ast,ast,laadanoom
ajamer,A102_A102093,93doulathakhed഼aa,doulath khed഼aa,doulath khedaa,doulathakhedaa
beekaaner,A013_A013102,"(kamaraa nam  24),naththoosar get ke baahar,",beekaaner,beekaaner,kamaraa naththoosar get baahar
suajhhun,A028_A028179,179Ala,moujaas,moujaas,179ala
ajamer,A105_A105231,231saavar,saavar,saavar,saavar
8paalee,A119_A119090,90fasitar,bijoobavaa,bijoobavaa,fasitar
hi suajhhun,A028_A028143,143pooniyoom kaa baas,०puniyoom kaa baas,puniyoom kaa baas,pooniyoom baas
ajamer,A105_A105058,mathadaan kendr kaa bhavan evam pathaa  :,saravaad,saravaad,NA
raajasamand,A173_A173038,38karakaalaa nichalaa  ),karakaalaa,karakaalaa,karakaalaa nichalaa
jaalour,A141_A141233,233deladaree,Deldari,deldari,deladaree
naagour,A115_A115231,231gudh഼aa Arve,gudhaasaalt,gudhaasaalt,gudhaa arve
jayapur,A040_A040086,86kootapoothalee,kootapoothalee,kootapoothalee,kootapoothalee
seekar,A034_A034208,"cheritee trast, loosal (giradhar bhavan",loosal,loosal,cheritee trast loosal giradhar
ajamer,A099_A099053,53karakedee,karakedee,karakedee,karakedee
h karoulee,A081_A081173,173gudhaachandrajee,gudhaachandrajee,gudhaachandrajee,gudhaachandrajee
udayapur,A149_A149109,109mevaadoom kaa math,mevaadoo kaa math,mevaadoo kaa math,mevaadoom math
hi suajhhun,A031_A031211,211sunaaree,sunaaree,sunaaree,sunaaree
8paalee,A117_A117025,25mev,"gaamv mev,devanagar",gaamv mevdevanagar,25mev
hi jayapur,A058_A058151,151chaakasoo,chaakasoo,chaakasoo,chaakasoo
suajhhunoo,A025_A025014,14thigiyaas,thigiyaas,thigiyaas,thigiyaas
raajasamand,A173_A173224,224peethaamapuraa,peethaamapuraa,peethaamapuraa,peethaamapuraa
ajamer,A101_A101016,mathadaan kendr kaa bhavan evam pathaa  :,ajamer (nagar nigam,ajamer nagar nigam,NA
suajhhunoo,A030_A030169,169seaqraret,०udayapuravaatee,udayapuravaatee,seaqraret
baadamer,A140_A140186,186sam,:,NA,186sam
beekaaner,A012_A012063,keechaem,Dantaur,dantaur,keechaem
hanumaanagadh,A009_A009231,231ATSaT,chaaeeyaa,chaaeeyaa,atsat
naagour,A115_A115184,184naavaam,naavaam,naavaam,naavaam
jayapur,A057_A057193,193savaaeejayasimhapuraa,savaaee jayasimhapuraa,savaaee jayasimhapuraa,savaaeejayasimhapuraa
naagour,A112_A112003,3nimbad഼ee chaamdavathaa,nimbad഼ee chaamdaavathaa,nimbadee chaamdaavathaa,nimbadee chaamdavathaa
booadee,A185_A185082,82indragadh,indragadh഼,indragadh,indragadh
suajhhun,A027_A027069,69budaanaa,jeevaa vaalee dhaanee,jeevaa vaalee dhaanee,budaanaa
savaaeemaadhoopur,A090_A090190,190nougaamv,nougaaഁav,nougaaav,nougaamv
paalee,A120_A120056,56gudaa aasakaran,gudaa aasaran,gudaa aasaran,gudaa aasakaran
doomgarapur,A158_A158167,167doomgarapur,dooഁagarapur,dooagarapur,doomgarapur
bharathapur,A075_A075121,121vair,at,NA,vair
naagour,A113_A113212,212makaraanaa,०makaraanaa,makaraanaa,makaraanaa
ajamer,A103_A103103,mathadaan kendr kaa bhavan evam pathaa  :,byaavar,byaavar,NA
hanumaanagadh,A007_A007065,65samgariyaa,samgariyaa,samgariyaa,samgariyaa
suajhhunoo,A029_A029017,17mukandagadh,mukundagadh഼,mukundagadh,mukandagadh
beekaaner,A014_A014133,mathadaan kendr kaa bhavan evam pathaa  :,beekaaner,beekaaner,NA
hi kootaa,A187_A187219,219sulthaanapur,Sultanpur,sultanpur,sulthaanapur
beekaaner,A013_A013029,"basthee, baayaam bhaag nayaa bhavan,",beekaaner,beekaaner,basthee baayaam nayaa
jhhaalaavaad,A198_A198233,233pid഼aavaa,pidaavaa,pidaavaa,pidaavaa
jaalour,A143_A143107,107phaagootharaa,Fagotra,fagotra,phaagootharaa
jayapur,A045_A045010,10bookad഼aavaas,bookadaavaas,bookadaavaas,bookadaavaas
8jaalour,A142_A142118,mathadaan kendr kaa bhavan evam pathaa  :,Ummedabad,ummedabad,NA
prathaapagadh,A172_A172085,85prathaapagadh,prathaapagadh഼,prathaapagadh,prathaapagadh
kootaa,A191_A191134,134dhaakad഼akhed഼ee,Ward No.31,ward no,dhaakadakhedee
udayapur,A154_A154146,146vijanavaas,gaamv  ०vijanavaas,gaamv vijanavaas,vijanavaas
jayapur,A044_A044012,12eetaavaa,iamtaavaa,iamtaavaa,eetaavaa
baadamer,A137_A137092,mathadaan kendr kaa bhavan evam pathaa  :,baalootharaa,baalootharaa,NA
hi suajhhun,A025_A025220,220braahmanoom kee dh഼aanee,braahmanoom kee dh഼aanee,braahmanoom kee dhaanee,braahmanoom dhaanee
udayapur,A153_A153132,mathadaan kendr kaa bhavan evam pathaa  :,udayapur,udayapur,NA
raajasamand,A173_A173172,172devagadh,devagadh഼,devagadh,devagadh
savaaeemaadhoopur,A090_A090082,82udeee kalaaഁ saharee,gamgaapur sitee,gamgaapur sitee,udeee kalaa saharee
baadamer,A135_A135167,167segadee,segadee,segadee,segadee
kootaa,A191_A191119,119kaithoon,Ward No.9,ward no,kaithoon
hanumaanagadh,A008_A008250,250lakhoobavaalee,11RP  (11aarapee,11rp 11aarapee,lakhoobavaalee
jayapur,A044_A044189,189AUAAT,gaamv  ०naraayanaa,gaamv naraayanaa,auaat
naagour,A112_A112154,154WATS,raamagadh,raamagadh,wats
naagour,A107_A107052,52deedavaanaa,deedavaanaa myunisapalitee,deedavaanaa myunisapalitee,deedavaanaa
naagour,A111_A111049,49laaee,laaee,laaee,laaee
h dousaa,A086_A086192,192nougaamv,:,NA,nougaamv
gamgaanagar,A004_A004060,604el see e,4 10-५७,NA,604el see
naagour,A110_A110105,105baravataa,baravataa,baravataa,baravataa
hi bharathapur,A071_A071110,110soumasee,Somsi,somsi,soumasee
suajhhunoo,A026_A026040,40soorajagadh,soorajagadh഼,soorajagadh,soorajagadh
hanumaanagadh,A008_A008151,"151stesan rood, hanumaanagadh taaoon",hanumaanagadh഼,hanumaanagadh,stesan rood hanumaanagadh taaoon
bharathapur,A071_A071043,43bhuaapuragadhee,Bhuapur Garhi,bhuapur garhi,bhuaapuragadhee
jayapur,A047_A047118,118daabadee,daabad഼ee,daabadee,daabadee
bharathapur,A070_A070166,166luhesar,Luhesar,luhesar,luhesar
savaaeemaadhoopur,A090_A090099,99gamgaapur bajariyaa ke paas,gamgaapur sitee,gamgaapur sitee,gamgaapur bajariyaa
8gamgaanagar,A005_A005203,203 6bee jee dee,6 860,NA,bee jee dee
chooru,A021_A021181,181baadadiyaa,baadadi/yaa,baadadiyaa,baadadiyaa
bheelavaadaa,A182_A182010,mathadaan kendr kaa bhavan evam pathaa  :,koochalavaadaa kalaa,koochalavaadaa kalaa,NA
bheelavaadaa,A181_A181246,246raamapuraa,raamapuraa,raamapuraa,raamapuraa
ajamer,A100_A100063,mathadaan kendr kaa bhavan evam pathaa  :,ajamer (nagar nigam,ajamer nagar nigam,NA
bharathapur,A072_A072214,214gunasaaraa,Gunsara,gunsara,gunasaaraa
ajamer,A103_A103202,202bad഼akoocharaa,bad഼akoocharaa,badakoocharaa,badakoocharaa
naagour,A106_A106102,102nimbeejoodhaa,nimbee joodhaa,nimbee joodhaa,nimbeejoodhaa
seekar,A036_A036024,24sisyoom,sisyoom,sisyoom,sisyoom
kootaa,A191_A191122,122kaithoon,Ward No.13,ward no,kaithoon
8toumk,A096_A096096,96toomk,toomk,toomk,toomk
naagour,A111_A111193,193bhaisad഼aa kalaam,bhemsadaa kalaa,bhemsadaa kalaa,bhaisadaa kalaam
toumk,A095_A095164,mathadaan kendr kaa bhavan evam pathaa  :,nivaaee,nivaaee,NA
alavar,A063_A063233,233leelaamamdhaa,Lila Marha,lila marha,leelaamamdhaa
h karoulee,A081_A081211,211gadhamooraa,gadhamooraa,gadhamooraa,gadhamooraa
jhhaalaavaad,A200_A200216,216gajavaadee,gajavaadee,gajavaadee,gajavaadee
naagour,A106_A106103,103nimbeejoodhaa,nimbee joodhaa,nimbee joodhaa,nimbeejoodhaa
qe,A019_A019110,mathadaan kendr kaa bhavan evam pathaa  :,raajagadh഼,raajagadh,NA
naagour,A112_A112266,266baadeeghaatee,baadeeghaatee,baadeeghaatee,baadeeghaatee
beekaaner,A012_A012003,n0  1aanandagadh,Ballar,ballar,n aanandagadh
udayapur,A153_A153068,mathadaan kendr kaa bhavan evam pathaa  :,udayapur,udayapur,NA
udayapur,A156_A156120,120geemgalaa,geemgalaa,geemgalaa,geemgalaa
naagour,A106_A106107,mathadaan kendr kaa bhavan evam pathaa  :,nimbee joodhaa,nimbee joodhaa,NA
jayapur,A046_A046046,46baberavaaloom kee dhaanee,baberavaaloo kee dhaanee,baberavaaloo kee dhaanee,baberavaaloom dhaanee
udayapur,A149_A149289,289senavaad഼aa,senavaad഼aa,senavaadaa,senavaadaa
naagour,A107_A107152,152nimbeekalaam,nimbeekalaa,nimbeekalaa,nimbeekalaam
toumk,A095_A095228,228lalavaadee,lalavaadee,lalavaadee,lalavaadee
paalee,A121_A121171,171baamgadee,baamgadee,baamgadee,baamgadee
udayapur,A149_A149037,37haayalaa,haayalaa,haayalaa,haayalaa
hanumaanagadh,A008_A008220,220Yararett soft,10 |॥०0-०(bhunaavaalee er,bhunaavaalee er,yararett soft
gamgaanagar,A003_A003106,106 56eph,56eph,56eph,eph
baamsavaadaa,A164_A164091,mathadaan kendr kaa bhavan evam pathaa  :,baamsavaad഼aa,baamsavaadaa,NA
raajasamand,A173_A173236,236bhaarathasimh kaa gudaa൦,bhaarathasimh kaa gudaa൦,bhaarathasimh kaa gudaa,bhaarathasimh gudaa
doomgarapur,A161_A161035,35mooradoogaraa,:,NA,mooradoogaraa
hi suajhhun,A026_A026273,273fraser,siv simh puraa,siv simh puraa,fraser
naagour,A111_A111144,144ooamchaarad഼aa khurd,uamchaaradaa khud‌,uamchaaradaa khud,ooamchaaradaa khurd
hanumaanagadh,A007_A007127,127baseer,० 4eph഼ateepee (baseer,ephateepee baseer,baseer
baadamer,A136_A136226,226dhooloo,dhooloo,dhooloo,dhooloo
savaaeemaadhoopur,A090_A090205,205nandapuraa,namdapuraa,namdapuraa,nandapuraa
jaalour,A141_A141061,61gooeendalaa,Goindla,goindla,gooeendalaa
hi suajhhun,A026_A026241,241FAaTAT,०simghaanaa,simghaanaa,faatat
udayapur,A149_A149134,134nethaavathoom kee bhaagal,०nethaavathoom kee bhaagal,nethaavathoom kee bhaagal,nethaavathoom bhaagal
bheelavaadaa,A182_A182106,106sakkaragadh,samkaragadh,samkaragadh,sakkaragadh
udayapur,A156_A156011,11railaa,railaa,railaa,railaa
udayapur,A154_A154091,91maavalee,maavalee,maavalee,maavalee
hi alavar,A067_A067250,250goovindagadh,Govindgarh (CT),govindgarh ct,goovindagadh
baadamer,A136_A136189,189baayathoo bhoopajee,baayathu bhoopajee,baayathu bhoopajee,baayathoo bhoopajee
jayapur,A048_A048207,207daamgaravaadaa khurd,paaledaa,paaledaa,daamgaravaadaa khurd
paalee,A116_A116291,mathadaan kendr kaa bhavan evam pathaa  :,bheevagadh,bheevagadh,NA
udayapur,A152_A152010,10liyoom kaa gudaa,०liyoo kaa gudaa,liyoo kaa gudaa,liyoom gudaa
beekaaner,A014_A014042,mathadaan kendr kaa bhavan evam pathaa  :,beekaaner,beekaaner,NA
baaraa,A195_A195205,205ataroo,ataroo,ataroo,ataroo
hanumaanagadh,A009_A009033,33gooloobaalaa nivaadaan  22jeaarake,०gooloovaalaa nivaadaan,gooloovaalaa nivaadaan,gooloobaalaa nivaadaan jeaarake
gamgaanagar,A004_A004135,135soorathagadh,soorathagadh഼,soorathagadh,soorathagadh
ajamer,A103_A103061,mathadaan kendr kaa bhavan evam pathaa  :,byaavar,byaavar,NA
h baadamer,A136_A136148,148gehoomvaalaa,gehoomvaalaa,gehoomvaalaa,gehoomvaalaa
alavar,A063_A063022,22TIAaTa,Talwas,talwas,tiaata
savaaeemaadhoopur,A090_A090209,209toomtoolaaee,tootoolaaee,tootoolaaee,toomtoolaaee
bharathapur,A070_A070111,111ghooseemgaa,Ghoseenga,ghoseenga,ghooseemgaa
karoulee,A081_A081220,220Glatt,khooyalee,khooyalee,glatt
hanumaanagadh,A009_A009098,98peeleebamgaa mamdee,०peeleebamgaa,peeleebamgaa,peeleebamgaa mamdee
h jaalour,A145_A145115,115gaamg,Gang,gang,gaamg
h seekar,A038_A038015,15syaaloodad഼aa,syaaloodad഼aa,syaaloodadaa,syaaloodadaa
h dousaa,A087_A087019,19AACST,aamatedaa,aamatedaa,aacst
booadee,A186_A186037,37Feat,boomdee,boomdee,feat
gamgaanagar,A001_A001084,84 30jee jee choonaavadh,० 3060,NA,jee jee choonaavadh
baadamer,A136_A136318,318pathaasar,pathaasar,pathaasar,pathaasar
alavar,A062_A062010,10kaatvaas,kaatoovaas,kaatoovaas,kaatvaas
kootaa,A188_A188229,229devalee,devalee,devalee,devalee
bharathapur,A070_A070039,39livaasanaa,Liwasana,liwasana,livaasanaa
alavar,A059_A059219,219mamdhaa,mamdhaa,mamdhaa,mamdhaa
udayapur,A157_A157245,245bhabaraanaa,hu Bhabrana,hu bhabrana,bhabaraanaa
joodhapur,A122_A122175,175ugraas,ugraas,ugraas,ugraas
raajasamand,A173_A173176,176devagadh,devagadh഼,devagadh,devagadh
baamsavaadaa,A162_A162281,281AAA,०naayan,naayan,281aaa
ajamer,A105_A105258,258goothad഼aa,०aamalee,aamalee,goothadaa
udayapur,A155_A155011,11siyaakhedee,siyaakhedee,siyaakhedee,siyaakhedee
ajamer,A101_A101040,mathadaan kendr kaa bhavan evam pathaa  :,ajamer (nagar nigam,ajamer nagar nigam,NA
8paalee,A120_A120079,79gudaa jaataan,gudaa jaataan,gudaa jaataan,gudaa jaataan
dhoulapur,A078_A078213,213raavathapaadaa baadee,baadee,baadee,raavathapaadaa baadee
joodhapur,A126_A126238,238baad഼aa kalaam,baadaa kalaa,baadaa kalaa,baadaa kalaam
udayapur,A150_A150212,212daagool,bedanapaadaa,bedanapaadaa,daagool
gamgaanagar,A004_A004111,111soorathagadh,soorathagadh഼,soorathagadh,soorathagadh
jayapur,A043_A043054,54goovindagadh,goovindagadh,goovindagadh,goovindagadh
raajasamand,A176_A176079,79theliyoo kaa thaalaab naathadvaaraa,naathadvaaraa,naathadvaaraa,theliyoo thaalaab naathadvaaraa
udayapur,A149_A149122,122jasavanthagadh,gaamv jasavanthagadh,gaamv jasavanthagadh,jasavanthagadh
paalee,A120_A120210,210paathaavaa,paathaavaa,paathaavaa,paathaavaa
udayapur,A156_A156092,92gaathood,gaathoud഼,gaathoud,gaathood
dousaa,A088_A088127,mathadaan kendr kaa bhavan evam pathaa  :,dousaa,dousaa,NA
suajhhunoo,A030_A030060,mathadaan kendr kaa bhavan evam pathaa  :,teetanavaad,teetanavaad,NA
ajamer,A104_A104070,70sathaavadiyaa,sathaavadiyaa,sathaavadiyaa,sathaavadiyaa
naagour,A114_A114209,209nethiyaas,nethiyaas,nethiyaas,nethiyaas
siroohee,A148_A148224,224aaburood഼-11 (badee paanee kee tamkee,aaboorood,aaboorood,aaburood badee paanee tamkee
naagour,A113_A113099,99baajoolee,baajoolee,baajoolee,baajoolee
seekar,A038_A038039,mathadaan kendr kaa bhavan evam pathaa  :,paatan,paatan,NA
bheelavaadaa,A182_A182021,21amaravaasee,amaravaasee,amaravaasee,amaravaasee
h baaraa,A195_A195211,211ddavaadaa,dadavaadaa,dadavaadaa,ddavaadaa
h seekar,A038_A038112,112maavandaa khurd,maavandaa khurd,maavandaa khurd,maavandaa khurd
alavar,A062_A062209,209kaaroodaa,kaaroodaa,kaaroodaa,kaaroodaa
8jaalour,A143_A143066,66daabalee raathoudaan,Dabli Rathoran,dabli rathoran,daabalee raathoudaan
joodhapur,A122_A122173,173khaaraa,khaaraa,khaaraa,khaaraa
naagour,A115_A115233,233gudh഼aasaalt,gudhaasaalt,gudhaasaalt,gudhaasaalt
naagour,A107_A107030,mathadaan kendr kaa bhavan evam pathaa  :,deedavaanaa myunisapalitee,deedavaanaa myunisapalitee,NA
dousaa,A089_A089114,mathadaan kendr kaa bhavan evam pathaa  :,laalasoot,laalasoot,NA
jaalour,A143_A143244,244mudatharaa silee,Mudtara Sili,mudtara sili,mudatharaa silee
suajhhunoo,A030_A030125,125kakaraanaa,०kakaraanaa,kakaraanaa,kakaraanaa
h seekar,A038_A038233,233bamdhaalaa bhoopaalapuraa,bamdhaalaa bhoopaalapuraa,bamdhaalaa bhoopaalapuraa,bamdhaalaa bhoopaalapuraa
ajamer,A103_A103125,mathadaan kendr kaa bhavan evam pathaa  :,byaavar,byaavar,NA
seekar,A033_A033123,"21,lakshm,",lakshmanagadh഼,lakshmanagadh,lakshm
jaalour,A143_A143004,4soobadaavaas,०Sobrawas,sobrawas,soobadaavaas
hanumaanagadh,A008_A008110,"110sabjee mamdee, hanumaanagadh jamksan",hanumaanagadh഼,hanumaanagadh,sabjee mamdee hanumaanagadh jamksan
ajamer,A100_A100026,26kootadaa,ajamer (nagar nigam,ajamer nagar nigam,kootadaa
suajhhun,A027_A027148,148chidaasan,Pasta,pasta,chidaasan
jaalour,A141_A141060,60nooravaa,Norwa,norwa,nooravaa
udayapur,A149_A149251,251AlSTa HAT,ghoodaan kalaa,ghoodaan kalaa,alsta hat
gamgaanagar,A006_A006153,153 9deedee,9deedee,deedee,deedee
hi suajhhun,A030_A030204,204maavathaam,०maavathaa,maavathaa,maavathaam
baadamer,A138_A138175,175melee,melee,melee,melee
ajamer,A104_A104087,87laambaa,laambaa,laambaa,laambaa
hanumaanagadh,A008_A008034,34jand഼aavaalee,6 ॥२॥९<(jandaavaalee,jandaavaalee,jandaavaalee
qe,A024_A024198,198sujaanagadh,sujaanagadh഼,sujaanagadh,sujaanagadh
baadamer,A136_A136263,263javaaharapuraa,javaaharapuraa,javaaharapuraa,javaaharapuraa
suajhhunoo,A030_A030065,65bhoud഼akee,bhoodakee,bhoodakee,bhoudakee
joodhapur,A122_A122185,185saamvareej,saamvareej,saamvareej,saamvareej
paalee,A120_A120191,191doomgaralee,dammgaralee,dammgaralee,doomgaralee
gamgaanagar,A003_A003017,17 12ech moohalaam,12ech,12ech,ech moohalaam
naagour,A114_A114012,12bhakaree moolaas,०bhakaree moulaas,bhakaree moulaas,bhakaree moolaas
paalee,A119_A119019,mathadaan kendr kaa bhavan evam pathaa  :,०maaravaad jamksan (sahar,maaravaad jamksan sahar,NA
gamgaanagar,A003_A003160,160 20bee bee pratham,20beebee  ।,beebee,bee bee pratham
doomgarapur,A158_A158162,162doomgarapur,dooഁagarapur,dooagarapur,doomgarapur
seekar,A032_A032171,171kaaramgaa badaa,kaaramgaa badaa,kaaramgaa badaa,kaaramgaa badaa
baadamer,A140_A140304,304goudaa,goudaa,goudaa,goudaa
seekar,A039_A039003,3kachamnapur,kamchanapur,kamchanapur,kachamnapur
alavar,A061_A061025,25naaghoodee,NAGHODI,naghodi,naaghoodee
naagour,A106_A106013,13laadanoom,ast,ast,laadanoom
hi suajhhun,A029_A029029,29pabaanaa,०pabaanaa,pabaanaa,pabaanaa
prathaapagadh,A157_A157108,108dhariyaavad,dhariyaavad sitee,dhariyaavad sitee,dhariyaavad
udayapur,A152_A152046,mathadaan kendr kaa bhavan evam pathaa  :,udayapur,udayapur,NA
qe,A022_A022105,105chooroo,chooru,chooru,chooroo
bharathapur,A072_A072229,229saamtharook,saamtharook,saamtharook,saamtharook
jhhaalaavaad,A198_A198076,76ATAU ITT,jhhaalaraapaatan,jhhaalaraapaatan,atau itt
suajhhunoo,A026_A026136,136buhaanaa,buhaanaa,buhaanaa,buhaanaa
jayapur,A045_A045206,206jhhoodindaa bhoojapuraa,jhhoodindaa bhoojapuraa,jhhoodindaa bhoojapuraa,jhhoodindaa bhoojapuraa
ajamer,A104_A104203,203chaampaaneree,chaapaaneree,chaapaaneree,chaampaaneree
dousaa,A085_A085008,8bhaamvathee,bhaamvathee,bhaamvathee,bhaamvathee
naagour,A114_A114072,72kinasariyaa,kinasariyaa,kinasariyaa,kinasariyaa
qe,A024_A024165,165sujaanagadh,sujaanagadh഼,sujaanagadh,sujaanagadh
seekar,A038_A038204,204dhaanee maaliyaan than bhoodoolee,bhoodoolee,bhoodoolee,dhaanee maaliyaan than bhoodoolee
jayapur,A044_A044150,150saambhar lek,saambhar nagar paalikaa,saambhar nagar paalikaa,saambhar lek
naagour,A114_A114225,225pamvaaliyaa,pamvaaliyaa,pamvaaliyaa,pamvaaliyaa
naagour,A115_A115205,205baataliyaa,baataliyaa,baataliyaa,baataliyaa
ajamer,A104_A104150,150sootheekhed഼aa,sootheekhe൦adaa,sootheekheadaa,sootheekhedaa
ajamer,A103_A103066,mathadaan kendr kaa bhavan evam pathaa  :,byaavar,byaavar,NA
booadee,A185_A185252,252ke.paatan,kesooraayapaatan,kesooraayapaatan,kepaatan
gamgaanagar,A005_A005227,227sivapuree,29GB-B (Rural),29gbb rural,sivapuree
qe,A023_A023052,52rathanagadh,rathanagadh഼,rathanagadh,rathanagadh
paalee,A116_A116244,244kundaal (booteevaas,Boontiwas,boontiwas,kundaal booteevaas
bharathapur,A071_A071039,39punaay,Punay,punay,punaay
udayapur,A156_A156251,251khood഼aav,khoomdaav,khoomdaav,khoodaav
ajamer,A103_A103196,196kaabaraa,:,NA,kaabaraa
savaaeemaadhoopur,A090_A090090,90vrihambaad,Brahmabad(Rural),brahmabadrural,vrihambaad
karoulee,A081_A081014,14gaharoulee,gaharoulee,gaharoulee,gaharoulee
alavar,A059_A059105,105meethiyaavaas,meethiyaavaas,meethiyaavaas,meethiyaavaas
toumk,A095_A095046,46ATH,:,NA,46ath
joodhapur,A125_A125074,74bhaabhuo kee dhaanee,bhaambhoooam kee dhaanee,bhaambhoooam kee dhaanee,bhaabhuo dhaanee
bheelavaadaa,A182_A182234,234reeth,reeth,reeth,reeth
ajamer,A105_A105225,225ghatiyaalee,ghatiyaalee,ghatiyaalee,ghatiyaalee
beekaaner,A014_A014021,mathadaan kendr kaa bhavan evam pathaa  :,beekaaner,beekaaner,NA
naagour,A113_A113218,218makaraanaa,०makaraanaa,makaraanaa,makaraanaa
jaalour,A145_A145058,58mookhaatharaa,Mokhatara,mokhatara,mookhaatharaa
naagour,A111_A111050,50laaee,laaee,laaee,laaee
suajhhunoo,A028_A028158,158soonaasar,soonaasar,soonaasar,soonaasar
hi suajhhun,A026_A026279,279nihaalooth,nihaalooth,nihaalooth,nihaalooth
paalee,A119_A119024,24doodood,dudoud,dudoud,doodood
bheelavaadaa,A182_A182210,210goolabadee,goodabadee,goodabadee,goolabadee
toumk,A095_A095064,64doodavaadee,:,NA,doodavaadee
jaisalamer,A133_A133195,195gadee champaavath,०gadee champaavath,gadee champaavath,gadee champaavath
naagour,A111_A111128,128med഼athaa,medathaasitee,medathaasitee,medathaa
hi bharathapur,A072_A072092,92supaavas,०Supawas,supawas,supaavas
suajhhunoo,A026_A026069,69Arava qe,agavaanaa khurd,agavaanaa khurd,arava qe
raajasamand,A174_A174150,150mevaadiyaa,०mevaadiyaa,mevaadiyaa,mevaadiyaa
h seekar,A039_A039070,70jhhaad഼alee,jhhaadalee,jhhaadalee,jhhaadalee
ajamer,A103_A103013,13mediyaa,०mediyaa,mediyaa,mediyaa
hi suajhhun,A026_A026244,244simghaanaa,०simghaanaa,simghaanaa,simghaanaa
beekaaner,A014_A014069,mathadaan kendr kaa bhavan evam pathaa  :,beekaaner,beekaaner,NA
suajhhun,A029_A029190,mathadaan kendr kaa bhavan evam pathaa  :,parasaraamapuraa,parasaraamapuraa,NA
h jaalour,A142_A142201,201Alea Ht Ft cars,Jalor B (Rural),jalor b rural,alea ht ft cars
karoulee,A081_A081191,191SAT,jeeranaa,jeeranaa,191sat
joodhapur,A124_A124121,121moohakamagadh,moohakamagadh,moohakamagadh,moohakamagadh
alavar,A059_A059156,156baamanathedee,baamanathedee,baamanathedee,baamanathedee
ajamer,A103_A103209,209beemyaakhedaa,beeyaam khedaa,beeyaam khedaa,beemyaakhedaa
baadamer,A137_A137111,111baalootharaa,०baalootharaa,baalootharaa,baalootharaa
booadee,A186_A186069,69Feat,boomdee,boomdee,feat
savaaeemaadhoopur,A091_A091199,199goojar theekariyaa,Goojar Theekariya,goojar theekariya,goojar theekariyaa
gamgaanagar,A003_A003112,112 61eph,61eph,61eph,eph
ajamer,A103_A103176,mathadaan kendr kaa bhavan evam pathaa  :,goohaanaa,goohaanaa,NA
chooru,A021_A021135,135saradaarasahar,saradaarasahar,saradaarasahar,saradaarasahar
gamgaanagar,A003_A003041,41 36ech naggee,36ech,36ech,ech naggee
jayapur,A042_A042179,179saahapuraa,saahapuraa,saahapuraa,saahapuraa
baadamer,A136_A136317,317pathaasar,pathaasar,pathaasar,pathaasar
alavar,A065_A065236,236khedalee pichanouth,:,NA,khedalee pichanouth
alavar,A067_A067135,"135mevakhed഼aa,",:,NA,mevakhedaa
jayapur,A043_A043129,129haadoothaa,haadoothaa,haadoothaa,haadoothaa
hanumaanagadh,A008_A008200,200 30esaesadablyoo phathehagadh഼,30 5500(phathehagadh഼,phathehagadh,esaesadablyoo phathehagadh
joodhapur,A123_A123049,49viramadevagadh഼,viramadevagadh഼,viramadevagadh,viramadevagadh
toumk,A094_A094247,247toodaaraayasimh,toodaaraayasimh,toodaaraayasimh,toodaaraayasimh
gamgaanagar,A004_A004099,mathadaan kendr kaa bhavan evam pathaa  :,soorathagadh഼,soorathagadh,NA
hanumaanagadh,A009_A009023,23haradayaalapuraa,haradayaalapuraa,haradayaalapuraa,haradayaalapuraa
paalee,A116_A116064,64laasanee,:,NA,laasanee
suajhhun,A026_A026109,109dh഼aanee lakshman,dhaanee lakshman,dhaanee lakshman,dhaanee lakshman
naagour,A112_A112198,198gudh഼aajoodhaa,gudh഼aajoodhaa,gudhaajoodhaa,gudhaajoodhaa
hanumaanagadh,A007_A007101,101khaaraa khed഼aa,1seedeeaar (khaaraakhed഼aa,seedeeaar khaaraakhedaa,khaaraa khedaa
karoulee,A083_A083121,121vajeerapur get,karoulee,karoulee,vajeerapur get
suajhhunoo,A026_A026126,126ismaaeelapur,ismaaeelapur,ismaaeelapur,ismaaeelapur
raajasamand,A174_A174167,167thuraavad,thooraavad,thooraavad,thuraavad
naagour,A113_A113216,216makaraanaa,०makaraanaa,makaraanaa,makaraanaa
udayapur,A156_A156156,156kanthood഼aa,kanthood഼aa,kanthoodaa,kanthoodaa
doomgarapur,A158_A158173,173doomgarapur,dooഁagarapur,dooagarapur,doomgarapur
h baadamer,A136_A136122,122hemaaniyoo kaa thalaa,hemaaniyoom kaa thalaa,hemaaniyoom kaa thalaa,hemaaniyoo thalaa
naagour,A115_A115181,181naavaam,naavaam,naavaam,naavaam
naagour,A112_A112210,210mevad഼aa,mevadaa,mevadaa,mevadaa
bheelavaadaa,A181_A181090,90besakalaaee,besakalaaee,besakalaaee,besakalaaee
h seekar,A039_A039075,75Taft,suraanee,suraanee,taft
jayapur,A056_A056117,117vaatikaa,vaatikaa,vaatikaa,vaatikaa
booadee,A185_A185241,mathadaan kendr kaa bhavan evam pathaa  :,kesooraayapaatan,kesooraayapaatan,NA
raajasamand,A176_A176004,4madakaa,madakaa,madakaa,madakaa
paalee,A120_A120098,mathadaan kendr kaa bhavan evam pathaa  :,saadadee,saadadee,NA
qe,A022_A022012,12kootavaad naathoothaan,kootavaad naathoothaan,kootavaad naathoothaan,kootavaad naathoothaan
suajhhun,A026_A026030,30Wale,jaakhood,jaakhood,wale
ajamer,A104_A104090,90seragadh഼,seragadh,seragadh,seragadh
naagour,A111_A111131,131med഼athaa,medathaasitee,medathaasitee,medathaa
paalee,A119_A119296,296sekhaavaas,sekhaavaas,sekhaavaas,sekhaavaas
prathaapagadh,A157_A157212,212daraagaamv,daraagaam൦av,daraagaamav,daraagaamv
jaalour,A142_A142152,152SHAT,Dakatara,dakatara,shat
