district_std,filename,ps_name_t13n,main_town_t13n,village_cand_1_std,village_cand_2_std
gaajeepur,AC375_S24A375P146, 146praa0apaa0 islaamaabaad ,islaamaabaad ,islaamaabaad,praa0apaa0 islaamaabaad
goorakhapur,AC326_S24A326P252, 252pam0abh0atoo0 chhaa0 bandhoo simh raajadhaanee k0asam0  2,raajadhaanee ,raajadhaanee,pam0abh0atoo0 chhaa0 bandhoo simh raajadhaanee k0asam0
seethaapur,AC150_S24A150P039, 39pamchaayathabhavan sisaiyaadariyaanaa sthith dariyaanaa ,sisaiyaadariyaanaa ,sisaiyaadariyaanaa,pamchaayathabhavan sisaiyaadariyaanaa dariyaanaa
sambhal,AC111_S24A111P046, 46praa0apaa൦ k൦an൦൧ mutainaapatee giradhaaree simh ,mutainaa pattee giradhaaree ,mutainaa pattee giradhaaree,praa0apaa kan mutainaapatee giradhaaree simh
unnaav,AC165_S24A165P237, 237praa0 vi0 abbaasabaag paschim saahagamj kaksh  २,un‍naav ,unnaav,praa0 vi0 abbaasabaag paschim saahagamj
basthee,AC307_S24A307P235, 235praathamik vidyaalay souree ,souree ,souree,praathamik vidyaalay souree
aagaraa,AC086_S24A086P050, 50praa൦ vi൦ puraa goovardhan k൦ nam൦  1,aagaraa ,aagaraa,praa vi puraa goovardhan k nam
phaijaabaad,AC275_S24A275P029, 29praathamik vidyaalay hasanoo kataraa athirikth kaksh uththaree ,phaijaabaad ,phaijaabaad,praathamik vidyaalay hasanoo kataraa athirikth uththaree
gaajeepur,AC376_S24A376P279, 279praa0 paa0 chakasaaphiyaa ,chakasaaphiyaa ,chakasaaphiyaa,praa0 paa0 chakasaaphiyaa
gaajiyaabaad,AC053_S24A053P045, 45praa.vi saadulal‍laabaad ,loonee ,loonee,praavi saadulallaabaad
gaajiyaabaad,AC055_S24A055P067, 67praa0 vi0 pasounan‍daa n0-2 ,gaajiyaabaad ,gaajiyaabaad,praa0 vi0 pasounandaa n02
raay barelee,AC179_S24A179P229, 229adhaghooraa ,adhooraa ,adhooraa,adhaghooraa
santh kabeer nagar,AC313_S24A313P325, 325praa0avi0 visayaa hanan ,bisayaahannoo ,bisayaahannoo,praa0avi0 visayaa hanan
goorakhapur,AC328_S24A328P409, 409praa0 vi0 rajoulee bujurg ,kasvaathelee ,kasvaathelee,praa0 vi0 rajoulee bujurg
etaa,AC106_S24A106P098, 98praa0apaa0abuththapuraa ,abadulahaeepur ,abadulahaeepur,praa0apaa0abuththapuraa
prathaapagadh,AC249_S24A249P295, 295praa0avi0 redee gaaraapur k0asam0  -१,redeegaaraapur ,redeegaaraapur,praa0avi0 redee gaaraapur k0asam0
ilaahaabaad,AC259_S24A259P295, 295raajakeey i0akaa0 suravaadalaapur d0 bhaag ,Agaa we ,agaa we,raajakeey i0akaa0 suravaadalaapur d0 bhaag
merath,AC049_S24A049P045, 45praa0 vi0 maliyaanaa k0 n൦-2 ,ANS ,ans,praa0 vi0 maliyaanaa k0 n2
goorakhapur,AC325_S24A325P084, 84praa0 vi0 jamoulee khurd ,jamoulee bu0 ,jamoulee bu0,praa0 vi0 jamoulee khurd
saahajahaaapur,AC133_S24A133P087, 87praa൦ paa൦ saph഼ooraa ,saphouraraa ,saphouraraa,praa paa saphooraa
baagapath,AC050_S24A050P242, 242nethaa jee subhaash chandr boos maimooriyal maadhyamik vidyaalay k.n.-1 thabelaagadhee ,thabelaagadhee ,thabelaagadhee,nethaa jee subhaash chandr boos maimooriyal maadhyamik vidyaalay kn1 thabelaagadhee
gaajeepur,AC374_S24A374P237, 237poo൦amaa൦achakiyaa nevaadaa p൦achhoor ,chakiyaa masoon ,chakiyaa masoon,pooamaaachakiyaa nevaadaa pachhoor
seethaapur,AC151_S24A151P294, 294praa0 vi0 neebaadeharaa ,neebaadeharaa ,neebaadeharaa,praa0 vi0 neebaadeharaa
NA,AC058_S24A058P074, 74laalaa gamgaa sahaay dharmasaalaa pilkhuvaa kamaraa nam0  4,NA,NA,laalaa gamgaa sahaay dharmasaalaa pilkhuvaa kamaraa nam0
haapud,AC060_S24A060P258, 258aadars kanyaa i0akaa0 gadamukthesvar ,gathamukthesvar ,gathamukthesvar,aadars kanyaa i0akaa0 gadamukthesvar
ilaahaabaad,AC255_S24A255P027, 27praathamik vidyaalay maanee umarapur uththaree bhaag-1 ,maanee umarapur ,maanee umarapur,praathamik vidyaalay maanee umarapur uththaree bhaag1
lakhanaoo,AC168_S24A168P305, 305praa0 vi0 siragaamaoo kaksh sam0  1,siragaamaoo ,siragaamaoo,praa0 vi0 siragaamaoo sam0
phaijaabaad,AC275_S24A275P203, 203d൉0 brijakisoor hoomiyoopaithik medikal kaalej devakaalee phaijaabaad kaksh samkhyaa-4 ,devakaalee ,devakaalee,d0 brijakisoor hoomiyoopaithik medikal kaalej devakaalee phaijaabaad samkhyaa4
goondaa,AC295_S24A295P344, 344praa0 paa0 poore samval k0 n0  2,ujjaineekalaa ,ujjaineekalaa,praa0 paa0 poore samval k0 n0
saamalee,AC008_S24A008P026, 26praathamik vidyaalay k0 n0  1ajeejapur ,ajeejapur ,ajeejapur,praathamik vidyaalay k0 n0 1ajeejapur
basthee,AC311_S24A311P084, 84praathamik vidyaalay haluaapaar ,haluaapaar ,haluaapaar,praathamik vidyaalay haluaapaar
kannouj,AC197_S24A197P166, 166praa0apaa0 purvaanayan majare kharagapur bilandapur ,kharagapur bilandapur ,kharagapur bilandapur,praa0apaa0 purvaanayan majare kharagapur bilandapur
peeleebheeth,AC129_S24A129P054, 54sabalapur mu0 raamapur phakeere ,sabalapur m0 raamapur ,sabalapur m0 raamapur,sabalapur mu0 raamapur phakeere
mahaaraajagamj,AC319_S24A319P049, 49raa0aaaee0atee0aaaee0askool jamgal badaharaa k0anam01 ,j0abad഼aharaa ,j0abadaharaa,raa0aaaee0atee0aaaee0askool jamgal badaharaa k0anam01
vaaraanasee,AC388_S24A388P246, 246krischiyan n0aevam0apraa0 skool  51kaint poorvee chhoor k0asam0  6,vaaraanasee ,vaaraanasee,krischiyan n0aevam0apraa0 skool 51kaint poorvee chhoor k0asam0
aajamagadh,AC346_S24A346P300, 300praa0avi0 bhaagavath kakshas sam0-൧ ,bhaagavath ,bhaagavath,praa0avi0 bhaagavath kakshas sam0
muraadaabaad,AC027_S24A027P163, 163praa0 skool kaaphiyaabaad ,kaaphiyaabaad ,kaaphiyaabaad,praa0 skool kaaphiyaabaad
aagaraa,AC089_S24A089P178, 178rathnamuni jain garls i0akaa൦ loohaamandee k0anam൦-൬ ,aagaraa ,aagaraa,rathnamuni jain garls i0akaa loohaamandee k0anam
barelee,AC120_S24A120P281, 281praa൦ paa൦ phathehapur durgaaprasaad k0 n0  १,phathehapur durgaa prasaad ,phathehapur durgaa prasaad,praa paa phathehapur durgaaprasaad k0 n0
aajamagadh,AC352_S24A352P208, 208praa0avi0 mahoolee kaksh  -९,mahoulee ,mahoulee,praa0avi0 mahoolee
mathuraa,AC082_S24A082P331, 331praa൦avi൦ dunaitiyaa ,dunaitiyaa ,dunaitiyaa,praaavi dunaitiyaa
saahajahaaapur,AC131_S24A131P331, 331praa0 skool daheliyaa ,dahiliyaa ,dahiliyaa,praa0 skool daheliyaa
baaraabamkee,AC266_S24A266P401, 401praa0 vi0 odaar kaksh sam0  ९,odaar ,odaar,praa0 vi0 odaar sam0
ilaahaabaad,AC260_S24A260P193, 193raajakeey kanyaa poo0 maa0 vi0 mugaaree d0 bhaag ,mumgaaree ,mumgaaree,raajakeey kanyaa poo0 maa0 vi0 mugaaree d0 bhaag
aajamagadh,AC350_S24A350P257, 257u0apraa0avi0 nan‍daamv ,NA,NA,u0apraa0avi0 nandaamv
badaayoom,AC116_S24A116P217, 217praa0 vidhaalay ahiravaaraa k0anam02 ,aharavaaraa ,aharavaaraa,praa0 vidhaalay ahiravaaraa k0anam02
kheeree,AC142_S24A142P025, 25piparaa karamachand ,piparaakaramachand ,piparaakaramachand,piparaa karamachand
aagaraa,AC087_S24A087P212, 212pairaamaaunt haa0 sai0 skool raam vihaar kaaloonee phes-3 devaree rood k0 n0  6,aagaraa ,aagaraa,pairaamaaunt haa0 sai0 skool raam vihaar kaaloonee phes3 devaree rood k0 n0
NA,AC236_S24A236P046, 46praathamik vidyaalay sidhoumlee-m0abhaag ,NA,NA,praathamik vidyaalay sidhoumleem0abhaag
maoo,AC355_S24A355P154, 154praa0 paa0 bad഼aar poo0 bhaag ,bad഼aar ,badaar,praa0 paa0 badaar poo0 bhaag
vaaraanasee,AC391_S24A391P112, 112praa0 paa0 pachavaar ke baaundree ke andar k0asam02 ,pachavaar ,pachavaar,praa0 paa0 pachavaar baaundree andar k0asam02
barelee,AC122_S24A122P114, 114praa0 paa0 jaganiyaa harachaar muhaal ,jiganiyaa harachaar ,jiganiyaa harachaar,praa0 paa0 jaganiyaa harachaar muhaal
goondaa,AC301_S24A301P338, 338kanyaa praaimaree paathasaalaa banakatavaa ditheey sabarapur ,banakatavaa ,banakatavaa,kanyaa praaimaree paathasaalaa banakatavaa ditheey sabarapur
itaavaa,AC201_S24A201P144, 144praa0apaa0 khusaalapur ,raamapur ,raamapur,praa0apaa0 khusaalapur
merath,AC043_S24A043P271, 271uchch praa0avi0 kuraalee k0anam0-3 ,kuraalee ,kuraalee,uchch praa0avi0 kuraalee k0anam03
gaajiyaabaad,AC055_S24A055P501, 501sanaraaeej ekedamee sipraa san sitee ,gaajiyaabaad ,gaajiyaabaad,sanaraaeej ekedamee sipraa san sitee
badaayoom,AC113_S24A113P155, 155praa0 vi0 gathee khaanapur k0an0  2,gathee khaanapur ,gathee khaanapur,praa0 vi0 gathee khaanapur k0an0
ilaahaabaad,AC259_S24A259P293, 293praa0avi0 raamapur siriyaa ,raamapur ,raamapur,praa0avi0 raamapur siriyaa
unnaav,AC166_S24A166P422, 422praa൦ vi൦ poorv baaraaharadoo ,baaraa haradoo ,baaraa haradoo,praa vi poorv baaraaharadoo
phaijaabaad,AC275_S24A275P210," 210bhouthikee bhavan daa raamamanoohar loohiyaa avadh visvavidyaalay, phaijaabaad paschimee ",janouraa ,janouraa,bhouthikee daa raamamanoohar loohiyaa avadh visvavidyaalay phaijaabaad paschimee
sulthaanapur,AC187_S24A187P250, 250praa൦anavi൦ soohagoulee ,soohagoulee ,soohagoulee,praaanavi soohagoulee
aajamagadh,AC345_S24A345P262, 262islaamiyaa skool kasbaa sagad഼ee kaksh sam0  2,joogiyaaveer ,joogiyaaveer,islaamiyaa skool kasbaa sagadee sam0
basthee,AC310_S24A310P128, 128sakak‍seriyaa intar kaalej basthee ,basthee ,basthee,sakakseriyaa intar kaalej basthee
barelee,AC126_S24A126P292, 292garls i0 kaalej aaamvalaa dakshinee blaak k0 nam0  1,aaamvalaa ,aaamvalaa,garls i0 kaalej aaamvalaa dakshinee blaak k0 nam0
mujaphpharanagar,AC011_S24A011P117, 117praathamik vidhaalay hasainapur kalaa k0an0  2,hasainapur kalaa ,hasainapur kalaa,praathamik vidhaalay hasainapur kalaa k0an0
phathehapur,AC242_S24A242P313, 313praa0avi0 daavathamaee kasaar ,daavathamaee kasaar ,daavathamaee kasaar,praa0avi0 daavathamaee kasaar
sraavasthee,AC289_S24A289P038, 38katharaaphaaphee ,katharaamaaphee ,katharaamaaphee,katharaaphaaphee
merath,AC049_S24A049P413, 413uchch praa0avi0 phathehaullaapur k0anam0-2 ,merath ,merath,uchch praa0avi0 phathehaullaapur k0anam02
siddhaarthanagar,AC304_S24A304P428, 428akoolhee ,NA,NA,akoolhee
mahaaraajagamj,AC318_S24A318P414, 414joo0ahaa0asakool joogiyaa k0anam൦൨ ,ghughulee ,ghughulee,joo0ahaa0asakool joogiyaa k0anam
kaanapur nagar,AC210_S24A210P160, 160praa skool itaaraa k0asam0  1,itaaraa ,itaaraa,praa skool itaaraa k0asam0
unnaav,AC166_S24A166P265, 265praa൦ vi൦ poorv parasandaa ,West ,west,praa vi poorv parasandaa
gaajeepur,AC375_S24A375P184, 184praa0apaa0 dhelavaa p0achhoor ,dhelavaa ,dhelavaa,praa0apaa0 dhelavaa p0achhoor
lakhanaoo,AC175_S24A175P244, 244indastriyal intar kaalej baamsamandee choumraahaa kaksh s05 ,NA,NA,indastriyal intar kaalej baamsamandee choumraahaa s05
vaaraanasee,AC387_S24A387P237, 237praa0apaa0aramanaa k0asam03 ,ramanaa ,ramanaa,praa0apaa0aramanaa k0asam03
chandoulee,AC380_S24A380P165, 165joo൦ haa൦ skool dharanaa kaksh sam൦൨ ,NA,NA,165joo haa skool dharanaa sam
aagaraa,AC088_S24A088P242, 242saint j൉ans i൦ kaa൦ h൉aspeetal rood k൦ n൦  ७,aagaraa ,aagaraa,saint jans i kaa haspeetal rood k n
saamalee,AC010_S24A010P135, 135praaimaree paathasaalaa n0  2k0 n0  1l൉ak ,laak ,laak,praaimaree paathasaalaa n0 2k0 n0 1lak
basthee,AC309_S24A309P516, 516praathamik vidyaalay padiyaakhaas poorvee ,padiyaakhaas ,padiyaakhaas,praathamik vidyaalay padiyaakhaas poorvee
kuseenagar,AC332_S24A332P009, 9praa൦ paa൦ jamgal naamgaavaam ,jamgal nougaavaa ,jamgal nougaavaa,praa paa jamgal naamgaavaam
itaavaa,AC200_S24A200P109, 109praa0 paa0 saraay esar kaksh-2 ,saraay esar ,saraay esar,praa0 paa0 saraay esar kaksh2
haradooee,AC160_S24A160P139, 139praanpaa൦ goothavaa m൦ gaajoo k൦anam൦-൨ ,gaajoo ,gaajoo,praanpaa goothavaa m gaajoo kanam
baaraabamkee,AC272_S24A272P127, 127nanni൦apraanavi൦ bhavaniyaapur majare saraay paandey poo eC OFTST ,saraamy paandey ,saraamy paandey,nanniapraanavi bhavaniyaapur majare saraay paandey poo ec oftst
NA,AC123_S24A123P138, 138praa൦ paa൦ jithour kamaraa nam:ഃ൦  02,NA,NA,praa paa jithour kamaraa nam 02
bulandasahar,AC064_S24A064P302, 302sarasvathee vidyaa mandir haachhelee melaa rood sikandraabaad k.nam  2,sikandraabaad dehaath ,sikandraabaad dehaath,sarasvathee vidyaa haachhelee melaa rood sikandraabaad knam
bulandasahar,AC065_S24A065P379, 379bahaleemapuraa praaeemaree skool k.n൑  1,bahaleemapuraa ,bahaleemapuraa,bahaleemapuraa praaeemaree skool kn
barelee,AC125_S24A125P114, 114kusu&൭am kumaaree i0akaa൦ jagathapur k0anam൦  २,barelee ,barelee,kusuam kumaaree i0akaa jagathapur k0anam
haapud,AC059_S24A059P058, 58taigoor sikshaa sadan i0 kaa0 samjay vihaar kaaloonee haapud k0an0  1,haapashud ,haapashud,taigoor sikshaa sadan i0 kaa0 samjay vihaar kaaloonee haapud k0an0
ilaahaabaad,AC258_S24A258P019, 19praathamik vidyaalay damagathaa poo0 bhaag ,damagadhaa ,damagadhaa,praathamik vidyaalay damagathaa poo0 bhaag
raay barelee,AC182_S24A182P327, 327umaraamaoo ,umaraamaoo ,umaraamaoo,umaraamaoo
gaajeepur,AC379_S24A379P397, 397praa0apaa0 maniyaa (madhy ,maniyaa ,maniyaa,praa0apaa0 maniyaa madhy
kuseenagar,AC333_S24A333P355, 355praaimaree paathasaalaa premavaliyaa kaksh n  ०३,premavaliyaa ,premavaliyaa,praaimaree paathasaalaa premavaliyaa
garaget,AC068_S24A068P096, 96indour khedaa praaeemaree skool k൦n൦൩ ,indour khed഼aa ,indour khedaa,indour khedaa praaeemaree skool kn
goorakhapur,AC320_S24A320P057, 57praa0avi0amajhhagaamvaa ,machhaleegaasachhav ,machhaleegaasachhav,praa0avi0amajhhagaamvaa
phiroojaabaad,AC096_S24A096P177, 177praa.aa milaavalee k0an01 ,milaavalee ,milaavalee,praaaa milaavalee k0an01
bhadoohee,AC392_S24A392P108, 108praa൦paa൦ poore badal kaksh  १,saadaa ,saadaa,praapaa poore badal
haradooee,AC161_S24A161P046, 46mi0ajoo0avi0 malheraa k0anam0  2,malaharaa ,malaharaa,mi0ajoo0avi0 malheraa k0anam0
aagaraa,AC094_S24A094P320, 320praa0avi0 pahaadapuraa k0an0  2,pahaadapuraa ,pahaadapuraa,praa0avi0 pahaadapuraa k0an0
phaijaabaad,AC271_S24A271P281, 281praathamik vidyaalay akhithayaarapur kaksh sam  1,akhithayaarapur ,akhithayaarapur,praathamik vidyaalay akhithayaarapur sam
baharaaich,AC287_S24A287P027, 27praa0apaa൦ basaneraa kam0anam൦-1 ,basaneraa ,basaneraa,praa0apaa basaneraa kam0anam1
saahajahaaapur,AC134_S24A134P278, 278praa0apaa0ak0asam02 kaihamaariyaa ,NA,NA,praa0apaa0ak0asam02 kaihamaariyaa
baamdaa,AC234_S24A234P323, 323praa0 vi0 gaamaapuravaa aams utharavaam ,utharavaa ,utharavaa,praa0 vi0 gaamaapuravaa aams utharavaam
ilaahaabaad,AC257_S24A257P119, 119iam൦akaa൦ajalaalapur kasbaa p൦ bhaag ,jalaalapur kasbaa ,jalaalapur kasbaa,iamakaaajalaalapur kasbaa p bhaag
prathaapagadh,AC250_S24A250P317, 317praa0 vi0 behadoul kalaa kaksh sam  2,behadaaഁal kalaa ,behadaaal kalaa,praa0 vi0 behadoul kalaa sam
mahaaraajagamj,AC316_S24A316P301, 301praa൦ paa൦ laalapur kalyaanapur ,laalapur kalyaanapur ,laalapur kalyaanapur,praa paa laalapur kalyaanapur
phathehapur,AC238_S24A238P073, 73praa0avi0 ghoorahaa ,ghoorahaa ,ghoorahaa,praa0avi0 ghoorahaa
merath,AC047_S24A047P041, 41hooreetej p0 skool palal‍lavapuram phej ditheey k0 s0  ३,ANS ,ans,hooreetej p0 skool palallavapuram phej ditheey k0 s0
unnaav,AC164_S24A164P030, 30praa0apaa0 goohalee ,goohalee ,goohalee,praa0apaa0 goohalee
aleegadh,AC077_S24A077P321, 321praa0 skool nagalaa nahachalaa ,n moohan ,n moohan,praa0 skool nagalaa nahachalaa
ilaahaabaad,AC255_S24A255P028, 28praathamik vidyaalay maanee umarapur dakshinee bhaag ,maanee umarapur ,maanee umarapur,praathamik vidyaalay maanee umarapur dakshinee bhaag
aajamagadh,AC344_S24A344P328, 328poo0 maa0 vi0 bilariyaagamj kaksh sam0  5,bilariyaagamj ,bilariyaagamj,poo0 maa0 vi0 bilariyaagamj sam0
mahaaraajagamj,AC315_S24A315P093, 93praa൦ vi൦ soonaabandee k൦ n൦  1,soonaabandee ,soonaabandee,praa vi soonaabandee k n
badaayoom,AC117_S24A117P288, 288neharoo aadars vidhaalay alaapur kaa puraanaa bhavan kaa uththaree bhaag k0 sam0  8,alaapur ,alaapur,neharoo aadars vidhaalay alaapur puraanaa uththaree bhaag k0 sam0
pharookhaabaad,AC195_S24A195P075, 75sinoudaa prithvee ,sinaaoudaa prathvee ,sinaaoudaa prathvee,sinoudaa prithvee
gaajeepur,AC376_S24A376P135, 135praa0 paa0 beerabalapur ,beerabalapur ,beerabalapur,praa0 paa0 beerabalapur
merath,AC045_S24A045P152, 152islaamiyaam skool k0 nam0-1 mavaanaa kalaam ,mavaanaa ,mavaanaa,islaamiyaam skool k0 nam01 mavaanaa kalaam
mirjaapur,AC395_S24A395P184, 184praa0avi0apamjaraa ,rujhhouhee ,rujhhouhee,praa0avi0apamjaraa
mahoobaa,AC230_S24A230P079, 79poo൦amaa൦avi൦ phathehapur bajariyaa kaksh sam൦  1,mahoobaa ,mahoobaa,pooamaaavi phathehapur bajariyaa sam
gaajiyaabaad,AC055_S24A055P451, 451semt eleen kaanvet jooniyar haaee skool pragathi vihaar khoodaa ,khoodaa ,khoodaa,semt eleen kaanvet jooniyar haaee skool pragathi vihaar khoodaa
baaraabamkee,AC270_S24A270P092, 92poo0amaa0avi0adadiyaamaoo kaksh sam0  1,ariyaamaoo ,ariyaamaoo,poo0amaa0avi0adadiyaamaoo sam0
mainapuree,AC107_S24A107P197, 197praa0apaa0 dhalouaapur ,mainapuree ,mainapuree,praa0apaa0 dhalouaapur
lakhanaoo,AC176_S24A176P309, 309praa0 vi0 tikaraa ,tikaraa ,tikaraa,praa0 vi0 tikaraa
baamdaa,AC232_S24A232P315, 315poo0amaa0avi0alrukatharaa Hat Ho  3,Amdt ,amdt,poo0amaa0avi0alrukatharaa hat ho
phathehapur,AC242_S24A242P183, 183praa0avi0 biradhourapur majare iraadathapur chathurbhujapur ,iraadathapur chathumbhujapur ,iraadathapur chathumbhujapur,praa0avi0 biradhourapur majare iraadathapur chathurbhujapur
pharrookhaabaad,AC193_S24A193P102, 102nibiyaa ,gaadhee ,gaadhee,nibiyaa
chandoulee,AC381_S24A381P206, 206joo൦ haa൦ kurahanaa ,NA,NA,206joo haa kurahanaa
gaajeepur,AC378_S24A378P207, 207praa0apaa0 raajaapur (p0achhoor ,raajaapur ,raajaapur,praa0apaa0 raajaapur p0achhoor
mujaphpharanagar,AC013_S24A013P228, 228praathamik vidyaalay simarthee ,simarthee ,simarthee,praathamik vidyaalay simarthee
basthee,AC311_S24A311P086, 86pamchaayath bhavan oraee ,oraee ,oraee,pamchaayath oraee
badaayoom,AC112_S24A112P229, 229bhrusaayaa praa vi k nam.-൨ ,sar ,sar,bhrusaayaa praa vi nam
etaa,AC103_S24A103P265, 265praa0apaa൦ roopadhanee ,roopadhanee ,roopadhanee,praa0apaa roopadhanee
badaayoom,AC117_S24A117P250, 250praa0 vi0 k0 nam0  4chamgaasee ,chamgaasee ,chamgaasee,praa0 vi0 k0 nam0 4chamgaasee
sulthaanapur,AC191_S24A191P380, 380praa0avi0 pathajoo pahaadapur kaksh sam0  3,pathajoo pahaadapur ,pathajoo pahaadapur,praa0avi0 pathajoo pahaadapur sam0
raay barelee,AC183_S24A183P246, 246chad഼araee ,UNS ,uns,chadaraee
kousaambee,AC252_S24A252P329, 329praa.vi umaraavaam ,umaraavaam uparahaar ,umaraavaam uparahaar,praavi umaraavaam
aajamagadh,AC352_S24A352P158, 158praa0avi0 katahan kaksh  -१,raamapur ,raamapur,praa0avi0 katahan
bhadoohee,AC393_S24A393P152, 152poo0amaa0avi0 tedhee uparavaar ,athibalasaahapadattee ,athibalasaahapadattee,poo0amaa0avi0 tedhee uparavaar
gaajiyaabaad,AC053_S24A053P176, 176saradaar patel joo.haa skool paaveesaadakapur ,loonee ,loonee,saradaar patel joohaa skool paaveesaadakapur
goondaa,AC295_S24A295P324, 324praa0 paa0 u0 bhaag0 rethavaagaad഼aa athirikth kaksh  1,rethavaagaad഼aa ,rethavaagaadaa,praa0 paa0 u0 bhaag0 rethavaagaadaa athirikth
kaasagamj,AC102_S24A102P138, 138praa0apaa0 bachhueeyaa ,dent ,dent,praa0apaa0 bachhueeyaa
prathaapagadh,AC249_S24A249P211, 211praa0 vi0 goopaalapur mustharkaa ,goopaalapur musthakaa ,goopaalapur musthakaa,praa0 vi0 goopaalapur mustharkaa
merath,AC043_S24A043P025, 25sanan‍th kesav daas intar kaalij mulhaidaa kam0 nam0  2,mulhaidaa ,mulhaidaa,sananth kesav daas intar kaalij mulhaidaa kam0 nam0
saahajahaaapur,AC132_S24A132P391, 391praa0apaa൦ choukhutiyaa ,lahasanaa ,lahasanaa,praa0apaa choukhutiyaa
kousaambee,AC252_S24A252P129, 129intar k൉alej karaaree kamaraa nam  17,karaaree ,karaaree,intar kalej karaaree kamaraa nam 17
saahajahaaapur,AC136_S24A136P344, 344praa0 skool daaraapur chathiyaa ,daaraapur chathiyaa ,daaraapur chathiyaa,praa0 skool daaraapur chathiyaa
kaanapur nagar,AC210_S24A210P386, 386praa.paa baraeegadh഼ k0asam0  3,NA,NA,praapaa baraeegadh k0asam0
lakhanaoo,AC171_S24A171P218, 218kaajamain skool choupatiyaa kaksh samkhyaa-2 ,lakhanaoo ,lakhanaoo,kaajamain skool choupatiyaa samkhyaa2
phaijaabaad,AC275_S24A275P282, 282praathamik vidyaalay sukkhaapur itouraa dakshinee ,sukkhaapur sehr ,sukkhaapur sehr,praathamik vidyaalay sukkhaapur itouraa dakshinee
phathehapur,AC238_S24A238P316, 316praa0avi0 nayaapuravaa majare thenduleelaakheepur ,thendulee laakheepur ,thendulee laakheepur,praa0avi0 nayaapuravaa majare thenduleelaakheepur
merath,AC049_S24A049P069, 69praa0 vi0 naee basthee lallaapuraa k0 n൦  2,ANS ,ans,praa0 vi0 naee basthee lallaapuraa k0 n
aleegadh,AC073_S24A073P165, 165praaimaree skool dathaachoolee khurd k൦ nam൦-൨ ,dathaa dev we ,dathaa dev we,praaimaree skool dathaachoolee khurd k nam
aagaraa,AC090_S24A090P401, 401praa൦ vi൦ vijnjaamaee k0an൦-൨ ,bijnjaamad഼ ,bijnjaamad,praa vi vijnjaamaee k0an
baliyaa,AC362_S24A362P156, 156praa0 paa0 mid൒athaa ,mid൒athaa thaa0 sukhapuraa ,midathaa thaa0 sukhapuraa,praa0 paa0 midathaa
mathuraa,AC084_S24A084P166, 166ramanalaal sooraavaalaa pablik skool mathuraa k0anam0  9,mathuraa vrindaavan ,mathuraa vrindaavan,ramanalaal sooraavaalaa pablik skool mathuraa k0anam0
seethaapur,AC150_S24A150P025, 25poo0amaa0avi0 koodavaadhamadhamapur sthith dhamadhamapur ,koodavaadhamadhamapur ,koodavaadhamadhamapur,poo0amaa0avi0 koodavaadhamadhamapur dhamadhamapur
haatharas,AC079_S24A079P048, 48praa0 paa0 kharagoo ,kharagoo ,kharagoo,praa0 paa0 kharagoo
aajamagadh,AC349_S24A349P082, 82praa0apaa0 khairooddeenapur aleeajeem kaksh  १,khamruchaanapur ulaam ,khamruchaanapur ulaam,praa0apaa0 khairooddeenapur aleeajeem
barelee,AC126_S24A126P099, 99praa0apaa0 pipariyaa uparaalaa kam0anam  2,pipariyaa uparaalaa ,pipariyaa uparaalaa,praa0apaa0 pipariyaa uparaalaa kam0anam
merath,AC047_S24A047P286, 286kaaryaa0arakshaa lekhaaniyanthrak pemsan vitharan vibhaag deepeedeeo praamgan k0anam-൨ ,merath kaimt ,merath kaimt,kaaryaa0arakshaa lekhaaniyanthrak pemsan vitharan vibhaag deepeedeeo praamgan k0anam
bhadoohee,AC394_S24A394P287, 287joo0ahaa0askool daththeepur ,daththeepur ,daththeepur,joo0ahaa0askool daththeepur
aagaraa,AC089_S24A089P203, 203hoom saaiams insteetyoot khan‍daaree k0anam൦-൫ ,aagaraa ,aagaraa,hoom saaiams insteetyoot khandaaree k0anam
prathaapagadh,AC245_S24A245P144, 144praa0avi0 gujavar kaksh sam0  01,gujavar ,gujavar,praa0avi0 gujavar sam0 01
mainapuree,AC108_S24A108P126, 126praa0 paa0 dulee bhaag misouraa ,misouraa ,misouraa,praa0 paa0 dulee bhaag misouraa
baaraabamkee,AC266_S24A266P450, 450praa0 vi0 agaasand kaksh sam0  १,agaasand ,agaasand,praa0 vi0 agaasand sam0
haradooee,AC161_S24A161P144, 144aaee0aaar0ai0akaa0 k0anam0  ४n0apaa0apari0 ,sandeelaa ,sandeelaa,aaee0aaar0ai0akaa0 k0anam0 n0apaa0apari0
muraadaabaad,AC027_S24A027P111, 111praa0 vidhaalay laathoovaalaa kaksh-3 ,laalathoobavaalaa mu0 ,laalathoobavaalaa mu0,praa0 vidhaalay laathoovaalaa kaksh3
aleegadh,AC074_S24A074P010, 10praa skool naanaoo HO nam0  1,naanaoo ,naanaoo,praa skool naanaoo ho nam0
lakhanaoo,AC171_S24A171P291, 291praathamik skool alata kaksh samkhyaa-1 ,lakhanaoo ,lakhanaoo,praathamik skool alata samkhyaa1
haradooee,AC161_S24A161P386, 386praa൦apaa൦ banee ,bhatathapuravaa ,bhatathapuravaa,praaapaa banee
saamalee,AC010_S24A010P171, 171visraam bhavan choupaal lisaadh഼ ,lisaadh഼ ,lisaadh,visraam choupaal lisaadh
pharrookhaabaad,AC193_S24A193P263, 263pakhanaa hameer khedaa ,pakhanaa hameerakhedaa ,pakhanaa hameerakhedaa,pakhanaa hameer khedaa
mathuraa,AC081_S24A081P010, 10praa0avi0 dhaanouthaa ,dhanouthaabaamgar ,dhanouthaabaamgar,praa0avi0 dhaanouthaa
mainapuree,AC109_S24A109P219, 219praa paa manapuraa ,raamanagar ,raamanagar,praa paa manapuraa
bijanour,AC020_S24A020P112, 112praa0avi0 deeththanapur kaksh nam02 ,deeththanapur ,deeththanapur,praa0avi0 deeththanapur nam02
peeleebheeth,AC127_S24A127P073, 73karagainaa karagainee ,karagainaa karagainee ,karagainaa karagainee,karagainaa karagainee
lakhanaoo,AC175_S24A175P311, 311jooniyar haaeesk‌al bee0asee0 baajaar kaint kaksh s01 ,lakhanaoo kain‍toonament ,lakhanaoo kaintoonament,jooniyar haaeeskal bee0asee0 baajaar kaint s01
peeleebheeth,AC127_S24A127P113, 113adoulee ,adoulee ,adoulee,adoulee
gaajiyaabaad,AC053_S24A053P246, 246madar indiyaa p joo.haa skool uththaraamchal kaaloonee ,loonee ,loonee,madar indiyaa joohaa skool uththaraamchal kaaloonee
ambedaphar nagar,AC277_S24A277P022, 22janathaa intar kaalej utharethoo kaksh nam.-4 ,utharethoo ,utharethoo,janathaa intar kaalej utharethoo nam4
saahajahaaapur,AC135_S24A135P321," 321green vailee pablik skool, kaksh sam0  2,ahamadapur rethee ",saahajahaampur ,saahajahaampur,green vailee pablik skool sam0 2ahamadapur rethee
unnaav,AC164_S24A164P039, 39praaepaa0 loodhaee k0as0  2,loodhaee ,loodhaee,praaepaa0 loodhaee k0as0
aleegadh,AC076_S24A076P159, 159jaanooday joo.haa skool khair rood kamaraa n0  3,aleegadh഼ ,aleegadh,jaanooday joohaa skool khair rood kamaraa n0
sambhal,AC032_S24A032P307, 307jooniyar haaee skool pamvaasaa kaksh  २,NA,NA,jooniyar haaee skool pamvaasaa
phathehapur,AC240_S24A240P124, 124n0 paae praa0 vi0 panee kaksh s0  1,phathehapur ,phathehapur,n0 paae praa0 vi0 panee s0
mujaphpharanagar,AC013_S24A013P271, 271praathamik vidyaalay nambar  २kaa kamaraa nambar  2thejalahedaa ,thejalahedaa ,thejalahedaa,praathamik vidyaalay nambar kaa kamaraa nambar 2thejalahedaa
baharaaich,AC284_S24A284P051, 51praa0avi൦-peer naseerooddeen k0anam൦-൨ ,peeranaseerooddeen ,peeranaseerooddeen,praa0avipeer naseerooddeen k0anam
ilaahaabaad,AC265_S24A265P306, 306praa0avi0 khajuree kalaam ,khajuree kalaa ,khajuree kalaa,praa0avi0 khajuree kalaam
raamapur,AC036_S24A036P196, 196praathamik vidyaalay sanakaraa ,sanakaraa ,sanakaraa,praathamik vidyaalay sanakaraa
soonabhadr,AC402_S24A402P035, 35joo0ahaa0abad഼agavaam ,bad഼agavaam ,badagavaam,joo0ahaa0abadagavaam
chandoulee,AC381_S24A381P083, 83joo൦ haa൦ naadee kaksh sam൦  ९,naadee ,naadee,83joo haa naadee sam
goondaa,AC299_S24A299P213, 213praaimaree paathasaalaa p0 bhaag dheeseeraamapuravaa manahanaa ,manahanaa ,manahanaa,praaimaree paathasaalaa p0 bhaag dheeseeraamapuravaa manahanaa
aajamagadh,AC348_S24A348P020, 20praaevi0 ohanee kaksh sam0  - २,ohanee ,ohanee,praaevi0 ohanee sam0
barelee,AC121_S24A121P224, 224praa൦ paa൦ badagaamv k0anam0൧ ,badaa gaamv ,badaa gaamv,praa paa badagaamv k0anam0
aajamagadh,AC352_S24A352P005, 5joo0ahaa0 skool raaneepur rajamoom kaksh-൨ ,raaneepur rajamoom ,raaneepur rajamoom,joo0ahaa0 skool raaneepur rajamoom kaksh
raay barelee,AC179_S24A179P001, 1aiamdhee ,(Ue ,NA,aiamdhee
siddhaarthanagar,AC306_S24A306P333, 333bhaaree aaam൦ ,NA,NA,bhaaree aaam
vaaraanasee,AC389_S24A389P157, 157nesanal iam0akaa0 peelee koothee k0asam0.൮ ,vaaraanasee ,vaaraanasee,nesanal iam0akaa0 peelee koothee k0asam0
baharaaich,AC283_S24A283P154, 154mandee samithi naanapaaraa dehaathee k൦n൦-൪ ,naanapaaraa dehaathee ,naanapaaraa dehaathee,mandee samithi naanapaaraa dehaathee kn
maoo,AC353_S24A353P080, 80praa0apaa0 jhhootapur ,jhhootapur ,jhhootapur,praa0apaa0 jhhootapur
barelee,AC121_S24A121P160, 160praa൦ paa൦ navaabagamj k0anam0൧ ,navaabagamj ,navaabagamj,praa paa navaabagamj k0anam0
wed kabeer nagar,AC312_S24A312P015, 15saa0 sahakaaree samithi goureeraaee ,gaareeraaee ,gaareeraaee,saa0 sahakaaree samithi goureeraaee
helse,AC192_S24A192P419, 419samaacheepur majaraa athasarood഼ayaa ,samaacheepur m0 ,samaacheepur m0,samaacheepur majaraa athasaroodayaa
vaaraanasee,AC390_S24A390P034, 34poorv relave joo0ahaa0askool chhiththoopur k0asam03 ,vaaraanasee ,vaaraanasee,poorv relave joo0ahaa0askool chhiththoopur k0asam03
ilaahaabaad,AC264_S24A264P321, 321praagvi൦ pavar kaksh sam  १,pamvar ,pamvar,praagvi pavar sam
maoo,AC353_S24A353P175, 175praa0apaa0 nuroollaahapur u0 bhaag ,nuroollaahapur ,nuroollaahapur,praa0apaa0 nuroollaahapur u0 bhaag
raamapur,AC034_S24A034P315, 315praathamik vidyaalay toodeepuraa ,toodeepuraa ,toodeepuraa,praathamik vidyaalay toodeepuraa
baagapath,AC052_S24A052P224, 224kanyaa jooniyar haaee skool k0an0  6khekadaa ,khekadaa ,khekadaa,kanyaa jooniyar haaee skool k0an0 6khekadaa
aajamagadh,AC350_S24A350P344, 344praa0avi0 muraadaabaad ,muraadaabaad ,muraadaabaad,praa0avi0 muraadaabaad
goorakhapur,AC324_S24A324P320, 320praa0avi0 baraval koothaa sthith khoorathaa k0anam0  3,khoorathaa ,khoorathaa,praa0avi0 baraval koothaa khoorathaa k0anam0
itaavaa,AC201_S24A201P123, 123praa0 paa0 seehapur poorvee ,seehapur ,seehapur,praa0 paa0 seehapur poorvee
vaaraanasee,AC384_S24A384P155, 155praa0apaa0asurahee k0asam01 ,Ws ,NA,praa0apaa0asurahee k0asam01
mahoobaa,AC230_S24A230P029, 29praanvi൦ bilakhee kaksh sam൦-1 ,bilakhee ,bilakhee,praanvi bilakhee sam1
basthee,AC307_S24A307P344, 344praathamik vidyaalay daamvarapaaraa ,daamvarapaaraa ,daamvarapaaraa,praathamik vidyaalay daamvarapaaraa
gaajeepur,AC379_S24A379P264, 264praa0apaa0 mirchaa (d0achhoor ,koosee a ,koosee a,praa0apaa0 mirchaa d0achhoor
lakhanaoo,AC169_S24A169P395, 395praa.vi saahapur kaksh sam0-1 ,semaraa ,semaraa,praavi saahapur sam01
kuseenagar,AC332_S24A332P136, 136praa൦ paa൦ pagaraa padaree kaksh nam0  2,pagaraa padaree ,pagaraa padaree,praa paa pagaraa padaree nam0
seethaapur,AC147_S24A147P020, 20bi0avi0 mandir harag൉av k0an0  1,haragaamv ,haragaamv,bi0avi0 haragav k0an0
goorakhapur,AC326_S24A326P106, 106praa0apaa൦ visambharapur k0asam0  1,visambharapur ,visambharapur,praa0apaa visambharapur k0asam0
seethaapur,AC151_S24A151P155, 155kaaryaalay gan‍naa vibhaag di kisaan sahakaaree cheenee milal‍s mahamoodaabaad k0anam0  2,mahamoothaabaad ,mahamoothaabaad,kaaryaalay gannaa vibhaag di kisaan sahakaaree cheenee milals mahamoodaabaad k0anam0
bulandasahar,AC064_S24A064P118, 118auramgaabaad aheer praaeemaree skool k.n൑am  १,auramgaabaad aheer ,auramgaabaad aheer,auramgaabaad aheer praaeemaree skool knam
phaijaabaad,AC276_S24A276P290, 290praathamik vidyaalay maharaajeepur ,STANT ,stant,praathamik vidyaalay maharaajeepur
haapud,AC059_S24A059P296, 296praa0avi0 ghumgharaalaa k0an0  2,ghumgharaalaa ,ghumgharaalaa,praa0avi0 ghumgharaalaa k0an0
mirjaapur,AC395_S24A395P077, 77praa0avi0 hathiyaa baamdh ,hathiyaa baamdh ,hathiyaa baamdh,praa0avi0 hathiyaa baamdh
phiroojaabaad,AC098_S24A098P302, 302paalee i0ak൉൦0 sikoohaavaad k0an06 ,sikoohaabaad ,sikoohaabaad,paalee i0ak0 sikoohaavaad k0an06
kannouj,AC198_S24A198P477, 477praa0apaa0araamapur ,NA,NA,praa0apaa0araamapur
mathuraa,AC082_S24A082P008, 8poorv maa0avi0 hasainee k0an0  1,hasainee ,hasainee,poorv maa0avi0 hasainee k0an0
ilaahaabaad,AC261_S24A261P308, 308praathamik vidyaalay baksee moodh഼aa kamaraa nam  ३,baksee moodhaa ,baksee moodhaa,praathamik vidyaalay baksee moodhaa kamaraa nam
lakhanaoo,AC171_S24A171P189, 189sent rooj jooniyar haaee skool gathee peer khaam kaksh samkhyaa-4 ,lakhanaoo ,lakhanaoo,sent rooj jooniyar haaee skool gathee peer khaam samkhyaa4
bulandasahar,AC070_S24A070P378, 378nagaliyaa takkar praaeemaree skul ,nagaliyaa cant ,nagaliyaa cant,nagaliyaa takkar praaeemaree skul
haradooee,AC161_S24A161P014, 14Woulo mabaee bramhanaan ,mavainabramahanaan ,mavainabramahanaan,woulo mabaee bramhanaan
barelee,AC123_S24A123P349, 349raamabharoose laal i0akaa൦ devacharaa k0anam൦  २,devacharaa ,devacharaa,raamabharoose laal i0akaa devacharaa k0anam
kaasagamj,AC102_S24A102P147, 147praa0apaa0 nagalaa chinaa ,nagalaa chinaa ,nagalaa chinaa,praa0apaa0 nagalaa chinaa
aleegadh,AC075_S24A075P359," 359praa0 skool nouhatee, kamaraa n0-൨ ",nouhatee ,nouhatee,praa0 skool nouhatee kamaraa n0
basthee,AC310_S24A310P285, 285praathamik vidyaalay sandaa ,est ,est,praathamik vidyaalay sandaa
baamdaa,AC233_S24A233P039, 39praa0avi0 usaraa majaraa markaa kaksh sam0-3 ,makaa ,makaa,praa0avi0 usaraa majaraa markaa sam03
etaa,AC106_S24A106P230, 230praa0apaa0arejuaa k0an0൨ ,rejuaa ,rejuaa,praa0apaa0arejuaa k0an0
balaraamapur,AC292_S24A292P115, 115praa0 paa0 jiganihavaa k0an൦  1,jiganihavaa ,jiganihavaa,praa0 paa0 jiganihavaa k0an
baharaaich,AC284_S24A284P227, 227praa0avi൦-bahabooliyaa mahaadaa k0anam൦-൩ ,bahabooliyaa mahaadaa ,bahabooliyaa mahaadaa,praa0avibahabooliyaa mahaadaa k0anam
baharaaich,AC287_S24A287P428, 428praa0avi൦ sidarakhee kam0anam൦-1 ,sidarakhee ,sidarakhee,praa0avi sidarakhee kam0anam1
phathehapur,AC241_S24A241P047, 47uchch praa0avi0 dasoulee kaksh sam0  1,uroulee ,uroulee,uchch praa0avi0 dasoulee sam0
haapud,AC059_S24A059P196, 196raajakeey kanyaa joo0ahaa0 skool daayat kaimpas haapud k0an0  1,haapud ,haapud,raajakeey kanyaa joo0ahaa0 skool daayat kaimpas haapud k0an0
chandoulee,AC380_S24A380P254, 254joo0ahaa൦ skool niyamathaabaad ,NA,NA,joo0ahaa skool niyamathaabaad
kousaambee,AC253_S24A253P064, 64mahagaamv i0 kaa0 mahagaamv p0 madhy bhaag ,mahagaav uparahaar ,mahagaav uparahaar,mahagaamv i0 kaa0 mahagaamv p0 madhy bhaag
saamalee,AC009_S24A009P218, 218jooniyar haaee skool dakshinee bhaag bhaimsavaal ,bhaisavaalar ,bhaisavaalar,jooniyar haaee skool dakshinee bhaag bhaimsavaal
aleegadh,AC074_S24A074P313, 313praaimaree skool raamapur maajaraa bhrudiyaa ,bhrudiyaa maajaraa ,bhrudiyaa maajaraa,praaimaree skool raamapur maajaraa bhrudiyaa
merath,AC048_S24A048P040, 40dee0 en0 digree kaalij k0anam0-4 choupalaa relave rood ,merath ,merath,dee0 en0 digree kaalij k0anam04 choupalaa relave rood
baagapath,AC052_S24A052P265, 265kanyaa praaeemaree paathasaalaa k0an0  1raavan urph badaagaamv ,raavan uphe badaagaamv ,raavan uphe badaagaamv,kanyaa praaeemaree paathasaalaa k0an0 1raavan urph badaagaamv
mathuraa,AC083_S24A083P100, 100raajakeey intar kaalej adeeg kann൦  २,adeeg ,adeeg,raajakeey intar kaalej adeeg kann
phiroojaabaad,AC098_S24A098P157, 157joo0ahaa0 skool dathaavalee k0an01 ,dathaavalee ,dathaavalee,joo0ahaa0 skool dathaavalee k0an01
ilaahaabaad,AC265_S24A265P383, 383praa0avi0 ayoodhyaa kaksh samkhyaa  2,ayoodhyaa ,ayoodhyaa,praa0avi0 ayoodhyaa samkhyaa
gaajeepur,AC379_S24A379P098, 98praa൦paa൦ harapur (u൦achhoor ,jamaaniyaam ,jamaaniyaam,praapaa harapur uachhoor
unnaav,AC163_S24A163P362, 362praathamik vidyaalay poorv raayapuragadh഼ee ,raayapur gadh഼ee ,raayapur gadhee,praathamik vidyaalay poorv raayapuragadhee
garaget,AC069_S24A069P347, 347dumdaakhaidaa praa0askool k0anam0  1,toodaakhedaa ,toodaakhedaa,dumdaakhaidaa praa0askool k0anam0
ilaahaabaad,AC254_S24A254P020, 20praathamik vidyaalay arooaaഁav dakshinee bhaag ,arooaaamv ,arooaaamv,praathamik vidyaalay arooaaav dakshinee bhaag
etaa,AC106_S24A106P125, 125praa0apaa0aanniyaaഁ ,chiragavaam ,chiragavaam,praa0apaa0aanniyaa
baharaaich,AC283_S24A283P109, 109praa0avi൦-lakhaiyaakalaam k0anam൦-൧ ,lakhaiyaa kalaa ,lakhaiyaa kalaa,praa0avilakhaiyaakalaam k0anam
mathuraa,AC084_S24A084P086, 86sree chandr vidayaaaasram jayasimhapuraa k0anam0  15,mathuraa vrindaavan ,mathuraa vrindaavan,sree chandr vidayaaaasram jayasimhapuraa k0anam0 15
baaraabamkee,AC272_S24A272P117, 117praa൦avi൦ pattee yaakoob ,pattee yaakoob ,pattee yaakoob,praaavi pattee yaakoob
mainapuree,AC109_S24A109P178, 178praa paa baruaa ,vaghounee ,vaghounee,praa paa baruaa
basthee,AC310_S24A310P222, 222khair intar kaalej thurakahiyaa ,basthee ,basthee,khair intar kaalej thurakahiyaa
mujaphpharanagar,AC015_S24A015P296, 296jaame ul uloom jooniyar haaee skool khathoulee k0an0-10 ,khathaaoulee ,khathaaoulee,jaame ul uloom jooniyar haaee skool khathoulee k0an010
sraavasthee,AC289_S24A289P332, 332preprasaad ,preprasaad ,preprasaad,preprasaad
vaaraanasee,AC391_S24A391P064, 64praa0 paa0 purenandaa ,poorenandaa ,poorenandaa,praa0 paa0 purenandaa
gaajeepur,AC378_S24A378P068, 68praa0apaa0 phiroojapur kalaam (d.chhoor ,phiroojapur ,phiroojapur,praa0apaa0 phiroojapur kalaam dchhoor
mirjaapur,AC395_S24A395P158, 158pamchaayath bhavan mainaagoosaaee ,mainaa goosaad഼ ,mainaa goosaad,pamchaayath mainaagoosaaee
chithrakoot,AC236_S24A236P049, 49poorv maadhyamik vidyaalay archhaa barethee-p0abhaag ,arachhaa barethee ,arachhaa barethee,poorv maadhyamik vidyaalay archhaa baretheep0abhaag
itaavaa,AC201_S24A201P026, 26praa0 paa0 giradhaareepuraa naveen bhavan uththaree ,bharathanaa ,bharathanaa,praa0 paa0 giradhaareepuraa naveen uththaree
raamapur,AC035_S24A035P189, 189praathamik vid‌yaathray poorv disaa kaksh sam0  3kaaseepur ,kaaseepur ,kaaseepur,praathamik vidyaathray poorv disaa sam0 3kaaseepur
saahajahaaapur,AC133_S24A133P241, 241praa൦ paa൦ salemaabaad pattee gulnachampaa ,salemaavaad patatee ,salemaavaad patatee,praa paa salemaabaad pattee gulnachampaa
mahaaraajagamj,AC318_S24A318P015, 15praa0avi0aparaasakhaad k0anam൦൩ ,paraasakhaad഼ ,paraasakhaad,praa0avi0aparaasakhaad k0anam
lakhanaoo,AC174_S24A174P184, 184senteeniyal kaalej kaksh samkhyaa-1 ,lakhanaoo ,lakhanaoo,senteeniyal kaalej samkhyaa1
phathehapur,AC241_S24A241P098, 98praa0avi0 saakhaa kaksh s0  2,NA,NA,praa0avi0 saakhaa s0
lakhanaoo,AC171_S24A171P072, 72sanaraaij pablik skool mardan khedaa raajaajeepuram kaksh samkhyaa-1 ,lakhanaoo ,lakhanaoo,sanaraaij pablik skool mardan khedaa raajaajeepuram samkhyaa1
aajamagadh,AC350_S24A350P084, 84pam0abhavan aadamamaoo ,aadamam/ ,aadamam,pam0abhavan aadamamaoo
etaa,AC103_S24A103P066, 66praaepaa൦ asadapur m൦ kailaa ,kailaa ,kailaa,praaepaa asadapur m kailaa
haatharas,AC078_S24A078P101, 101praa0 paa0 nagalaa vijaiyaa ,nagalaa vijaiyaa ,nagalaa vijaiyaa,praa0 paa0 nagalaa vijaiyaa
etaa,AC106_S24A106P103, 103praa0apaa0alakhameepur ,sakaraa ,sakaraa,praa0apaa0alakhameepur
lakhanaoo,AC175_S24A175P201, 201janathaa garls intar kaalej chhootaabarahaa aalamabaag kaksh s010 ,NA,NA,janathaa garls intar kaalej chhootaabarahaa aalamabaag s010
gaajiyaabaad,AC056_S24A056P050, 50praa0 vi0 bihaareepuraa irindaahaidaa ,gaajiyaabaad ,gaajiyaabaad,praa0 vi0 bihaareepuraa irindaahaidaa
auraiyaa,AC203_S24A203P093, 93praa0 vi0 jamuhaaഁ kaksh sam0  2,jamuhaam ,jamuhaam,praa0 vi0 jamuhaa sam0
mahaaraajagamj,AC318_S24A318P313, 313praa0avi0agagaraaee k0anam൦൨ ,gagaraaee ,gagaraaee,praa0avi0agagaraaee k0anam
gaajiyaabaad,AC055_S24A055P494, 494sanaraaeej ekedamee sipraa san sitee ,gaajiyaabaad ,gaajiyaabaad,sanaraaeej ekedamee sipraa san sitee
phathehapur,AC240_S24A240P062, 62daa൦ sathy naaraayan bhaarathee haa0 se0 skool jvaalaagamj kaksh  1,phathehapur ,phathehapur,62daa sathy naaraayan bhaarathee haa0 se0 skool jvaalaagamj
vaaraanasee,AC386_S24A386P065, 65praaepaa0 aadamapur k0asam0  2,phakeerapur ,phakeerapur,praaepaa0 aadamapur k0asam0
merath,AC044_S24A044P073, 73saint phaamsis praa0apaa0 saradhanaa k0 nam0  4,saradhanaa ,saradhanaa,saint phaamsis praa0apaa0 saradhanaa k0 nam0
sulthaanapur,AC190_S24A190P060, 60praa0avi0 hanumaanagamj kaksh01 ,raamapurahanumaanagamj ,raamapurahanumaanagamj,praa0avi0 hanumaanagamj kaksh01
phaijaabaad,AC274_S24A274P337, 337praathamik vidyaalay gundhour nayaa bhavan ,gumdhour ,gumdhour,praathamik vidyaalay gundhour nayaa
goondaa,AC298_S24A298P299, 299praaimaree paathasaalaa misranapuravaa dullaapur tharahar kann൦1 ,dulalaapur tharahar ,dulalaapur tharahar,praaimaree paathasaalaa misranapuravaa dullaapur tharahar kann1
haradooee,AC160_S24A160P045, 45praa൦paa൦ baajapur m൦ majhhigavaam k൦nam൦-൧ ,maajnjagavaa ,maajnjagavaa,praapaa baajapur m majhhigavaam knam
vaaraanasee,AC387_S24A387P072, 72be൦apraanpaankoorathathaa k൦s൦൨ ,koorouthaa ,koorouthaa,beapraanpaankoorathathaa ks
bijanour,AC022_S24A022P181, 181poorv0 maa0 vi0 thareekamapur roopachand kaksh  2,thareekamapur roopachand ,thareekamapur roopachand,poorv0 maa0 vi0 thareekamapur roopachand
aleegadh,AC076_S24A076P274, 274samskrith kanyaa paathasaalaa kaanoon gooyaan kamaraa n0  1,aleegadh഼ ,aleegadh,samskrith kanyaa paathasaalaa kaanoon gooyaan kamaraa n0
etaa,AC105_S24A105P228, 228praa0apaa0 soorakhaa ,soorakhaa ,soorakhaa,praa0apaa0 soorakhaa
gaajeepur,AC375_S24A375P310, 310praa0apaa0 mainapur madhy chhoor ,mainapur ,mainapur,praa0apaa0 mainapur madhy chhoor
mainapuree,AC108_S24A108P220, 220praa0 paa0 salemapur padheenaa kaksh sam0  1,salemapur padheenaa ,salemapur padheenaa,praa0 paa0 salemapur padheenaa sam0
sahaaranapur,AC001_S24A001P237, 237praathamik vidyaalay kaksh nambar  2jhhimjhhoulee mahamathapur ,saahabapuraa ,saahabapuraa,praathamik vidyaalay nambar 2jhhimjhhoulee mahamathapur
kheeree,AC144_S24A144P025, 25mood഼aa gaalib-൪ ,belaapahaad഼aa ,belaapahaadaa,moodaa gaalib
seethaapur,AC151_S24A151P085, 85joo0ahaa0askal gaaഁadhooree k0anam0  1,goodhouree ,goodhouree,joo0ahaa0askal gaaadhooree k0anam0
barelee,AC122_S24A122P100, 100praa0 paa0 hridayapur urph andharapuraa ,hadayapur ah ,hadayapur ah,praa0 paa0 hridayapur urph andharapuraa
mainapuree,AC107_S24A107P189, 189poo0amaa0avi0 aavaas vikaas kaksh sam0  4,mainapuree ,mainapuree,poo0amaa0avi0 aavaas vikaas sam0
bulandasahar,AC066_S24A066P160, 160haajeepur kanyaa paathasaalaa ,haajeepur ,haajeepur,haajeepur kanyaa paathasaalaa
sahaaranapur,AC007_S24A007P099, 99maharshi dayaanand iamtar kaalij kamaraa nambar-1 jaandakhedaa ,jaandakhedaa ,jaandakhedaa,maharshi dayaanand iamtar kaalij kamaraa nambar1 jaandakhedaa
mirjaapur,AC396_S24A396P004, 4praa0avi0 kaderooaa ,kaderooaa ,kaderooaa,praa0avi0 kaderooaa
barelee,AC122_S24A122P055, 55praa0 paa0 budhoomlee kamaraa nam0  २,budhoulee ,budhoulee,praa0 paa0 budhoomlee kamaraa nam0
jaaloun,AC220_S24A220P081, 81praathamik vidyaalay peeparee aamthagadayaam ,peeparee athagadaiyaam ,peeparee athagadaiyaam,praathamik vidyaalay peeparee aamthagadayaam
baliyaa,AC362_S24A362P318, 318sree chain raam baabaa i0 kaa0 sahathavaar AO ,sahathavaar ,sahathavaar,sree chain raam baabaa i0 kaa0 sahathavaar ao
aagaraa,AC090_S24A090P113, 113sarvahithakaaree praaevi൦ dahathooraa k0an൦-൨ ,dahathooraa ,dahathooraa,sarvahithakaaree praaevi dahathooraa k0an
soonabhadr,AC403_S24A403P257, 257praa0 vi0 tedh഼aa(pr0apaa0 ,tal ,tal,praa0 vi0 tedhaapr0apaa0
sambhal,AC111_S24A111P141, 141praa0apaa0ak0an0൨ pavasaraa ,pavasaraa ,pavasaraa,praa0apaa0ak0an0 pavasaraa
aagaraa,AC090_S24A090P341, 341poo൦ maa൦ vi൦ budhaanaa k0an൦-൧ ,budhaanaa musth൦ ,budhaanaa musth,341poo maa vi budhaanaa k0an
unnaav,AC166_S24A166P377, 377praa൦ vi൦ uththar kamaraajaanaapur ,kamaraa jaanaa pur ,kamaraa jaanaa pur,praa vi uththar kamaraajaanaapur
badaayoom,AC114_S24A114P280, 280jooniyar haaee skool varasuaa k0anam0  2,barasuaa ,barasuaa,jooniyar haaee skool varasuaa k0anam0
bhadoohee,AC394_S24A394P341, 341praa0avi൦ saraayabaaboo kaksh samkhyaa  2,saraay baabu ,saraay baabu,praa0avi saraayabaaboo samkhyaa
gaajeepur,AC377_S24A377P426, 426praa0apaa0 bharoooulee aalaa k0an0-1 ,bharouleeaalaa ,bharouleeaalaa,praa0apaa0 bharoooulee aalaa k0an01
goutham buddh nagar,AC063_S24A063P379, 379praa0 skool taa0ae0 jahaamgeerapur k0anam0  २,jahaamgeerapur ,jahaamgeerapur,praa0 skool taa0ae0 jahaamgeerapur k0anam0
amethee,AC185_S24A185P241, 241joo0 haa0 kasaraavaa ,kasaraavaam ,kasaraavaam,joo0 haa0 kasaraavaa
bhadoohee,AC393_S24A393P212, 212praa0avi0 jamgeegamj k0asam0-1 ,mahaaaree ,mahaaaree,praa0avi0 jamgeegamj k0asam01
goorakhapur,AC328_S24A328P272, 272pam0 bhavan muhaalajalakar uththasar ,unoulee ,unoulee,pam0 muhaalajalakar uththasar
devariyaa,AC342_S24A342P194, 194praa൦avi൦baaraamu:kund ,baaraamukund ,baaraamukund,praaavibaaraamukund
vaaraanasee,AC385_S24A385P085, 85praa0apaa0 khaanapattee ,khaanapatatee ,khaanapatatee,praa0apaa0 khaanapattee
itaavaa,AC199_S24A199P158, 158praa0 paa0 adhiyaapur poorvee ,adhiyaapur ,adhiyaapur,praa0 paa0 adhiyaapur poorvee
baharaaich,AC287_S24A287P203, 203joo൦ahaa൦askool payaagapur (naveen bhavan (atharikth kaksh-2 ,payaagapur ,payaagapur,jooahaaaskool payaagapur naveen atharikth kaksh2
barelee,AC123_S24A123P345, 345praa൦ paa൦ nousaaraa m൦ kyoonaasaadeepur ,File saadeepur ,file saadeepur,praa paa nousaaraa m kyoonaasaadeepur
goondaa,AC296_S24A296P247, 247praa0 paa0 dhanooharee ,dhanooharee ,dhanooharee,praa0 paa0 dhanooharee
unnaav,AC163_S24A163P062, 62aasuthoosh janathaa vi0ahaa0ase0askool k0asam02 sapheepur saharee ,sapheepur ,sapheepur,aasuthoosh janathaa vi0ahaa0ase0askool k0asam02 sapheepur saharee
ilaahaabaad,AC254_S24A254P134, 134praathamik vidyaalay saraay raah urph kooraaree bhaag  १,saraamyaraah oorph ,saraamyaraah oorph,praathamik vidyaalay saraay raah urph kooraaree bhaag
aagaraa,AC089_S24A089P427, 427es൦aes൦ak൉anvent p൦askool u൦amaa൦avi൦ karmayoogee enkaleb k൦an൦  3,aagaraa ,aagaraa,esaesakanvent paskool uamaaavi karmayoogee enkaleb kan
siddhaarthanagar,AC305_S24A305P402, 402budhathaoo ഑am൦ ,NA,NA,budhathaoo am
bulandasahar,AC065_S24A065P029, 29sareephapur bhaisaroulee praaeemaree skool k.n൑  1,sareephapur bhaisaroulee ,sareephapur bhaisaroulee,sareephapur bhaisaroulee praaeemaree skool kn
ilaahaabaad,AC259_S24A259P145, 145praa0avi0 atakhariyaa ,atakhariyaa ,atakhariyaa,praa0avi0 atakhariyaa
phaijaabaad,AC276_S24A276P107, 107praathamik vidyaalay simhooriyaa ,sihooriyaa ,sihooriyaa,praathamik vidyaalay simhooriyaa
lakhanaoo,AC175_S24A175P191, 191naalandaa pablik intar kaalej hasanaapur rood aalamabaag kaksh sam0  4,NA,NA,naalandaa pablik intar kaalej hasanaapur rood aalamabaag sam0
aajamagadh,AC350_S24A350P005, 5praa0avi0 raajaapur kaksh sam0  - 2,raajaapur ,raajaapur,praa0avi0 raajaapur sam0
phiroojaabaad,AC096_S24A096P146, 146praa0 paa0 madheepur ,madheepur ,madheepur,praa0 paa0 madheepur
mainapuree,AC109_S24A109P390, 390praa paa on‍haa kaksh s  ९,Heel ,heel,praa paa onhaa
badaayoom,AC116_S24A116P223, 223praa0 vidhaalay allaapur chamaaree k0anam01 ,allaapur chamaaree ,allaapur chamaaree,praa0 vidhaalay allaapur chamaaree k0anam01
aajamagadh,AC344_S24A344P333, 333ki0 poo0 maa0 vi0 maghanaapaar kaksh sam0  1,madhanaapaar ,madhanaapaar,ki0 poo0 maa0 vi0 maghanaapaar sam0
aajamagadh,AC346_S24A346P218, 218praa0avi0 samedaa kakshas sam0-൨ ,samedaa ,samedaa,praa0avi0 samedaa kakshas sam0
kannouj,AC196_S24A196P223, 223praa0apaa0 poo0 bhaag kuarapur janu ,kumvarapur janoo ,kumvarapur janoo,praa0apaa0 poo0 bhaag kuarapur janu
phaijaabaad,AC271_S24A271P205, 205praathamik vidyaalay sulemaanapur majare ganoulee kaksh s.1 ,ganoulee ,ganoulee,praathamik vidyaalay sulemaanapur majare ganoulee s1
phaijaabaad,AC274_S24A274P227, 227praathamik vidyaalay sariyaavaam kaksh samkhyaa  4,sariyaavaam ,sariyaavaam,praathamik vidyaalay sariyaavaam samkhyaa
vaaraanasee,AC390_S24A390P127, 127joo0ahaa0 skool sundarapur k0asam0  5,vaaraanasee ,vaaraanasee,joo0ahaa0 skool sundarapur k0asam0
aagaraa,AC092_S24A092P132, 132praa.vi.ootagir k.n.2 ,ootagir ,ootagir,praaviootagir kn2
gaajiyaabaad,AC056_S24A056P053, 53praa0 vi0 bihaareepuraa irindaahaidaa ,gaajiyaabaad ,gaajiyaabaad,praa0 vi0 bihaareepuraa irindaahaidaa
aajamagadh,AC349_S24A349P222, 222praa0apaa0 samasaabaad kaksh  २,samasaabaad ,samasaabaad,praa0apaa0 samasaabaad
chandoulee,AC383_S24A383P019, 19praanpaannavahee kaksh sam൦-2 ,adel ,adel,praanpaannavahee sam2
aajamagadh,AC351_S24A351P290, 290praa0avi0 chandevaraa kaksh-1 ,chandevaraa ,chandevaraa,praa0avi0 chandevaraa kaksh1
baaraabamkee,AC270_S24A270P264, 264praa.vi raanepur ,raanepur ,raanepur,praavi raanepur
phiroojaabaad,AC095_S24A095P011, 11u0apraa0avi0asekhoopur ,sekhoopur mandanapur ,sekhoopur mandanapur,u0apraa0avi0asekhoopur
mirjaapur,AC395_S24A395P343, 343mounee svaamee i0akaa0 bah൒atheemay chakachouraa ,bahtheemay chakachouraa ,bahtheemay chakachouraa,mounee svaamee i0akaa0 bahatheemay chakachouraa
gaajiyaabaad,AC056_S24A056P099, 99indaraapuram p0 skool prathaap vihaar ,gaajiyaabaad ,gaajiyaabaad,indaraapuram p0 skool prathaap vihaar
lakhanaoo,AC169_S24A169P143, 143praa.vi moohammadapur saraimyaa kaksh sam0-1 ,moohammadapur sareyaa ,moohammadapur sareyaa,praavi moohammadapur saraimyaa sam01
seethaapur,AC150_S24A150P359, 359praa0avi0 abhanaapur m0 goomdaadevariyaa k0anam0  1,goondaadevariyaa ,goondaadevariyaa,praa0avi0 abhanaapur m0 goomdaadevariyaa k0anam0
lakhanaoo,AC176_S24A176P009, 9praa0 vi0 bakkaas pratham kaksh sam0-൩ ,bakakaas ,bakakaas,praa0 vi0 bakkaas pratham sam0
lalithapur,AC226_S24A226P297, 297praa0apaa൦ poo൦ bhaag kaalaapahaad഼ ,kaalaapahaad഼ ,kaalaapahaad,praa0apaa poo bhaag kaalaapahaad
ilaahaabaad,AC256_S24A256P231, 231pamchaayath bhavan chakaraghunaath ,seradeeh ,seradeeh,pamchaayath chakaraghunaath
saahajahaaapur,AC135_S24A135P016, 16praa0apaa0avijhhnjaadaa hasainapur ,bajhhedaa hasainapur ,bajhhedaa hasainapur,praa0apaa0avijhhnjaadaa hasainapur
baliyaa,AC357_S24A357P234, 234ee0 praa0 paa0 thiranaee khijirapur p൦ ,thiranaee khijirapur ,thiranaee khijirapur,ee0 praa0 paa0 thiranaee khijirapur p
baharaaich,AC284_S24A284P254, 254poorv maa0avi൦-khairaahaisan k0anam൦-൧ ,khairaahasan ,khairaahasan,poorv maa0avikhairaahaisan k0anam
sulthaanapur,AC190_S24A190P295, 295praa0avi0 madanapur devaraar kaksh sam01 ,madanapuradevaraar ,madanapuradevaraar,praa0avi0 madanapur devaraar sam01
goorakhapur,AC325_S24A325P232, 232praa0 vi0 bhavaanee gadh഼ ,bhavaanee gadh ,bhavaanee gadh,praa0 vi0 bhavaanee gadh
hameerapur,AC228_S24A228P280, 280praathamik vidyaalay piparoumdaa ,piparoumdaa ,piparoumdaa,praathamik vidyaalay piparoumdaa
kuseenagar,AC329_S24A329P036, 36poorv maa0 vi0 sooharounaa ,khad഼adaa we ,khadadaa we,poorv maa0 vi0 sooharounaa
bhadoohee,AC393_S24A393P203, 203praa0avi0 bheekheepur k0asam0-1 ,bhikheepur ,bhikheepur,praa0avi0 bheekheepur k0asam01
mahaaraajagamj,AC319_S24A319P313, 313joo0ahaa0asakool sirasiyaa ,sirasiyaa ,sirasiyaa,joo0ahaa0asakool sirasiyaa
muraadaabaad,AC027_S24A027P315, 315muraadaabaad intar k൉alej kaksh-3 ,muraadaabaad ,muraadaabaad,muraadaabaad intar kalej kaksh3
mahaaraajagamj,AC318_S24A318P023, 23praa0avi0abaagaapaar k0anam03 ,baagaapaar ,baagaapaar,praa0avi0abaagaapaar k0anam03
devariyaa,AC342_S24A342P315, 315praa൦avi൦aakubaa ,akubaa ,akubaa,praaaviaakubaa
sulthaanapur,AC189_S24A189P290, 290praa0avi0 chouhaanapur kaksh sam0  ३,deegurapur banakegaamv ,deegurapur banakegaamv,praa0avi0 chouhaanapur sam0
sambhal,AC031_S24A031P116, 116es0aem0 intar kaalej chandousee kaksh-2 ,chandousee ,chandousee,es0aem0 intar kaalej chandousee kaksh2
santh kabeer nagar,AC313_S24A313P117, 117praa0avi0 thilajaa kamaraa ao  3,thilajaa ,thilajaa,praa0avi0 thilajaa kamaraa ao
mathuraa,AC084_S24A084P265, 265chamelee devee khandelavaathr garls i0akaa൦ mathuraa k൦ Ace  6,mathuraa vrindaavan ,mathuraa vrindaavan,chamelee devee khandelavaathr garls i0akaa mathuraa k ace
siddhaarthanagar,AC303_S24A303P380, 380doohanee ,doohanee ,doohanee,doohanee
muraadaabaad,AC026_S24A026P268, 268praa0 vi0 kaksh  2juladhakiyaa ,julathekiyaa ,julathekiyaa,praa0 vi0 2juladhakiyaa
baliyaa,AC360_S24A360P090, 90praa0apaa0 naraayanapaalee poo൦ ,naraayanapaalee ,naraayanapaalee,praa0apaa0 naraayanapaalee poo
maoo,AC353_S24A353P183, 183m0 smaarak i0akaa0 chakamaanoo urph daragaah d0 bhaag ,delete ,delete,m0 smaarak i0akaa0 chakamaanoo urph daragaah d0 bhaag
kuseenagar,AC329_S24A329P116, 116praa0 paa0 lakhuaa lakhuee kaksh-3 ,lakhuaa lakhuee ,lakhuaa lakhuee,praa0 paa0 lakhuaa lakhuee kaksh3
balaraamapur,AC292_S24A292P196, 196praa0 paa0 kooyalakhaar k0an0  1,kooyalakhaar ,kooyalakhaar,praa0 paa0 kooyalakhaar k0an0
lalithapur,AC227_S24A227P289, 289joo0ahaa0 skool u0 bhaag kalyaanapuraa ,kalyaanapuraa ,kalyaanapuraa,joo0ahaa0 skool u0 bhaag kalyaanapuraa
bhadoohee,AC392_S24A392P345, 345praa൦paa൦ asthee ,asthee ,asthee,praapaa asthee
kaasagamj,AC101_S24A101P001, 1praa0apaa0 baghelaa pukhthaa ,bachaghelraa pukhthaa ,bachaghelraa pukhthaa,praa0apaa0 baghelaa pukhthaa
badaayoom,AC112_S24A112P118, 118jalaalapur praa vi k nam.-൨ ,jalaalapur ,jalaalapur,jalaalapur praa vi nam
gaajiyaabaad,AC055_S24A055P291, 291padam sree en en moohan pablik skool sai0  5vasundharaa ,gaajiyaabaad ,gaajiyaabaad,padam sree en en moohan pablik skool sai0 5vasundharaa
chandoulee,AC380_S24A380P223, 223praa0apaa൦ jivadheepur ,NA,NA,praa0apaa jivadheepur
basthee,AC311_S24A311P375, 375praathamik vidyaalay tegariyaa raajaa ,teeraigarihaaraajaa ,teeraigarihaaraajaa,praathamik vidyaalay tegariyaa raajaa
lakhanaoo,AC169_S24A169P063, 63praa.vi bahaadurapur kaksh sam0-1 ,sulthaanapur ,sulthaanapur,praavi bahaadurapur sam01
NA,AC090_S24A090P087, 87poo0amaa0avi൦ arathounee k0an൦-൨ ,NA,NA,poo0amaa0avi arathounee k0an
ilaahaabaad,AC257_S24A257P287, 287praathamik vidyaalay chhathounaa u0abhaag ,chhathounaa ,chhathounaa,praathamik vidyaalay chhathounaa u0abhaag
lakhanaoo,AC168_S24A168P348, 348praa0 vi0 bhatauth jamaalapur kaksh sam0  - 1,bhataoo jamaalapur ,bhataoo jamaalapur,praa0 vi0 bhatauth jamaalapur sam0
chandoulee,AC380_S24A380P120, 120praa൦ paa൦ mahaabalapur kaksh sam൦൪ ,NA,NA,praa paa mahaabalapur sam
ilaahaabaad,AC254_S24A254P198, 198poorv maadhyamik vidyaalay mamsooraabaad u൦ bhaag ,mamsooraabaad ,mamsooraabaad,poorv maadhyamik vidyaalay mamsooraabaad u bhaag
aagaraa,AC090_S24A090P255, 255praa൦ vi൦ roohathaa k0an൦-൧ ,rouhathaa ,rouhathaa,praa vi roohathaa k0an
baliyaa,AC361_S24A361P293, 293praa0apaa0 janaadee (poo0 ,janaad഼ee ,janaadee,praa0apaa0 janaadee poo0
goutham buddh nagar,AC062_S24A062P057, 57subhaash chandr boos i0akaa0 khed഼ee bhanouthaa k0anam0  2,bhanouthaa ,bhanouthaa,subhaash chandr boos i0akaa0 khedee bhanouthaa k0anam0
vaaraanasee,AC387_S24A387P040, 40be൦apraanpaa൦thadiyaa ,kootavaam ,kootavaam,beapraanpaathadiyaa
barelee,AC123_S24A123P086, 86joo൦ haa൦ skool TANG AT ahamadapur kamaraa nam൦  01,vaaleepur ahamadapur ,vaaleepur ahamadapur,86joo haa skool tang at ahamadapur kamaraa nam 01
haapud,AC059_S24A059P072, 72chou0 laal sih praa0 skool merath rood haapud k0an0  1,haapashud ,haapashud,chou0 laal sih praa0 skool merath rood haapud k0an0
kuseenagar,AC330_S24A330P191, 191joo൦ahaa൦ skool jamgal amavaa room n-1 ,jam0 amavaa ,jam0 amavaa,jooahaa skool jamgal amavaa n1
sambhal,AC111_S24A111P084, 84joo0ahaa0asakool k0an൦൧ hirounee ,hirounee ,hirounee,joo0ahaa0asakool k0an hirounee
aagaraa,AC086_S24A086P158, 158sakunthalaa pablik skool limk rood nunihaaee k൦ n൦  2,aagaraa ,aagaraa,sakunthalaa pablik skool limk rood nunihaaee k n
mirjaapur,AC399_S24A399P132, 132praa0avi0 saat ,bhaavaa ,bhaavaa,praa0avi0 saat
aajamagadh,AC350_S24A350P065, 65joo0ahaa0askool pook kaksh0 sam0  - 2,NA,NA,joo0ahaa0askool pook kaksh0 sam0
baamdaa,AC232_S24A232P333, 333poo0amaa0avi0amoohanapuravaa kaksh sam൦  २,moohanapuravaa ,moohanapuravaa,poo0amaa0avi0amoohanapuravaa sam
kousaambee,AC251_S24A251P116, 116praa0avi൦ khvaachakeemaee poorvee bhaag ,khvaachakee maee ,khvaachakee maee,praa0avi khvaachakeemaee poorvee bhaag
peeleebheeth,AC129_S24A129P348, 348bahaadurapur ,bahaadurapur ,bahaadurapur,bahaadurapur
mirjaapur,AC395_S24A395P043, 43praa0avi0 mathuraapur sthith graam amahaammaaphee ,amahaa maaphee ,amahaa maaphee,praa0avi0 mathuraapur graam amahaammaaphee
aajamagadh,AC347_S24A347P297, 297praa0 vi0 sammoopur khaalsaa ,sammoopur khaalasaa ,sammoopur khaalasaa,praa0 vi0 sammoopur khaalsaa
mahaaraajagamj,AC316_S24A316P273, 273praa0 paa0 ekasadavaa puraanaa athirikth kaksh ,ekasadavaa ,ekasadavaa,praa0 paa0 ekasadavaa puraanaa athirikth
haatharas,AC079_S24A079P280, 280saadaabaad i0 kaa൦ saadaabaad kan൦anam൦  05,saathadathaabaad ,saathadathaabaad,saadaabaad i0 kaa saadaabaad kananam 05
unnaav,AC163_S24A163P002, 2praathamik vidyaalay gouriyaa kalaa poorv ,gouriyaa kalaa ,gouriyaa kalaa,praathamik vidyaalay gouriyaa kalaa poorv
haradooee,AC159_S24A159P258, 258praa0apaa൦ gamgaaraamapur ni൦ bandeepur malalaavaam k0anam൦  -4,malal‍laavaam ,malallaavaam,praa0apaa gamgaaraamapur ni bandeepur malalaavaam k0anam
ilaahaabaad,AC262_S24A262P147, 147raajakeey kaarapentree skool n‍yoo kataraa kamaraa nam.-4 ,ilaahaabaad ,ilaahaabaad,raajakeey kaarapentree skool nyoo kataraa kamaraa nam4
phiroojaabaad,AC098_S24A098P138, 138praa0 paa0 dhakapuraa ,thakapuraa ,thakapuraa,praa0 paa0 dhakapuraa
sulthaanapur,AC190_S24A190P025, 25k0apraa0avi0 barooee kaksh sam02 ,aes ,aes,k0apraa0avi0 barooee sam02
barelee,AC119_S24A119P247, 247praa൦ paa൦ labhedaa durgaaprasaad ,labhedaa durgaaprasaad ,labhedaa durgaaprasaad,praa paa labhedaa durgaaprasaad
aagaraa,AC091_S24A091P206, 206praa0 vi0 roojhhoulee k0 nam0  2,roujhhoolee ,roujhhoolee,praa0 vi0 roojhhoulee k0 nam0
aagaraa,AC089_S24A089P425, 425es൦aes൦ak൉anvent p൦askool u൦amaa൦avi൦ karmayoogee enkaleb k൦an൦  1,aagaraa ,aagaraa,esaesakanvent paskool uamaaavi karmayoogee enkaleb kan
baaraabamkee,AC270_S24A270P125, 125praa0avi0 samraayanethaamaoo kaksh sam0  1,raaraay nethaamaoo ,raaraay nethaamaoo,praa0avi0 samraayanethaamaoo sam0
unnaav,AC167_S24A167P097, 97praa0apaa0 mirjaapur sumhaaree p൦ ,mirjaapur sumhaaree ,mirjaapur sumhaaree,praa0apaa0 mirjaapur sumhaaree p
unnaav,AC163_S24A163P198, 198praathamik vidyaalay kabarooee paschim ,Ale ,ale,praathamik vidyaalay kabarooee paschim
mahaaraajagamj,AC318_S24A318P338, 338praa0avi0asemaraa raajaa k0anam൦൨ ,semaraaraajaa ,semaraaraajaa,praa0avi0asemaraa raajaa k0anam
prathaapagadh,AC246_S24A246P077, 77praa൦avi൦ sujoulee kaksh sam  1,sujoulee ,sujoulee,praaavi sujoulee sam
vaaraanasee,AC389_S24A389P283, 283goopee raadhaa u0amaa0avi0ak0avi0 durgaakund k0asam0.൨ ,vaaraanasee ,vaaraanasee,goopee raadhaa u0amaa0avi0ak0avi0 durgaakund k0asam0
baaraabamkee,AC270_S24A270P434, 434praa.vi.baamsoopur ,baasoopur ,baasoopur,praavibaamsoopur
goutham buddh nagar,AC062_S24A062P323, 323gaamdhee smaarak iam0 kaa0 ghood഼ee bachhed഼aa k0anam0  3,ghoodee bachhedaa ,ghoodee bachhedaa,gaamdhee smaarak iam0 kaa0 ghoodee bachhedaa k0anam0
balaraamapur,AC293_S24A293P079, 79bhaa0ai0akaalej utharoulaa athi൦ kaksh ,Senter ,senter,bhaa0ai0akaalej utharoulaa athi
badaayoom,AC112_S24A112P060, 60dhanyaavalee praa vi k nam.-൯ ,dhanyaavalee ,dhanyaavalee,dhanyaavalee praa vi nam
peeleebheeth,AC127_S24A127P270, 270piparaa bhagoo ,piparaa bhagoo ,piparaa bhagoo,piparaa bhagoo
sambhal,AC033_S24A033P243, 243besik praathamik paathasaalaa koot garbee kaksh-൧ ,NA,NA,besik praathamik paathasaalaa koot garbee kaksh
lakhanaoo,AC169_S24A169P152, 152poo.maa.vi devaraee Het Hat sam0-1 ,bakhsee kaa thaalaab ,bakhsee kaa thaalaab,poomaavi devaraee het hat sam01
mahaaraajagamj,AC318_S24A318P013, 13praa0avi0aparaasakhaad k0anam൦൯ ,paraasakhaad഼ ,paraasakhaad,praa0avi0aparaasakhaad k0anam
peeleebheeth,AC130_S24A130P374, 374habeebullaa khaaഁ janoovee ,beesalapur ,beesalapur,habeebullaa khaa janoovee
lakhanaoo,AC173_S24A173P020, 20kaamaakhyaa baal vidyaa mandir kalyaan pur kaksh s0-1 ,NA,NA,kaamaakhyaa baal vidyaa kalyaan pur s01
sraavasthee,AC289_S24A289P249, 249bharathaaroosanagathadh ,bharathaaroosanagadh ,bharathaaroosanagadh,bharathaaroosanagathadh
lakhanaoo,AC176_S24A176P299, 299praa0 vi0 gadhee ,gad഼ee ,gadee,praa0 vi0 gadhee
aleegadh,AC074_S24A074P374, 374praaimaree skool dhanasimhapur maajaraa saadeepur SANIT ,saadeepur kumarooaa ,saadeepur kumarooaa,praaimaree skool dhanasimhapur maajaraa saadeepur sanit
auraiyaa,AC204_S24A204P295, 295choo0avi0asimh bhaa0avi0 i0 kaa0 auraiyaa k0anam0  4,auraiyaa ,auraiyaa,choo0avi0asimh bhaa0avi0 i0 kaa0 auraiyaa k0anam0
seethaapur,AC149_S24A149P237, 237praa0 vi0 kouvvaakhedaa k0 nam0  1,kouvvaa kheraa ,kouvvaa kheraa,praa0 vi0 kouvvaakhedaa k0 nam0
goutham buddh nagar,AC061_S24A061P341, 341poorv maa0 vi0 nayaabaams k0 nam0  2,NA,NA,poorv maa0 vi0 nayaabaams k0 nam0
goondaa,AC301_S24A301P117, 117praaimaree paathasaalaa kacharoolee ,kacharoulee ,kacharoulee,praaimaree paathasaalaa kacharoolee
baharaaich,AC282_S24A282P039, 39praa0avi൦-sujoulee a൦ak0-൯ ,sujaalee ,sujaalee,praa0avisujoulee aak0
etaa,AC103_S24A103P415, 415praa0apaa൦ bhadakee ,bhadakee ,bhadakee,praa0apaa bhadakee
chithrakoot,AC237_S24A237P363, 363poorv maadhyamik vidyaalay daraaee majaraa chureh kesaruvaa ,churehakesaroovaa ,churehakesaroovaa,poorv maadhyamik vidyaalay daraaee majaraa chureh kesaruvaa
badaayoom,AC112_S24A112P363, 363saidapur praa vi k nam.-൧ ,saidapur ,saidapur,saidapur praa vi nam
seethaapur,AC153_S24A153P355, 355praa0avi0agharavaasapaaraa kalaam ,dhavaravaasapaaraa kalaa ,dhavaravaasapaaraa kalaa,praa0avi0agharavaasapaaraa kalaam
aajamagadh,AC352_S24A352P046, 46praa0avi0 pithaambarapur ,pithaambarapur ,pithaambarapur,praa0avi0 pithaambarapur
kheeree,AC143_S24A143P217, 217doolhaapur kisaan ,doolhaapur kisaan ,doolhaapur kisaan,doolhaapur kisaan
baamdaa,AC235_S24A235P325, 325kanyaa praa൦ vi൦ syoothaa kaksh sam൦  २,syoodhaa ,syoodhaa,kanyaa praa vi syoothaa sam
basthee,AC310_S24A310P359, 359praathamik vidyaalay kataraa bujurg ,kataraabujurg ,kataraabujurg,praathamik vidyaalay kataraa bujurg
bulandasahar,AC070_S24A070P049, 49jamvaa praaeemaree skool k.n.1] ,oat ,oat,jamvaa praaeemaree skool kn1
sraavasthee,AC290_S24A290P393, 393naraayanajooth ,naaraayanajooth ,naaraayanajooth,naraayanajooth
aagaraa,AC090_S24A090P397, 397praa൦ vi൦ kaamkarapuraa k0an൦-൨ ,ethmaadapur madaraa ,ethmaadapur madaraa,praa vi kaamkarapuraa k0an
ilaahaabaad,AC254_S24A254P214, 214janathaa iamtar kaalej uldaa GO bhaag  १,uldaa ,uldaa,janathaa iamtar kaalej uldaa go bhaag
aajamagadh,AC345_S24A345P016, 16subhaash i0akaa0 karakhiyaa roostham saraay kaksh sam0  1,aa Wd ,aa wd,subhaash i0akaa0 karakhiyaa roostham saraay sam0
kannouj,AC196_S24A196P475, 475poo0amaa0avi0 k0an0  2majhhapurvaa ,majhhapurvaa ,majhhapurvaa,poo0amaa0avi0 k0an0 2majhhapurvaa
saamalee,AC009_S24A009P182, 182laajapath raay iamtar kaalej dakshinee bhaag kamaraa n0  6thaanaabhavan ,thaanaabhavan ,thaanaabhavan,laajapath raay iamtar kaalej dakshinee bhaag kamaraa n0 6thaanaabhavan
jhhaamsee,AC225_S24A225P359, 359praa0avi0 dumaraee-1 ,HAS ,has,praa0avi0 dumaraee1
raay barelee,AC180_S24A180P227, 227koolavaakhamrd ,koolavaakhude ,koolavaakhude,koolavaakhamrd
merath,AC046_S24A046P241, 241praa0 vi0ak0an0  -2pamchagaamv patatee amarasimh ,ajaraadaa ,ajaraadaa,praa0 vi0ak0an0 2pamchagaamv patatee amarasimh
ilaahaabaad,AC259_S24A259P167, 167praa0avi0 jevaniyaa uththaree bhaag-1 ,jevaniyaam ,jevaniyaam,praa0avi0 jevaniyaa uththaree bhaag1
baamdaa,AC234_S24A234P230, 230sarasvathee intar kaalej atharraa ,Tat ,tat,sarasvathee intar kaalej atharraa
phiroojaabaad,AC095_S24A095P311, 311praa0avi0 lad൒apuraa k0anam0  १,lad൒apuraa ,ladapuraa,praa0avi0 ladapuraa k0anam0
aagaraa,AC093_S24A093P173, 173praa0avi0 puraa pachhaah k.n.൥1 ,dhanoulaa kalaa ,dhanoulaa kalaa,praa0avi0 puraa pachhaah kn1
jaaloun,AC221_S24A221P315, 315rahamul hind pablik skool makaniyaa kampaaund moohanapuraa uraee ,uraee ,uraee,rahamul hind pablik skool makaniyaa kampaaund moohanapuraa uraee
siddhaarthanagar,AC303_S24A303P448, 448tadiyaabaajaar ,temdiyaa baajaar ,temdiyaa baajaar,tadiyaabaajaar
baaraabamkee,AC267_S24A267P058, 58praa0 vi0 baan vijnjathlaa kaksh sam0  1,bichhalaa ,bichhalaa,praa0 vi0 baan vijnjathlaa sam0
merath,AC046_S24A046P036, 36javaaharalaal neharoo smaarak i0akaa0ak0an0-1 raachhoothee ,raachhouthee ,raachhouthee,javaaharalaal neharoo smaarak i0akaa0ak0an01 raachhoothee
mujaphpharanagar,AC014_S24A014P171, 171kanyaa praathamik vidhaalay nayaa bhavan paschim mem nayaa kamaraa nambar  2,mujaphpharanagar ,mujaphpharanagar,kanyaa praathamik vidhaalay nayaa paschim mem nayaa kamaraa nambar
pharrookhaabaad,AC192_S24A192P304, 304khud഼anaa dhamagavaam ,khudanaa dhamagavaa ,khudanaa dhamagavaa,khudanaa dhamagavaam
badaayoom,AC112_S24A112P324, 324navaadaa praa vi k a.-2 ,navaadaa ,navaadaa,navaadaa praa vi a2
ilaahaabaad,AC264_S24A264P041, 41praa൦avi൦ sendhuvaar p൦ bhaag ,sendhuvaar ,sendhuvaar,praaavi sendhuvaar p bhaag
basthee,AC310_S24A310P215, 215begam khair intar kaalej thurakahiyaa ,basthee ,basthee,begam khair intar kaalej thurakahiyaa
garaget,AC069_S24A069P027, 27chithsoun saheed mejar lalith prakaas poorv maa0avi0 k0an0  1,chithsoun ,chithsoun,chithsoun saheed mejar lalith prakaas poorv maa0avi0 k0an0
amethee,AC185_S24A185P118, 118praa0 paa0 gouraa mat G02 ,gouraa ,gouraa,praa0 paa0 gouraa mat g02
etaa,AC103_S24A103P181, 181joo0 haa൦askool n൦ savith m൦ aamgaraiyaa ,aamgaraiyaa jamunaaee ,aamgaraiyaa jamunaaee,joo0 haaaskool n savith m aamgaraiyaa
goorakhapur,AC321_S24A321P198, 198mahaathamooraav smaarak i0 kaa0 k0 n0  4,jam0ahakeem nam02 ,jam0ahakeem nam02,mahaathamooraav smaarak i0 kaa0 k0 n0
ilaahaabaad,AC254_S24A254P047, 47praathamik vidyaalay malaak payaagee bhaag-൯ ,malraak payaagee ,malraak payaagee,praathamik vidyaalay malaak payaagee bhaag
pharookhaabaad,AC193_S24A193P109, 109khandaalee ,khandoulee ,khandoulee,khandaalee
ilaahaabaad,AC264_S24A264P247, 247praa൦avi൦ soonavarasaa poo൦abhaag ,soonapuraa ,soonapuraa,praaavi soonavarasaa pooabhaag
muraadaabaad,AC026_S24A026P296, 296u0apaar0 vi0 daijhhagrah ,ijhhagrah ,ijhhagrah,u0apaar0 vi0 daijhhagrah
barelee,AC124_S24A124P088, 88iamtoo vaalee dharmasaalaa nayaa toolaa aalamagireegamj k0anam൦2 ,barelee ,barelee,iamtoo vaalee dharmasaalaa nayaa toolaa aalamagireegamj k0anam2
haradooee,AC155_S24A155P381, 381ju൦ haa൦ karaavaa k൦ n൦  2,NA,NA,381ju haa karaavaa k n
santh kabeer nagar,AC314_S24A314P141, 141praa0avi0asaamkhee kamaraa nam0-2 ,saamkhee ,saamkhee,praa0avi0asaamkhee kamaraa nam02
jhhaamsee,AC223_S24A223P044, 44sen‍tameree intar kaalej bhaag-1 ,jhhaaഁasee ,jhhaaasee,sentameree intar kaalej bhaag1
phiroojaabaad,AC099_S24A099P177, 177janasakthi joo0ahaa0 skool roodhenee k0an0  १,roodhainee ,roodhainee,janasakthi joo0ahaa0 skool roodhenee k0an0
auraiyaa,AC204_S24A204P291, 291sam0amahaa0avi0 auraiyaa k0anam0  3,auraiyaa ,auraiyaa,sam0amahaa0avi0 auraiyaa k0anam0
goondaa,AC297_S24A297P280, 280praa0 paa0 banajariyaa ,banajariyaa ,banajariyaa,praa0 paa0 banajariyaa
aleegadh,AC077_S24A077P367, 367praa0 skool dhanan‍dhariyaa majaraa aleepuraa ,aleepuraa ,aleepuraa,praa0 skool dhanandhariyaa majaraa aleepuraa
saahajahaaapur,AC134_S24A134P230, 230praa0apaa0 kumbhiyaa maaphee ,kumibhayaa maaphee ,kumibhayaa maaphee,praa0apaa0 kumbhiyaa maaphee
phathehapur,AC239_S24A239P177, 177praa0avi0 raaree khumrd ,wre ,wre,praa0avi0 raaree khumrd
haradooee,AC160_S24A160P273, 273janathaa iam൦kaalej kachhounaa n൦apam൦ap൦k൦anam൦-൪ ,kachhoonaa pathasenee ,kachhoonaa pathasenee,janathaa iamkaalej kachhounaa napamapkanam
peeleebheeth,AC129_S24A129P318, 318vilandapur asook ,bilandapur asook ,bilandapur asook,vilandapur asook
badaayoom,AC113_S24A113P288, 288k050apraa0avi0 k0 pattee yakeen muhammad k0an0  3,sahasavaan ,sahasavaan,k050apraa0avi0 k0 pattee yakeen muhammad k0an0
mainapuree,AC107_S24A107P397, 397praa0apaa0 eeamsaee madhupuree kaksh sam0  1,Sas AMAT ,sas amat,praa0apaa0 eeamsaee madhupuree sam0
muraadaabaad,AC029_S24A029P077, 77praa0 skool eelar rasoolaavaad ,eelar rasoolaavaad ,eelar rasoolaavaad,praa0 skool eelar rasoolaavaad
ilaahaabaad,AC255_S24A255P073, 73praathamik vidyaalay maoodoosthapur uththaree bhaag-1 ,maooaaimaa ,maooaaimaa,praathamik vidyaalay maoodoosthapur uththaree bhaag1
kannouj,AC196_S24A196P252, 252praa0apaa0 jagathapur athi0 kaksh ,NA,NA,praa0apaa0 jagathapur athi0
muraadaabaad,AC030_S24A030P001, 1praa0 skool naraayanapur devaa ,naraayanapur devaa ,naraayanapur devaa,praa0 skool naraayanapur devaa
phathehapur,AC240_S24A240P353, 353praa0 vi0 saathoo sulthaanapur ,saathoo sulthaanapur ,saathoo sulthaanapur,praa0 vi0 saathoo sulthaanapur
ilaahaabaad,AC254_S24A254P158, 158maharshi vidyaalay kachchaa bhavan ibraahimapur uththaree bhaag ,laalagoopaalagamj ,laalagoopaalagamj,maharshi vidyaalay kachchaa ibraahimapur uththaree bhaag
raamapur,AC036_S24A036P315, 315praathamik vidyaalay rathoumdaa kaksh sam0  2,lest ,lest,praathamik vidyaalay rathoumdaa sam0
gaajiyaabaad,AC053_S24A053P362, 362kraaun p skool prakaas vihaar ,loonee ,loonee,kraaun skool prakaas vihaar
badaayoom,AC113_S24A113P399, 399praa0 vi0 malasaee yusoophapur musthahakam k0an0  3,malasaeei yoosuphapur ,malasaeei yoosuphapur,praa0 vi0 malasaee yusoophapur musthahakam k0an0
sambhal,AC031_S24A031P277, 277jooniyar haaee skool mirjaapur nasaroolalaapur kaksh-2 ,NA,NA,jooniyar haaee skool mirjaapur nasaroolalaapur kaksh2
garaget,AC069_S24A069P067, 67saraavaa kisaan i0akaa0 k0an൑  2,saraavaa ,saraavaa,saraavaa kisaan i0akaa0 k0an
barelee,AC118_S24A118P135, 135praa0avi൦ naraayananagalaa k0an0  1,naraayan nagalaa ,naraayan nagalaa,praa0avi naraayananagalaa k0an0
etaa,AC105_S24A105P248, 248praa0apaa0 jitoolee k0an0  १,jitoulee ,jitoulee,praa0apaa0 jitoolee k0an0
phaijaabaad,AC274_S24A274P285, 285praathamik vidyaalay raithuaa paschimee ,raithuvaa ,raithuvaa,praathamik vidyaalay raithuaa paschimee
badaayoom,AC113_S24A113P363, 363praa0 vi0 silaharee k0an0  1,silaharee ,silaharee,praa0 vi0 silaharee k0an0
raamapur,AC036_S24A036P219, 219raa0 i൦ kaa0 kaksh sam0-07 kemaree mou0 sighaadiyaan puraanaa bhavan ,kemaree ,kemaree,raa0 i kaa0 sam007 kemaree mou0 sighaadiyaan puraanaa
goondaa,AC299_S24A299P306, 306jooniyar haaee skool athi0 kaksh bhikhaareepur kalaa ,bhikhaareepurakalaa ,bhikhaareepurakalaa,jooniyar haaee skool athi0 bhikhaareepur kalaa
wed kabeer nagar,AC313_S24A313P472, 472praa0avi0 katakaa kamaraa nam0  2,basaloohiyaa ,basaloohiyaa,praa0avi0 katakaa kamaraa nam0
badaayoom,AC115_S24A115P177, 177es0ake0ai0akaa0 badaayoom poorvee bhaag k0anam0  2,badaayoom ,badaayoom,es0ake0ai0akaa0 badaayoom poorvee bhaag k0anam0
goutham buddh nagar,AC063_S24A063P022, 22praa0 skool khaanapur k0an0  1,NA,NA,praa0 skool khaanapur k0an0
vaaraanasee,AC391_S24A391P135, 135praa0 paa0 karadhanaa k0 sam01 ,karadhanaa ,karadhanaa,praa0 paa0 karadhanaa k0 sam01
aajamagadh,AC349_S24A349P277, 277joo0ahaa0 skool kaneree ,karnaraa ,karnaraa,joo0ahaa0 skool kaneree
baaraabamkee,AC266_S24A266P197, 197poo0amaa0avi0 isaroulee kaksh sam0  २,isaroulee ,isaroulee,poo0amaa0avi0 isaroulee sam0
lakhanaoo,AC168_S24A168P228, 228praa0 vi0 kundaraa kalaa kaksh sam0  - 1,kasamandee kalaa ,kasamandee kalaa,praa0 vi0 kundaraa kalaa sam0
lakhanaoo,AC173_S24A173P154, 154praa0avidyaalay basthoulee kaksh sam0-3 ,NA,NA,praa0avidyaalay basthoulee sam03
goondaa,AC300_S24A300P193, 193praaimaree paathasaalaa u0 bhaag lamathee ukarahavaa ,lamathee ukarahavaa ,lamathee ukarahavaa,praaimaree paathasaalaa u0 bhaag lamathee ukarahavaa
gaajeepur,AC373_S24A373P270, 270kanyaa praa0apaa0 saadaath poo.chhoor ,saadaath ,saadaath,kanyaa praa0apaa0 saadaath poochhoor
ilaahaabaad,AC263_S24A263P391, 391kedaaranaath u0amaa0avi0 sad഼avaa kalaam kaksh sam0  2,ilaahaabaad ,ilaahaabaad,kedaaranaath u0amaa0avi0 sadavaa kalaam sam0
pharrookhaabaad,AC193_S24A193P205, 205baghounaa ,badhaaഁanaa ,badhaaanaa,baghounaa
bijanour,AC018_S24A018P012, 12poorv maaek0avi൦abhoojapur kaksh sam03 ,mukandapur raamoo ,mukandapur raamoo,poorv maaek0aviabhoojapur sam03
vaaraanasee,AC387_S24A387P102, 102in൦kaa൦jagathapur k൦as൦2 ,jagathapur ,jagathapur,inkaajagathapur kas2
kannouj,AC196_S24A196P132, 132joo0ahaa0 skool alhanaapur ,NA,NA,joo0ahaa0 skool alhanaapur
badaayoom,AC116_S24A116P343, 343praa0 vidhaalay kakaraalaa ke0 nam0  1,kakaraalaa ,kakaraalaa,praa0 vidhaalay kakaraalaa ke0 nam0
raamapur,AC036_S24A036P119, 119poorv maadhyamik vidyaalay sthith baamhapur ,vahaapur gamgaapur ,vahaapur gamgaapur,poorv maadhyamik vidyaalay baamhapur
sambhal,AC032_S24A032P351, 351praathamik skool dhaamapur kaanh kaksh  2,NA,NA,praathamik skool dhaamapur kaanh
lakhanaoo,AC169_S24A169P364, 364mahes prasaad bihaaree laal haay0ase0 skool geethaapuree kharagaapur kaksh sam0-3 ,kharagaapur ,kharagaapur,mahes prasaad bihaaree laal haay0ase0 skool geethaapuree kharagaapur sam03
balaraamapur,AC292_S24A292P263, 263praa0 paa0 madarahavaa k0an0  १,NA,NA,praa0 paa0 madarahavaa k0an0
aleegadh,AC075_S24A075P035," 35ikaraa pablik skool, nagalaa malalaah, kamaraa n0-൨ ",aleegadh഼ ,aleegadh,ikaraa pablik skool nagalaa malalaah kamaraa n0
baamdaa,AC233_S24A233P203, 203praa0avi0 daamdou ,daadaa ,daadaa,praa0avi0 daamdou
sambhal,AC031_S24A031P192, 192kanyaa praaimaree skool poorvee asaalathapur jaaraee kaksh-1 ,asaalathapur jaaraee ,asaalathapur jaaraee,kanyaa praaimaree skool poorvee asaalathapur jaaraee kaksh1
mathuraa,AC085_S24A085P374, 374praa0avi0 dhaanaa jeevanaa ,dhaanaa jeevanaa ,dhaanaa jeevanaa,praa0avi0 dhaanaa jeevanaa
itaavaa,AC201_S24A201P365, 365praa0apaa0 phathehapuraa ,phathehapuraa ,phathehapuraa,praa0apaa0 phathehapuraa
sambhal,AC111_S24A111P277, 277praa0apaa0ak0an൦൧ ghughaeeyaa ,ghughad഼ayaa ,ghughadayaa,praa0apaa0ak0an ghughaeeyaa
baaraabamkee,AC268_S24A268P336, 336raajakeey baalikaa iam kaalej baaraabamkee kam0an  12,navaabagamj ,navaabagamj,raajakeey baalikaa iam kaalej baaraabamkee kam0an 12
raay barelee,AC182_S24A182P095, 95raamagaamv ,raamagaamv ,raamagaamv,raamagaamv
itaavaa,AC201_S24A201P379, 379praa0apaa0 vinaayakapur ,vinaayakapur ,vinaayakapur,praa0apaa0 vinaayakapur
goondaa,AC298_S24A298P132, 132praaimaree paathasaalaa atharasueeyaa k0an0  १,atharasudaiyaa ,atharasudaiyaa,praaimaree paathasaalaa atharasueeyaa k0an0
gaajiyaabaad,AC057_S24A057P061, 61praa0 vi0 yaakoothapur mavee ,AURA Ad? ,aura ad,praa0 vi0 yaakoothapur mavee
seethaapur,AC149_S24A149P280, 280poorv maa0 vi0 barachhathaa ,barachhathaa ,barachhathaa,poorv maa0 vi0 barachhathaa
ilaahaabaad,AC257_S24A257P105, 105praathamik vidyaalay kaharaa d0abhaag ,chakaaajam ,chakaaajam,praathamik vidyaalay kaharaa d0abhaag
aagaraa,AC092_S24A092P253, 253praa.vi souraa k.n  1,sooraa ,sooraa,praavi souraa kn
gaajiyaabaad,AC055_S24A055P717, 717divaakar maadal skool syaamapaark eksatemsan ,gaajiyaabaad ,gaajiyaabaad,divaakar maadal skool syaamapaark eksatemsan
baamdaa,AC233_S24A233P299, 299praa0avi0 mavaee ,Aas ,aas,praa0avi0 mavaee
phaijaabaad,AC275_S24A275P102, 102raajakaran vaidik intar kaalej phaijaabaad uththar nayaa bhavan ,phaijaabaad ,phaijaabaad,raajakaran vaidik intar kaalej phaijaabaad uththar nayaa
ilaahaabaad,AC257_S24A257P272, 272praathamik vidyaalay khakhaichaa d0abhaag ,khakhaichaa ,khakhaichaa,praathamik vidyaalay khakhaichaa d0abhaag
kheeree,AC141_S24A141P288, 288jagadeesapur ,jagadeesapur ,jagadeesapur,jagadeesapur
phiroojaabaad,AC096_S24A096P318, 318praa.paa.arthuraa k s  1,athurr ,athurr,praapaaarthuraa
soonabhadr,AC400_S24A400P239, 239praathamik vidyaalay baharaa (bamgalaa kamaraa nam0  २,bahaaaraa ,bahaaaraa,praathamik vidyaalay baharaa bamgalaa kamaraa nam0
lakhanaoo,AC168_S24A168P232, 232praa0 vi0 rasoolapur kaksh sam0  - 1,rasoolapur ,rasoolapur,praa0 vi0 rasoolapur sam0
bijanour,AC021_S24A021P010, 10youTofao phareedapur samsaaroo urph dhookalapur kaksh  १,phareedapur samsaaroo ,phareedapur samsaaroo,youtofao phareedapur samsaaroo urph dhookalapur
kuseenagar,AC333_S24A333P150, 150praaimaree paathasaalaa damavatheeyaa kaksh n  ०१,damavathiyaa ,damavathiyaa,praaimaree paathasaalaa damavatheeyaa
sahaaranapur,AC005_S24A005P209," 209praathamik vidyaalay kaksh nambar-1, kaasimapur ",devaband dehaath ,devaband dehaath,praathamik vidyaalay nambar1 kaasimapur
baaraabamkee,AC266_S24A266P225, 225nesanal i0 kaalej phathehapur kaksh sam0  6,phathehapur ,phathehapur,nesanal i0 kaalej phathehapur sam0
badaayoom,AC113_S24A113P189, 189praa0 vi0 muhammad gamj goobaraa k0an0  1,moohammadagamj goovaraa ,moohammadagamj goovaraa,praa0 vi0 muhammad gamj goobaraa k0an0
baharaaich,AC287_S24A287P202, 202joo൦ahaa൦askool payaagapur (naveenabhavan (atharikth kaksh-1 ,payaagapur ,payaagapur,jooahaaaskool payaagapur naveenabhavan atharikth kaksh1
baaraabamkee,AC266_S24A266P258, 258praa0 vi0 gaaouraa karoumdee athirikth kaksh ,karoudee ,karoudee,praa0 vi0 gaaouraa karoumdee athirikth
sahaaranapur,AC006_S24A006P122, 122praathamik vidhaalay kamaraa nambar  1ghasouthee ,ghasoothee ,ghasoothee,praathamik vidhaalay kamaraa nambar 1ghasouthee
ilaahaabaad,AC257_S24A257P175, 175praathamik vidyaalay bhoogavaaraa d0abhaag ,januaadeeh khurd ,januaadeeh khurd,praathamik vidyaalay bhoogavaaraa d0abhaag
kheeree,AC144_S24A144P065, 65bhood഼aa piparee ,bhood഼aapiparee ,bhoodaapiparee,bhoodaa piparee
unnaav,AC165_S24A165P288, 288praa0 vi0 paschim gadan khedaa ,un‍naav ,unnaav,praa0 vi0 paschim gadan khedaa
aagaraa,AC089_S24A089P065, 65sainik pablik maadhyamik kaalej kabeer kumj jagadeesapuraa k൦n൦  1,aagaraa ,aagaraa,sainik pablik maadhyamik kaalej kabeer kumj jagadeesapuraa kn
kannouj,AC198_S24A198P164, 164praa0 vi0 bhavaaneepur prathaap ,bhavaaneepur prathaap ,bhavaaneepur prathaap,praa0 vi0 bhavaaneepur prathaap
kuseenagar,AC332_S24A332P321, 321praa൦ paa൦ nooniyaa pattee kaksh nam0  2,nooniyaa pattee ,nooniyaa pattee,praa paa nooniyaa pattee nam0
raamapur,AC034_S24A034P062, 62praathamik vidyaayal gaamgan nagalee ,gaamgan nagalee ,gaamgan nagalee,praathamik vidyaayal gaamgan nagalee
kaasagamj,AC100_S24A100P108, 108praa0 paa0 varakulaa k0anam0  २,NA,NA,praa0 paa0 varakulaa k0anam0
unnaav,AC165_S24A165P132, 132praa0 vi0 piparee ,NA,NA,praa0 vi0 piparee
haapud,AC060_S24A060P155, 155praathamik vidyaalay navaadaa kalaa ,navaadaa kalaam ,navaadaa kalaam,praathamik vidyaalay navaadaa kalaa
muraadaabaad,AC028_S24A028P420, 420praa0 skool baalak kaksh-5 majhhoolaa ,muraadaabaad ,muraadaabaad,praa0 skool baalak kaksh5 majhhoolaa
phaijaabaad,AC274_S24A274P260, 260praathamik vidyaalay palniyaa goovaa dakshinee ,paliyaa goovaa ,paliyaa goovaa,praathamik vidyaalay palniyaa goovaa dakshinee
kaanapur nagar,AC210_S24A210P320, 320praa.paa raavathapur k0asam0  1,NA,NA,praapaa raavathapur k0asam0
muraadaabaad,AC027_S24A027P213, 213aadars graameen vidyaalay harathalaa kaksh-5 ,muraadaabaad ,muraadaabaad,aadars graameen vidyaalay harathalaa kaksh5
haradooee,AC157_S24A157P319, 319praa0apaa൦ bhaisaree k0anam൦  २,bhaisaree ,bhaisaree,praa0apaa bhaisaree k0anam
muraadaabaad,AC026_S24A026P343, 343praa0 skool kaalaa jhhaandaa ,kaalaa jhhaamdaa ,kaalaa jhhaamdaa,praa0 skool kaalaa jhhaandaa
aagaraa,AC091_S24A091P363, 363praa0 vi0 ujaraee k  0nam02 ,ujaraee ,ujaraee,praa0 vi0 ujaraee 0nam02
ilaahaabaad,AC255_S24A255P300, 300indiraa gaadhee joo0 haaee skool jaamhaa khaas dakshinee bhaag ,jaamhaa khaas ,jaamhaa khaas,indiraa gaadhee joo0 haaee skool jaamhaa khaas dakshinee bhaag
mathuraa,AC083_S24A083P322, ३22joo൦haa൦agskool TST kann൦൧ ,beree ,beree,joohaaagskool tst kann
bijanour,AC022_S24A022P233, 233raajakeey aaee0atee0aaaee0 bijanour kaksh  5,raseedapur gadhee ,raseedapur gadhee,raajakeey aaee0atee0aaaee0 bijanour
sahaaranapur,AC005_S24A005P206," 206praathamik vidyaalay kaksh nambar-1, akabarapur majaraa devaband ",akabarapur m0 ,akabarapur m0,praathamik vidyaalay nambar1 akabarapur majaraa devaband
prathaapagadh,AC249_S24A249P206, 206praa0avi0 beebeepur mustharkaa ,beebeepur mustharakaa ,beebeepur mustharakaa,praa0avi0 beebeepur mustharkaa
phaijaabaad,AC273_S24A273P405, 405praathamik vidyaalay gayaasuddeenapur kaksh sam0  1,gayaasudadeenapur ,gayaasudadeenapur,praathamik vidyaalay gayaasuddeenapur sam0
gaajiyaabaad,AC053_S24A053P337, 337jnjaan gamgaa p.joo.haa skool naaeepuraa ,loonee ,loonee,jnjaan gamgaa pjoohaa skool naaeepuraa
mujaphpharanagar,AC016_S24A016P026, 26praathamik vidyaalay kam0an0.2 dheeraahedee ,dheeraahedee ,dheeraahedee,praathamik vidyaalay kam0an02 dheeraahedee
kousaambee,AC251_S24A251P239, 239praa0avi0 bhadesar poorvee bhaag ,bhadesar ,bhadesar,praa0avi0 bhadesar poorvee bhaag
auraiyaa,AC202_S24A202P016, 16gaadhee i0akaa൦ airavaakataraa k0an൦  २,Wad kuilee ,wad kuilee,gaadhee i0akaa airavaakataraa k0an
barelee,AC122_S24A122P041, 41praa0 paa0 arjunapur ,ajuainapur ,ajuainapur,praa0 paa0 arjunapur
badaayoom,AC117_S24A117P052, 52praa0 vi0 k0 nam0  1pairahaa ,chutamuree ,chutamuree,praa0 vi0 k0 nam0 1pairahaa
unnaav,AC167_S24A167P272, 272saamu0 kendr bhavalriyaa poo0 ,bhavalriyaa ,bhavalriyaa,saamu0 bhavalriyaa poo0
raay barelee,AC183_S24A183P165, 165chichoulee ,chiloulee ,chiloulee,chichoulee
bhadoohee,AC393_S24A393P320, 320joo0ahaa0 skool kshathrasaahapur k0asam0-2 ,chhathrasaahapur ,chhathrasaahapur,joo0ahaa0 skool kshathrasaahapur k0asam02
aagaraa,AC086_S24A086P262, 262praa0avi൦ gathee raamee k0anam൦  2,chougaan ,chougaan,praa0avi gathee raamee k0anam
baharaaich,AC285_S24A285P368, 368praa൦avi൦-ted഼avaa basamthapur k൦nam൦-൨ ,ted഼avaa basamthapur ,tedavaa basamthapur,praaavitedavaa basamthapur knam
mathuraa,AC084_S24A084P044, 44hajaareemal soomaanee i0akaa0 vrindaavan k0anam0  8,mathuraa vrindaavan ,mathuraa vrindaavan,hajaareemal soomaanee i0akaa0 vrindaavan k0anam0
unnaav,AC163_S24A163P103, 103praathamik vidyaalay devaganamaoo ,devaganamaoo ,devaganamaoo,praathamik vidyaalay devaganamaoo
baliyaa,AC358_S24A358P149, 149harijan praa0 paa0 rasadaa (poo0 ,rasad഼aa ,rasadaa,harijan praa0 paa0 rasadaa poo0
soonabhadr,AC400_S24A400P157, 157praathamik vidyaalay koolakaadee sthith bad഼aagaamv ,bad഼aagaamv ,badaagaamv,praathamik vidyaalay koolakaadee badaagaamv
vaaraanasee,AC387_S24A387P168, 168karmadesvar mahaadev i0ak0 kandavaa k0asam04 ,kandavaam ,kandavaam,karmadesvar mahaadev i0ak0 kandavaa k0asam04
phiroojaabaad,AC098_S24A098P194, 194praa0apaa0aaasadevamaee noorapur ,aasadevamad഼ noorapur ,aasadevamad noorapur,praa0apaa0aaasadevamaee noorapur
kheeree,AC139_S24A139P332, 332jhhaaoopur m0alandanapur grant ,lan‍danapur grant ,landanapur grant,jhhaaoopur m0alandanapur grant
pharookhaabaad,AC192_S24A192P070, 70harakaranapur ,harakaranapur ,harakaranapur,harakaranapur
haapud,AC058_S24A058P058, 58praathamik vidhaalay ahamadapur nayaa g൉av kamaraa nam0  2,ahamadapur nayaagaamv ,ahamadapur nayaagaamv,praathamik vidhaalay ahamadapur nayaa gav kamaraa nam0
aajamagadh,AC352_S24A352P292, 292praa0avi0 joovaaഁ kaksh  २,aa ,NA,praa0avi0 joovaa
ilaahaabaad,AC261_S24A261P009, 9seravaanee i kaa akabarapur salal‍laahapur kamaraa nam  २,akabarapur Aone ,akabarapur aone,seravaanee akabarapur salallaahapur kamaraa nam
bulandasahar,AC064_S24A064P088, 88gulaavathee mupheedeaam haayar saikendree skool k.nam  ६(puraanaa bhavan ,gulaavathee ,gulaavathee,gulaavathee mupheedeaam haayar saikendree skool knam puraanaa
phathehapur,AC243_S24A243P093, 93praa0avi0 lakshmanapur ,laakheepur ,laakheepur,praa0avi0 lakshmanapur
kaanapur dehaath,AC205_S24A205P020, 20praathamik paathasaalaa nivaadaaanee ,nivaadaa anee ,nivaadaa anee,praathamik paathasaalaa nivaadaaanee
kuseenagar,AC333_S24A333P167, 167jooniyar haaee skool piparaajataamapur kaksh n  01,piparaa jataamapur ,piparaa jataamapur,jooniyar haaee skool piparaajataamapur 01
baliyaa,AC360_S24A360P147, 147praa0apaa0 koopavaam ,koopavaam ,koopavaam,praa0apaa0 koopavaam
sahaaranapur,AC005_S24A005P172," 172poorv maadhyamik vidyaalay mem sthith praathamik skool poorvee bhaag kaksh nambar-1, ambehataa sekhaa ",ambehataa sekhaa ,ambehataa sekhaa,poorv maadhyamik vidyaalay mem praathamik skool poorvee bhaag nambar1 ambehataa sekhaa
maoo,AC354_S24A354P270, 270praa൦apaa൦amaseenaa poo൦ bhaag ,maseenaa ,maseenaa,praaapaaamaseenaa poo bhaag
raamapur,AC036_S24A036P079," 79guroonaanak kanyaa i0 kaa0 bilaasapur, kaksh sam0-൦൩ ",bilaasapur ,bilaasapur,guroonaanak kanyaa i0 kaa0 bilaasapur sam0
basthee,AC310_S24A310P358, 358praathamik vidyaalay parasaa jaageer ,kataranaraakhurd ,kataranaraakhurd,praathamik vidyaalay parasaa jaageer
kousaambee,AC252_S24A252P255, 255praa.vi chak sathaaragamj ,rasoolapur bad഼agaav ,rasoolapur badagaav,praavi chak sathaaragamj
kuseenagar,AC335_S24A335P340, 340praa൦ paa൦ mooravan kaksh-3 ,mooravan ,mooravan,praa paa mooravan kaksh3
gaajeepur,AC379_S24A379P365, 365praa0apaa0 karahiyaa dakshin (p0achhoor ,karahiyaa ,karahiyaa,praa0apaa0 karahiyaa dakshin p0achhoor
NA,AC021_S24A021P080, 80praa൦avi0 haldour ditheey kaksh  २,Boalt ,boalt,praaavi0 haldour ditheey
haradooee,AC159_S24A159P254, 254praa0apaa൦ gamgaaraamapur ni൦ bandeepur malalaavaam k0anam൦  -8,malal‍laavaam ,malallaavaam,praa0apaa gamgaaraamapur ni bandeepur malalaavaam k0anam
bulandasahar,AC070_S24A070P139, 139dharapaa chooharapur praaeemaree skool k.n.1 ,dharapaa choohadapur ,dharapaa choohadapur,dharapaa chooharapur praaeemaree skool kn1
gaajiyaabaad,AC055_S24A055P559, 559indiraapuram pablik skool nyaay khand pratham indiraapuram ,gaajiyaabaad ,gaajiyaabaad,indiraapuram pablik skool nyaay khand pratham indiraapuram
merath,AC044_S24A044P002, 2uchch praa0 vi0 aalamagirapur phareedapur ,aalamagirapur ,aalamagirapur,uchch praa0 vi0 aalamagirapur phareedapur
balaraamapur,AC291_S24A291P253, 253praa0apaa0 gouraamaaphee k0an0  १,gouraamaaphee ,gouraamaaphee,praa0apaa0 gouraamaaphee k0an0
mainapuree,AC107_S24A107P359, 359poo0amaa0avi0 junhaisaa kaksh sam0  1,Area ,area,poo0amaa0avi0 junhaisaa sam0
gaajiyaabaad,AC056_S24A056P375, 375poorv maa൦0 vi0 daasanaa get ,gaajiyaabaad ,gaajiyaabaad,poorv maa0 vi0 daasanaa get
baharaaich,AC285_S24A285P157, 157praa൦avi൦-kapoorapur k൦anam൦-൧ ,PRO ,pro,praaavikapoorapur kanam
gaajeepur,AC379_S24A379P260, 260praa0apaa0 koosee (p0achhoor ,koosee a ,koosee a,praa0apaa0 koosee p0achhoor
garaget,AC068_S24A068P377, 377jaragavaam praaeemaree skool k൦n൦൧൯ ,jaragavaam ,jaragavaam,jaragavaam praaeemaree skool kn
peeleebheeth,AC129_S24A129P107, 107aanandapur urph bhagavanthaapur ,aanandapur urph ,aanandapur urph,aanandapur urph bhagavanthaapur
mathuraa,AC083_S24A083P140, 140Yrofdo3ieir ,soumkh ,soumkh,yrofdo3ieir
aagaraa,AC089_S24A089P129, 129raadhaa krishn kanyaa mahaavidyaalay sektar-൯ k0anam൦-൪ ,aagaraa ,aagaraa,raadhaa krishn kanyaa mahaavidyaalay sektar k0anam
kheeree,AC141_S24A141P139, 139lookaeepuravaa m0 baburee ,baburee ,baburee,lookaeepuravaa m0 baburee
bijanour,AC022_S24A022P444, 444poorv0 maa0 vi0 jahaanaabaad kaksh  2,jahaanaabaad bee0ae0 ,jahaanaabaad bee0ae0,poorv0 maa0 vi0 jahaanaabaad
merath,AC045_S24A045P236, 236praa0 vi0 poorab sikhaidaa ,sikhedaa ,sikhedaa,praa0 vi0 poorab sikhaidaa
bulandasahar,AC066_S24A066P269, 269paravaanaa mahamoodapur poo0amaa0 vidyaalay k0an0  1,paravaanaa mahamoothapur ,paravaanaa mahamoothapur,paravaanaa mahamoodapur poo0amaa0 vidyaalay k0an0
baagapath,AC050_S24A050P190, 190harijan pamchaayath ghar k.n.-2 athi0 nirapudaa ,nirapudaa ,nirapudaa,harijan pamchaayath kn2 athi0 nirapudaa
lakhanaoo,AC171_S24A171P205, 205praathamik vidyaalay naipiyar rood nivaajagamj kaksh samkhyaa-൨ ,lakhanaoo ,lakhanaoo,praathamik vidyaalay naipiyar rood nivaajagamj samkhyaa
jounapur,AC365_S24A365P079, 79ne0ai0akaa0 patteenarendrapur poo0abhaag kaksh sam൦  1,patateenarendrapur ,patateenarendrapur,ne0ai0akaa0 patteenarendrapur poo0abhaag sam
saahajahaaapur,AC132_S24A132P198, 198praa൦ skool paapari ,bathadhaoo ,bathadhaoo,praa skool paapari
ilaahaabaad,AC261_S24A261P333, 333najamaa garls intar kaalej saahagamj kamaraa nam  ३,ilaahaabaad ,ilaahaabaad,najamaa garls intar kaalej saahagamj kamaraa nam
vaaraanasee,AC389_S24A389P167, 167svaamee vivekaanand kaanvemt skool kajjaakapuraa k0asam0.൫ ,vaaraanasee ,vaaraanasee,svaamee vivekaanand kaanvemt skool kajjaakapuraa k0asam0
itaavaa,AC201_S24A201P290, 290praa0apaa0 mad഼oulee kaksh nam0-2 ,madoulee ,madoulee,praa0apaa0 madoulee nam02
vaaraanasee,AC391_S24A391P301, 301kanyaa poorv maadhyamik vi0 saamhasaahapur k0 sam0 oO ,saahasaahapur ,saahasaahapur,kanyaa poorv maadhyamik vi0 saamhasaahapur k0 sam0 oo
amethee,AC184_S24A184P280, 280praa0 paa0 dichhoulee kaksh sam൦  2,dichhoulee ,dichhoulee,praa0 paa0 dichhoulee sam
baaraabamkee,AC266_S24A266P081, 81praa0 vi0 auramgaabaad kaksh sam0  १,auragaabaad ,auragaabaad,praa0 vi0 auramgaabaad sam0
vaaraanasee,AC391_S24A391P176, 176pamchaayath bhavan paramandaapur ,paramandaapur ,paramandaapur,pamchaayath paramandaapur
siddhaarthanagar,AC304_S24A304P338, 338baamsee ,NA,NA,baamsee
maoo,AC354_S24A354P225, 225joo0ahaa0askool lakhaneemubaarakapur u0abhaag ,lakhaneemubaarakapur ,lakhaneemubaarakapur,joo0ahaa0askool lakhaneemubaarakapur u0abhaag
mujaphpharanagar,AC012_S24A012P193," 193kanyaa paathasaalaa k0anam0-1, dhimdhaavalee ",dhidhaavalee ,dhidhaavalee,kanyaa paathasaalaa k0anam01 dhimdhaavalee
balaraamapur,AC293_S24A293P401, 401praa0apaa൦ devariyaa inaayath d൦ bhaag ,devariyaa inaayath ,devariyaa inaayath,praa0apaa devariyaa inaayath d bhaag
mathuraa,AC083_S24A083P030, 30praa0 vi0 neemagaaഁav k0 nam0  1,neem gaamv ,neem gaamv,praa0 vi0 neemagaaav k0 nam0
ilaahaabaad,AC256_S24A256P419, 419joo0 haa0 skool hanumaanagamj u൦ bhaag ,saraayalaahar urph ,saraayalaahar urph,joo0 haa0 skool hanumaanagamj u bhaag
badaayoom,AC112_S24A112P306, 306raayapur jagaman praa vi k nam.-൧ ,raayapur jagaman ,raayapur jagaman,raayapur jagaman praa vi nam
siddhaarthanagar,AC304_S24A304P401, 401chhithahee ,NA,NA,chhithahee
kuseenagar,AC331_S24A331P347, 347praa0apaa0agadahiyaa paathak kaksh nam൦  ९,gad൒ahiyaa paathak ,gadahiyaa paathak,praa0apaa0agadahiyaa paathak nam
jaaloun,AC220_S24A220P422, 422praathamik vidyaalay kathapuravaa ,kathapuravaa ,kathapuravaa,praathamik vidyaalay kathapuravaa
phiroojaabaad,AC097_S24A097P046, 46raashteey sraamik vidhaalay karabalaa k൦ s൒  ०३,phiroojaabaad ,phiroojaabaad,raashteey sraamik vidhaalay karabalaa k s
kaanapur nagar,AC209_S24A209P040, 40praa vidayaalayabaavanajhhaalaa mujaphpharapur kaksh sam-൨ ,baavanajhhaalaa ,baavanajhhaalaa,praa vidayaalayabaavanajhhaalaa mujaphpharapur sam
muraadaabaad,AC028_S24A028P037, 37es0aes0 i0akaa0 kaksh-3 ,muraadaabaad ,muraadaabaad,es0aes0 i0akaa0 kaksh3
goondaa,AC296_S24A296P260, 260praanpaa൦ dhanoulee k0 n0  १,Seite ,seite,praanpaa dhanoulee k0 n0
vaaraanasee,AC385_S24A385P233, 233praa0apaa0 kaithour ,bak ,bak,praa0apaa0 kaithour
phaijaabaad,AC271_S24A271P322, 322kanyaa praathamik vidyaalay roodoulee kaksh sam.1 ,roodoulee ,roodoulee,kanyaa praathamik vidyaalay roodoulee sam1
ilaahaabaad,AC264_S24A264P139, 139poorv maa൦ joo൦ahaa൦ skool baghalaa madanapur p൦ bhaag ,baghalaa ,baghalaa,poorv maa jooahaa skool baghalaa madanapur p bhaag
baagapath,AC051_S24A051P114, 114praaeemaree paathasaalaa patatee mehar k0anam0  1badouth ,badouth ,badouth,praaeemaree paathasaalaa patatee mehar k0anam0 1badouth
goondaa,AC299_S24A299P092, 92jooniyar haaee skool kood഼aree k0an0  २,umareebegamagamj-2 ,umareebegamagamj2,jooniyar haaee skool koodaree k0an0
gaajiyaabaad,AC057_S24A057P223, 223praa0 vi0 nam  1thaane ke paas begamaabaad ,begamaabaad budaanaa ,begamaabaad budaanaa,praa0 vi0 nam 1thaane begamaabaad
jhhaamsee,AC225_S24A225P045, 45praa.vidyaalay maboosaa ,magoosaa ,magoosaa,praavidyaalay maboosaa
mainapuree,AC107_S24A107P367, 367praa0apaa0 sirasaa kaksh sam0  1,sirasaa ,sirasaa,praa0apaa0 sirasaa sam0
barelee,AC124_S24A124P387, 387praa൦ paa൦ goovindaapur k0anam0൧ ,barelee ,barelee,praa paa goovindaapur k0anam0
goorakhapur,AC321_S24A321P120, 120praa0 vi0 pookharabhindaa k0 nam0  2,pookharabhindaa ,pookharabhindaa,praa0 vi0 pookharabhindaa k0 nam0
prathaapagadh,AC248_S24A248P222, 222praa൦ vi൦ aamamaoo ,aamamath ,aamamath,praa vi aamamaoo
lakhanaoo,AC171_S24A171P269, 269഑akak‍saphoord pablik intar kaalej ഑al indiyaa siyaa yatheemakhaanaa kaajamain rood lakhanaoo kaksh ,lakhanaoo ,lakhanaoo,akaksaphoord pablik intar kaalej al indiyaa siyaa yatheemakhaanaa kaajamain rood lakhanaoo
baagapath,AC051_S24A051P062, 62sarasvathee sikshaa sadan jooniyar haaeeskool goomgaa khedee ,googaakhedee ,googaakhedee,sarasvathee sikshaa sadan jooniyar haaeeskool goomgaa khedee
aajamagadh,AC344_S24A344P236, 236praa0 vi0 paandechavar ,paandey chamvar ,paandey chamvar,praa0 vi0 paandechavar
unnaav,AC167_S24A167P446, 446praa0apaa0 eeamtabaamdh ,Ads ,ads,praa0apaa0 eeamtabaamdh
siddhaarthanagar,AC303_S24A303P324, 324tharoooulee ,tharoulee ,tharoulee,tharoooulee
chandoulee,AC380_S24A380P365, 365praanpaa൦ nakatee raghunaathapur kaksh sam൦-3 ,NA,NA,praanpaa nakatee raghunaathapur sam3
mathuraa,AC085_S24A085P223, 223praa0avi0 saraayadaaud ,Ta alsa ,ta alsa,praa0avi0 saraayadaaud
saamalee,AC010_S24A010P296, 296nesanal pablik joo0ahaa0 skool k0 nam0  1kaamdhalaa ,kaadhalaa ,kaadhalaa,nesanal pablik joo0ahaa0 skool k0 nam0 1kaamdhalaa
seethaapur,AC149_S24A149P075, 75praa0 vi0 samkarapur thethaulaa k0 nam0  2,samkarapur thyoothraa ,samkarapur thyoothraa,praa0 vi0 samkarapur thethaulaa k0 nam0
saahajahaaapur,AC133_S24A133P032, 32praa൦ paa൦ ummarapur kaksh  ३,thilahar ,thilahar,praa paa ummarapur
goondaa,AC297_S24A297P167, 167joo൦ haa൦ skool beerapur kataraa Ho ao of ,beerapur kataraa ,beerapur kataraa,167joo haa skool beerapur kataraa ho ao of
auraiyaa,AC202_S24A202P278, 278praa൦ vi൦ barakasee k൦ n൦  ९,varakasee ,varakasee,praa vi barakasee k n
phathehapur,AC239_S24A239P165, 165praa0avi0 kooraiyaam kaksh  - 2,kooraiyaam ,kooraiyaam,praa0avi0 kooraiyaam
baaraabamkee,AC269_S24A269P277, 277poo0amaa0avi0 naveenabhavan paatamaoo kaksh nam0  2,paatamath ,paatamath,poo0amaa0avi0 naveenabhavan paatamaoo nam0
goorakhapur,AC326_S24A326P203, 203praa0apaa0 semarounaa kaksh sam01 ,semarounaa ,semarounaa,praa0apaa0 semarounaa sam01
mahaaraajagamj,AC317_S24A317P067, 67praa0apaa0aledee ,raamachandrahee ,raamachandrahee,praa0apaa0aledee
goondaa,AC299_S24A299P427, 427paramahams skool k0as0  १thulaseepur ,thulaseeshapur maajhhaa-2 ,thulaseeshapur maajhhaa2,paramahams skool k0as0 thulaseepur
mirjaapur,AC395_S24A395P134, 134praa0avi0 majhhigavaa ,majhhigavaa ,majhhigavaa,praa0avi0 majhhigavaa
ilaahaabaad,AC257_S24A257P095, 95iam0akaa0amoothihaaഁ m0abhaag ,Alfder ,alfder,iam0akaa0amoothihaa m0abhaag
gaajeepur,AC379_S24A379P026, 26praa൦paa൦ soonahariyaa (p൦achhoor ,soonahariyaaഁ ,soonahariyaa,praapaa soonahariyaa pachhoor
unnaav,AC167_S24A167P403, 403praa0apaa0 lauthavaa simhanakhedaa p൦ ,lauvaa simhanakhed഼aa ,lauvaa simhanakhedaa,praa0apaa0 lauthavaa simhanakhedaa p
phaijaabaad,AC271_S24A271P030, 30poorv maadhyamik vidyaalay raaneemaoo athirikth kaksh ,raaneemaoo ,raaneemaoo,poorv maadhyamik vidyaalay raaneemaoo athirikth
goutham buddh nagar,AC061_S24A061P033, 33aaee0atee0aaaee0 bhavan sai0  11kam0 nam0  6,NA,NA,aaee0atee0aaaee0 sai0 11kam0 nam0
chithrakoot,AC237_S24A237P116, 116praathamik vidyaalay kootaraa khaambhaa kamaraa nambar-2 ,ple Gs ,ple gs,praathamik vidyaalay kootaraa khaambhaa kamaraa nambar2
vaaraanasee,AC388_S24A388P294, 294madarasaa daayarathullaah islaah chiraage ulroom rasoolapuraa kaksh samkhyaa  -6,vaaraanasee ,vaaraanasee,madarasaa daayarathullaah islaah chiraage ulroom rasoolapuraa samkhyaa
raay barelee,AC177_S24A177P153, 153haradooee ,tals ,tals,haradooee
aajamagadh,AC344_S24A344P191, 191i0 kaa0 kapthaanagamj kaksh sam0  2,kapthaanagaj ,kapthaanagaj,i0 kaa0 kapthaanagamj sam0
badaayoom,AC117_S24A117P197, 197joo0 haa0 skool k0 nam0  4daharapur kalaam paschimee bhaag ,uharapur Hell ,uharapur hell,joo0 haa0 skool k0 nam0 4daharapur kalaam paschimee bhaag
mahoobaa,AC231_S24A231P277, 277k0apoo0amaa0avi0 kulapahaad kaksh‌as sam0  ३,kulapahaad ,kulapahaad,k0apoo0amaa0avi0 kulapahaad kakshas sam0
baamdaa,AC233_S24A233P133, 133praa0avi0 devarathaa kaksh s0  2,devarathaa ,devarathaa,praa0avi0 devarathaa s0
jaaloun,AC219_S24A219P190, 190praaimaree skool nayaa bhavan roopaapur ,Sa ,NA,praaimaree skool nayaa roopaapur
auraiyaa,AC204_S24A204P327, 327naaraayan haayar sekendaree skool saththesvar k0anam0  2,auraiyaa ,auraiyaa,naaraayan haayar sekendaree skool saththesvar k0anam0
lakhanaoo,AC170_S24A170P061, 61praathamik vidyaalay kaajeekhed഼aa majaraa ain ,eseten ,eseten,praathamik vidyaalay kaajeekhedaa majaraa ain
auraiyaa,AC202_S24A202P340, 340praa൦avi൦ thaakuragaamv ,thaakur gaamv ,thaakur gaamv,praaavi thaakuragaamv
merath,AC047_S24A047P261, 261merath kaintoonamaint boord aaphis merath nikat rajaban baajaar k0anam-൨ ,merath kaimt ,merath kaimt,merath kaintoonamaint boord aaphis merath nikat rajaban baajaar k0anam
kannouj,AC196_S24A196P550, 550joo0ahaa0askool FO bhaag saraayamprayaag ,saraay prayaag ,saraay prayaag,joo0ahaa0askool fo bhaag saraayamprayaag
goondaa,AC298_S24A298P021, 21praaimaree paathasaalaa baalakaraam puravaa k൦ n0  1,karanailagamj ,karanailagamj,praaimaree paathasaalaa baalakaraam puravaa k n0
raamapur,AC036_S24A036P253, 253uchch praathamik vidyaalay dharmapur ,CA ,NA,uchch praathamik vidyaalay dharmapur
goutham buddh nagar,AC061_S24A061P395, 395praa0 paa0 saalaarapur khaadar k0 nam0  5,NA,NA,praa0 paa0 saalaarapur khaadar k0 nam0
goutham buddh nagar,AC062_S24A062P327, 327gaamdhee smaarak iam0 kaa0 ghood഼ee bachhed഼aa k0anam0  7,ghoodee bachhedaa ,ghoodee bachhedaa,gaamdhee smaarak iam0 kaa0 ghoodee bachhedaa k0anam0
aajamagadh,AC345_S24A345P197, 197praa0 vi0 tharoukaa dvitheey kaksh sam0  2,tharoumkaa ,tharoumkaa,praa0 vi0 tharoukaa dvitheey sam0
gaajiyaabaad,AC054_S24A054P052, 52praa0avi0 khurramapur ,khurramapur ,khurramapur,praa0avi0 khurramapur
baaraabamkee,AC270_S24A270P414, 414praa.vi hakaamee k.n  2,hakaamee ,hakaamee,praavi hakaamee kn
baaraabamkee,AC269_S24A269P356, 356praa൦avi൦loodhapuravaa ,loodhapuravaa ,loodhapuravaa,praaaviloodhapuravaa
ilaahaabaad,AC261_S24A261P407, 407praathamik vidyaalay ismaailapur kootavaa ,ismaailapur kootavaa ,ismaailapur kootavaa,praathamik vidyaalay ismaailapur kootavaa
barelee,AC118_S24A118P362, 362dhaneeraam i0akaa൦ damakhoodaa k0an0  2,damakhoodaa ,damakhoodaa,dhaneeraam i0akaa damakhoodaa k0an0
seethaapur,AC145_S24A145P125, 125praa0avi0 kachooree k0anam0-2 ,kachooree ,kachooree,praa0avi0 kachooree k0anam02
aajamagadh,AC352_S24A352P034, 34praa0avi0 banaave ,ged ,ged,praa0avi0 banaave
raamapur,AC034_S24A034P077, 77up svaasthy kendr dooldaavaalaa ,damdaavaalaa musthehakam ,damdaavaalaa musthehakam,77up svaasthy dooldaavaalaa
gaajeepur,AC379_S24A379P095, 95praa൦paa൦ harapur (poo൦achhoor ,jamaaniyaam ,jamaaniyaam,praapaa harapur pooachhoor
goorakhapur,AC324_S24A324P071, 71praa0avi0 badagoo ,bad഼agoo ,badagoo,praa0avi0 badagoo
jhhaamsee,AC222_S24A222P346, 346praa0 vi0 rasooee-1 ,babeenaa ,babeenaa,praa0 vi0 rasooee1
kuseenagar,AC332_S24A332P102, 102praa൦ paa൦ baravaaraajaa paakad഼ kaksh nam0  2,baravaa raajaa Wes ,baravaa raajaa wes,praa paa baravaaraajaa paakad nam0
unnaav,AC162_S24A162P351, 351praaimaree paathasaalaa poo൦ sakooraabaad ,NA,NA,praaimaree paathasaalaa poo sakooraabaad
sahaaranapur,AC005_S24A005P263," 263islaamiyaa iamtar kaalej raasthe ke dakshin mem poorvee bhaag kaksh nambar-1, abul barakaath ",devaband ,devaband,islaamiyaa iamtar kaalej raasthe dakshin mem poorvee bhaag nambar1 abul barakaath
gaajeepur,AC379_S24A379P429, 429praa0apaa0 lahanaa (u0achhoor ,lahan ,lahan,praa0apaa0 lahanaa u0achhoor
jaaloun,AC219_S24A219P411, 411joo൦ haa൦ skool p൦ bhaag diraavatee kaksh s൦  २,diraavatee ,diraavatee,411joo haa skool p bhaag diraavatee s
ilaahaabaad,AC258_S24A258P024, 24praathamik vidyaalay arjun pattee poo൦ bhaag ,ajurnapatatee ,ajurnapatatee,praathamik vidyaalay arjun pattee poo bhaag
aagaraa,AC088_S24A088P297, 297anavaree neeloophar i൦ kaa൦ sadar bhatatee k൦ n൦  १,aagaraa ,aagaraa,anavaree neeloophar i kaa sadar bhatatee k n
baliyaa,AC360_S24A360P320, 320praa0apaa0 saraayakootaa (p0 ,saraayakootaa ,saraayakootaa,praa0apaa0 saraayakootaa p0
jhhaamsee,AC223_S24A223P090, 90bundelakhand mahaavidhaalay bhaag-5 ,jhhaaഁasee ,jhhaaasee,bundelakhand mahaavidhaalay bhaag5
amethee,AC186_S24A186P222, 222joo0ahaa0 karanaaeepur kaksh sam0  2,karanaaeepur ,karanaaeepur,joo0ahaa0 karanaaeepur sam0
lakhanaoo,AC170_S24A170P424, 424raam bharoose maikoolaal intar kaalej theleebaag kaksh s0  ४,lakhanaoo ,lakhanaoo,raam bharoose maikoolaal intar kaalej theleebaag s0
aleegadh,AC071_S24A071P403, 403praa0apaa0 k0anam01 teekaree bhavaapur ,takaree bhavaapur ,takaree bhavaapur,praa0apaa0 k0anam01 teekaree bhavaapur
mathuraa,AC082_S24A082P004, 4praa0avi0 sar ,badhaa baamgar ,badhaa baamgar,praa0avi0 sar
etaa,AC104_S24A104P173, 173praa0apaa0 nidhouleekhudd k0anam0-൨ ,nidhoulee khurd ,nidhoulee khurd,praa0apaa0 nidhouleekhudd k0anam0
haradooee,AC155_S24A155P179, 179ju൦ slo ERA ALAM AMT Ho ao  2,nasas‍yaalaa gaashaal ,nasasyaalaa gaashaal,179ju slo era alam amt ho ao
seethaapur,AC152_S24A152P010, 10praanvi൦chitharehataa ,chitharehataa ,chitharehataa,praanvichitharehataa
haradooee,AC157_S24A157P131, 131kam0apraa0apaa൦ misraanaa k0anam൦  १pihaanee n0apaa0ap൦ ,pihaanee ,pihaanee,kam0apraa0apaa misraanaa k0anam pihaanee n0apaa0ap
phaijaabaad,AC274_S24A274P389, 389poorv maadhyamik vidyaalay raamapurabhagan dakshinee  2,raamapurabhagan ,raamapurabhagan,poorv maadhyamik vidyaalay raamapurabhagan dakshinee
ambedakar nagar,AC281_S24A281P318, 318kanyaa praathamik vidyaalay bevaanaa paschimee kaksh  २,bevaanaa ,bevaanaa,kanyaa praathamik vidyaalay bevaanaa paschimee
gaajeepur,AC374_S24A374P168, 168praanvi൦ kaithavaliyaa ekal kaksh ,kaithavaliyaa ,kaithavaliyaa,praanvi kaithavaliyaa ekal
goutham buddh nagar,AC063_S24A063P001, 41ameechand iam0ak0 kaasanaa k0an0  1,NA,NA,ameechand iam0ak0 kaasanaa k0an0
phathehapur,AC240_S24A240P086, 86semt joons intar k൉alej jel rood kaksh  2,phathehapur ,phathehapur,semt joons intar kalej jel rood
lakhanaoo,AC169_S24A169P259, 259poo.maa.vi paikaraamaoo kaksh sam0-1 ,paikaraamaoo ,paikaraamaoo,poomaavi paikaraamaoo sam01
gaajiyaabaad,AC057_S24A057P032, 32praa0avi0 poorv seekaree Har ,seekaree kalaa ,seekaree kalaa,praa0avi0 poorv seekaree har
kousaambee,AC251_S24A251P054, 54pam0 ranajeeth i0akaa0 sahajaadapur uththaree madhy bhaag ,sahajaadapur uparahaar ,sahajaadapur uparahaar,pam0 ranajeeth i0akaa0 sahajaadapur uththaree madhy bhaag
ilaahaabaad,AC262_S24A262P080, 80senan‍t peetars ekedamee skool goovindapur kamaraa nam-1 ,ilaahaabaad ,ilaahaabaad,senant peetars ekedamee skool goovindapur kamaraa nam1
ilaahaabaad,AC255_S24A255P330, 330praa0 paa0 saraay sulthaan oorph poore makhadoom paschimee bhaag ,chakakaaphaa ,chakakaaphaa,praa0 paa0 saraay sulthaan oorph poore makhadoom paschimee bhaag
unnaav,AC164_S24A164P337, 337praa0apaa0 malaamv k0asam0  2,malaavoom ,malaavoom,praa0apaa0 malaamv k0asam0
hameerapur,AC228_S24A228P308, 308praathamik vidyaalay chamarakhannaa ,chamarakhanan‍naa ,chamarakhanannaa,praathamik vidyaalay chamarakhannaa
goondaa,AC298_S24A298P094, 94praa൦ paa  ०koonahataa k0an0  ९,koonahataa ,koonahataa,praa paa koonahataa k0an0
balaraamapur,AC292_S24A292P314, 314joo0 haa0 skool naavadeeh ,naavadeeh ,naavadeeh,joo0 haa0 skool naavadeeh
gaajiyaabaad,AC056_S24A056P352, 352sambhoodayaal i0 kaa0 gaa൦abaad ,gaajiyaabaad ,gaajiyaabaad,sambhoodayaal i0 kaa0 gaaabaad
merath,AC044_S24A044P326, 326praa0avi0 pilloonaa k0 nam0  1,piloonaa ,piloonaa,praa0avi0 pilloonaa k0 nam0
ambedakar nagar,AC278_S24A278P290, 290raagegh raaghav intar kaalej hamsavar uththaree-൧ kaksh samkhyaa  45,hamsavar ,hamsavar,raagegh raaghav intar kaalej hamsavar uththaree samkhyaa 45
unnaav,AC162_S24A162P385, 385praaimaree paathasaalaa sarahaasakathapur ,NA,NA,praaimaree paathasaalaa sarahaasakathapur
badaayoom,AC112_S24A112P176, 176atharapuraa praa vi k nam.-൨ ,atharapuraa ,atharapuraa,atharapuraa praa vi nam
goutham buddh nagar,AC062_S24A062P068, 68praa0apaa0 saadul‍llaapur k0an0  1,Oger ,oger,praa0apaa0 saadulllaapur k0an0
baharaaich,AC288_S24A288P113, 113praa0 vi0 kundaasapaaraa (athi0akaksh ,kundaasapaaraa ,kundaasapaaraa,praa0 vi0 kundaasapaaraa athi0akaksh
phathehapur,AC240_S24A240P356, 356praa0 vi0 saathoo joogaa kaksh s0  3,saathoo joogaa ,saathoo joogaa,praa0 vi0 saathoo joogaa s0
muraadaabaad,AC026_S24A026P244, 244u0apraa0avi0akaksh-2 thumadiyaa kalaam ,thumadiyaa kalaam ,thumadiyaa kalaam,u0apraa0avi0akaksh2 thumadiyaa kalaam
mainapuree,AC107_S24A107P300, 300k0apraa0apaa0 lakhouraa kalaa ,thalakhouraa ,thalakhouraa,k0apraa0apaa0 lakhouraa kalaa
maoo,AC353_S24A353P114, 114praa0apaa0 sarayaa moo0 usareekhurd ,sarayaa mu0ausaree khud ,sarayaa mu0ausaree khud,praa0apaa0 sarayaa moo0 usareekhurd
bijanour,AC017_S24A017P216, 216m0ade0ak0aee0 k൉alej najeebaabaad kaksh nam0-1 ,najeebaabaad ,najeebaabaad,m0ade0ak0aee0 kalej najeebaabaad nam01
merath,AC045_S24A045P293, 293gaamdhee smaarak iam0 kaa0 k0 nam0-1 paree0 gadh ,parikshithagadh ,parikshithagadh,gaamdhee smaarak iam0 kaa0 k0 nam01 paree0 gadh
ilaahaabaad,AC254_S24A254P139, 139see൦ el൦ ekseelent skool bheetee pattee rajaee ,bheetee pattee rajaee ,bheetee pattee rajaee,139see el ekseelent skool bheetee pattee rajaee
phiroojaabaad,AC099_S24A099P191, 191praa.paa.amour nam.jeevan k.nam.൯ ,aamour n0 jeevan ,aamour n0 jeevan,praapaaamour namjeevan knam
kheeree,AC143_S24A143P261, 261auramgaabaad ,auramgaabaad ,auramgaabaad,auramgaabaad
aajamagadh,AC344_S24A344P015, 15praa൦ vi0 aaraajee amaanee kaksh sam0  1,araajee amaanee ,araajee amaanee,praa vi0 aaraajee amaanee sam0
aajamagadh,AC347_S24A347P016, 16praa0 vi0 khoojaapur maadhoopattee ,khoojaapur maadhoopatatee ,khoojaapur maadhoopatatee,praa0 vi0 khoojaapur maadhoopattee
baaraabamkee,AC270_S24A270P406, 406praa.vi.sakathapur ,sakathapur ,sakathapur,praavisakathapur
baaraabamkee,AC266_S24A266P109, 109praa0 vi0 katagharaa Hat HO  ९,katagharaa ,katagharaa,praa0 vi0 katagharaa hat ho
vaaraanasee,AC387_S24A387P205, 205praa0apaa0atikaree k0asam01 ,tikaree ,tikaree,praa0apaa0atikaree k0asam01
kheeree,AC137_S24A137P184, 184lookanapuravaa majaraa brilookapur ,thilookapur ,thilookapur,lookanapuravaa majaraa brilookapur
merath,AC045_S24A045P224, 224sree krishn iam0 kaa0 madhy thoophaapur ,thouphaapur ,thouphaapur,sree krishn iam0 kaa0 madhy thoophaapur
gaajiyaabaad,AC055_S24A055P784, 784praa0 vi0 arthalaa ,gaajiyaabaad ,gaajiyaabaad,praa0 vi0 arthalaa
kaanapur nagar,AC218_S24A218P192, 192sree gaaഁadhee vidyaapeeth iam0 kaalej kaksh nam0  5pratham bhavan ,ghaatamapur ,ghaatamapur,sree gaaadhee vidyaapeeth iam0 kaalej nam0 5pratham
mahoobaa,AC231_S24A231P165, 165praa0avi0 taparan ,kaaseepur ,kaaseepur,praa0avi0 taparan
sambhal,AC033_S24A033P223, 223aachaary mukthes hakeem raees intar k൉alej kaksh-൬ ,NA,NA,aachaary mukthes hakeem raees intar kalej kaksh
chandoulee,AC383_S24A383P024, 24praagpaa൦ masounee kaksh sam൦  -2,masounee ,masounee,praagpaa masounee sam
saahajahaaapur,AC132_S24A132P037, 37praa0apaa0asoohad ,haveevullaapur urph ,haveevullaapur urph,praa0apaa0asoohad
amethee,AC184_S24A184P195, 195praa0 paa0 kachanaav kaksh sam൦  ४,kachanaamv ,kachanaamv,praa0 paa0 kachanaav sam
badaayoom,AC114_S24A114P122, 122praa0avi0 risoolee paschimee bhaag k0anam0  2,Ralel  3,ralel 3,praa0avi0 risoolee paschimee bhaag k0anam0
jhhaamsee,AC225_S24A225P036, ३praa.vidyaalay khakal ,Und ,und,praavidyaalay khakal
kheeree,AC137_S24A137P194, 194thikoonaaphaarm ,majhhagaee ,majhhagaee,thikoonaaphaarm
kaasagamj,AC100_S24A100P278, 278praa0apaa0 nadaraee dvitheey k0 nam0  ३,nadaraee ,nadaraee,praa0apaa0 nadaraee dvitheey k0 nam0
prathaapagadh,AC248_S24A248P226, 226praa൦ vi൦achoukhad poore anthee ,choumkhad poore aamthee ,choumkhad poore aamthee,praa viachoukhad poore anthee
mathuraa,AC084_S24A084P375, 375praa0avi൦agmahoolee k0anam0  2,mathuraa vrindaavan ,mathuraa vrindaavan,praa0aviagmahoolee k0anam0
vaaraanasee,AC387_S24A387P185, 185be0apraa0apaa0apahaadee k0asam03 ,pahaad഼ee ,pahaadee,be0apraa0apaa0apahaadee k0asam03
phathehapur,AC240_S24A240P347, 347uchch maa0 vi0 dharamapur saathoo kaksh s0  2,dharamapur saathoo ,dharamapur saathoo,uchch maa0 vi0 dharamapur saathoo s0
NA,AC123_S24A123P193, 193praa൦ paa൦ mirjaapur kamaraa nam൦  01,NA,NA,praa paa mirjaapur kamaraa nam 01
vaaraanasee,AC385_S24A385P345, 345praa0apaa0 ugaapur k0asam01 ,ugaapur ,ugaapur,praa0apaa0 ugaapur k0asam01
saahajahaaapur,AC132_S24A132P103, 103praa0apaa൦ valliyaa ,valilayaa ,valilayaa,praa0apaa valliyaa
ilaahaabaad,AC260_S24A260P138, 138praathamik vidyaalay puravaa khaas kaksh sam0  1,puravaa khaas ,puravaa khaas,praathamik vidyaalay puravaa khaas sam0
mathuraa,AC081_S24A081P057, 57praa0 vi0 hooleeget pratham kooseekalaam k0 n0  1,kooseekalooaam ,kooseekalooaam,praa0 vi0 hooleeget pratham kooseekalaam k0 n0
amethee,AC184_S24A184P158, 158praa0 paa0 sithoulee kaksh sam൦  १,sithoulee ,sithoulee,praa0 paa0 sithoulee sam
vaaraanasee,AC388_S24A388P068, 68thahaseel bhavan rajistaar kaaryaalay bhoojoobeer k0asam0  5,vaaraanasee ,vaaraanasee,thahaseel rajistaar kaaryaalay bhoojoobeer k0asam0
bulandasahar,AC067_S24A067P350, 350paaralee praaeemaree skool k0an0  1,paaralee ,paaralee,paaralee praaeemaree skool k0an0
maoo,AC356_S24A356P301, 301praa൦paanjamadaraa u൦ bhaag ,jamadaraa ,jamadaraa,praapaanjamadaraa u bhaag
barelee,AC121_S24A121P282, 282praa൦ paa൦ thakiyaa varakalee saahab k0anam0൯ ,dhakiyaa varakalee ,dhakiyaa varakalee,praa paa thakiyaa varakalee saahab k0anam0
aagaraa,AC086_S24A086P300, 300praa0aevi൦ nagalaa kesaree k൦ nam൦  1,agavaar khaas ,agavaar khaas,praa0aevi nagalaa kesaree k nam
sahaaranapur,AC006_S24A006P097, 97baaraath ghar san‍thaagadh ,sekhapuraa kadeem ,sekhapuraa kadeem,baaraath santhaagadh
baaraabamkee,AC266_S24A266P159, 159poo0amaa0avi0 sihaalee athirikth kaksh sam0  १,sihaalee ,sihaalee,poo0amaa0avi0 sihaalee athirikth sam0
goondaa,AC301_S24A301P226, 226praaimaree paathasaalaa naaraayanapur naanakaar ,naraayanapur naanakaar ,naraayanapur naanakaar,praaimaree paathasaalaa naaraayanapur naanakaar
seethaapur,AC150_S24A150P149, 149praa0aevi0asivapuree k0an0  2,sivapuree ,sivapuree,praa0aevi0asivapuree k0an0
balaraamapur,AC292_S24A292P067, 67praa0 paa0 bhoojapur thaaroo k0an0  2,bhoojapur thaaroo ,bhoojapur thaaroo,praa0 paa0 bhoojapur thaaroo k0an0
barelee,AC121_S24A121P046, 46javaa൦ laal ne0ai0akaa൦ himakarapur chamarouaa k0anam0൧ ,himakarapur chamarouaa ,himakarapur chamarouaa,javaa laal ne0ai0akaa himakarapur chamarouaa k0anam0
NA,AC258_S24A258P331, 331praathamik vidyaalay prekaanthaa p൦ bhaag ,NA,NA,praathamik vidyaalay prekaanthaa p bhaag
saamalee,AC008_S24A008P295, 295praathamik vidyaalay k0 n0  3eratee ,airatee ,airatee,praathamik vidyaalay k0 n0 3eratee
haradooee,AC155_S24A155P393, 393praa൦ paa൦ bhoogeenapugrant k൦ n൦  १,bhaamgaapuragrant ,bhaamgaapuragrant,praa paa bhoogeenapugrant k n
haatharas,AC079_S24A079P168, 168praa0 paa0 kajaroothee k0an0  1,kajarouthee ,kajarouthee,praa0 paa0 kajaroothee k0an0
jaaloun,AC221_S24A221P027, 27praaimaree skool puraanee haat jaaloun ,jaaloun ,jaaloun,praaimaree skool puraanee haat jaaloun
mainapuree,AC110_S24A110P210, 210praa paa jootharee ,joumtharee ,joumtharee,praa paa jootharee
kheeree,AC143_S24A143P220, 220hairamakhedaa ,hairamakhedaa ,hairamakhedaa,hairamakhedaa
siddhaarthanagar,AC306_S24A306P408, 408boodhaapaar ,NA,NA,boodhaapaar
baharaaich,AC286_S24A286P123, 123maharaaj simh iam0akaa൦ puraanee bildimg-naajirapuraa k0anam൦-൭ ,baharaaich ,baharaaich,maharaaj simh iam0akaa puraanee bildimgnaajirapuraa k0anam
mirjaapur,AC395_S24A395P172, 172praa0avi0 thenduhanee ,thenduhanee ,thenduhanee,praa0avi0 thenduhanee
raamapur,AC036_S24A036P237, 237uchch praathamik vidyaalay baraakhaas kaksh sam0  1,baraakhaas ,baraakhaas,uchch praathamik vidyaalay baraakhaas sam0
phaijaabaad,AC274_S24A274P374, 374bhaarathee intar kaalej beekaapur kaksh samkhyaa.1 ,beekaapur ,beekaapur,bhaarathee intar kaalej beekaapur samkhyaa1
lakhanaoo,AC175_S24A175P143, 143svaamee vivekaanand intar kaalej chhootaabarahaa aalamabaag kaksh sam04 ,NA,NA,svaamee vivekaanand intar kaalej chhootaabarahaa aalamabaag sam04
kaanapur nagar,AC217_S24A217P331, 331praa.paa karaveegaamv kaksh sam  १,NA,NA,praapaa karaveegaamv sam
pharookhaabaad,AC193_S24A193P110, 110khandoulee ,khandoulee ,khandoulee,khandoulee
maoo,AC353_S24A353P030, 30joo0ahaa0asakool jamuvaaree u0 bhaag-൧ ,jamuvaaree ,jamuvaaree,joo0ahaa0asakool jamuvaaree u0 bhaag
prathaapagadh,AC248_S24A248P239, 239pamchaayath bhavan khairaagaaourabaaree k൦ s൦  1,khairaa gaaഁarabaaree ,khairaa gaaarabaaree,pamchaayath khairaagaaourabaaree k s
phaijaabaad,AC271_S24A271P121, 121poorv maadhyamik vidyaalay baabaa baajaar majare bhavaaneepur kaksh sam.1 ,bhavaaneepur ,bhavaaneepur,poorv maadhyamik vidyaalay baabaa baajaar majare bhavaaneepur sam1
peeleebheeth,AC130_S24A130P249, 249simdhuaa ,sibuaa ,sibuaa,simdhuaa
raamapur,AC038_S24A038P258, 258praathamik vidyaalay purainaa kaksh sam0  1,athaaee nagar ,athaaee nagar,praathamik vidyaalay purainaa sam0
maoo,AC354_S24A354P237, 237joo൦ahaa൦askool dagoulee p൦abhaag ,Satter ,satter,jooahaaaskool dagoulee pabhaag
baaraabamkee,AC272_S24A272P025, 25praanvi൦ koothee poo൦ bhaag ,koothee ,koothee,praanvi koothee poo bhaag
vaaraanasee,AC388_S24A388P158, 158praa0akanyaa vi0 pisahanariyaa nam0  2k0asam0  5,vaaraanasee ,vaaraanasee,praa0akanyaa vi0 pisahanariyaa nam0 2k0asam0
badaayoom,AC117_S24A117P206, 206praa0 vi0 k0 nam0  1ismaailapur ,ismaaeelapur ,ismaaeelapur,praa0 vi0 k0 nam0 1ismaailapur
basthee,AC307_S24A307P039, 39praathamik vidyaalay jivanaraayanapur ,jivanaraayanapur ,jivanaraayanapur,praathamik vidyaalay jivanaraayanapur
prathaapagadh,AC248_S24A248P335, 335praanvi൦ saraay rajaee k൦asam൦  १,saraay rajaee ,saraay rajaee,praanvi saraay rajaee kasam
unnaav,AC166_S24A166P297, 297sree ke൦ pee൦ intar k൉alej kamaraa n൦  6beeghaapur ,beeghaapur ,beeghaapur,sree ke pee intar kalej kamaraa n 6beeghaapur
haatharas,AC078_S24A078P053, 53praa0 paa0 ajeethapur ,ajeethapur ,ajeethapur,praa0 paa0 ajeethapur
aleegadh,AC077_S24A077P261, 261praa0 skool gad഼aaa k0anam0  २,haroothaa ,haroothaa,praa0 skool gadaaa k0anam0
raamapur,AC036_S24A036P057, 57praathamik vidyaalay kaksh sam0-2 dhaavanee hasanapur ,dhaavanee hasanapur ,dhaavanee hasanapur,praathamik vidyaalay sam02 dhaavanee hasanapur
ilaahaabaad,AC264_S24A264P003, 3praa൦vi൦ prathaapapur ,prathaapapur ,prathaapapur,praavi prathaapapur
barelee,AC124_S24A124P233, 233praa൦ paa൦ kataghar dvitheey k0anam൦൯ ,barelee ,barelee,praa paa kataghar dvitheey k0anam
mahoobaa,AC231_S24A231P181, 181praa0avi0 gaadou ,«ast ,ast,praa0avi0 gaadou
bijanour,AC021_S24A021P199, 199jain vighvaa mandir intar kaalej nahatour kaksh AO  ९,nahatoor ,nahatoor,jain vighvaa intar kaalej nahatour ao
vaaraanasee,AC386_S24A386P033, 33jilaa graamy vikaas samsthaan paramaanandapur k0asam0  2,paramaanandapur ,paramaanandapur,jilaa graamy vikaas samsthaan paramaanandapur k0asam0
haapud,AC059_S24A059P205, 205nireekshan bhavan loo0ani0 vi0 haapud k0an0  2,haapashud ,haapashud,nireekshan loo0ani0 vi0 haapud k0an0
etaa,AC103_S24A103P214, 214joo0ahaa0askool muhallaa kaajee dhakapuraa aleegamj Ho nam൦  ३,aleegamj ,aleegamj,joo0ahaa0askool muhallaa kaajee dhakapuraa aleegamj ho nam
bijanour,AC019_S24A019P024, 24praaevi0 haajee mou0apur u ph kootakaadar kaksh n0  २,haajeemou0apur ,haajeemou0apur,praaevi0 haajee mou0apur ph kootakaadar n0
aagaraa,AC092_S24A092P084, 84kanyaa praa.vi.saraimdhee k.n  2,sarraimdhee ,sarraimdhee,kanyaa praavisaraimdhee kn
aajamagadh,AC352_S24A352P407, 407joo0ahaa0 skool mehanaajapur kaksh  - २,mehanaajapur ,mehanaajapur,joo0ahaa0 skool mehanaajapur
mujaphpharanagar,AC015_S24A015P274, 274sree kund kund jain pablik skool Tale k0anam0-1 ,khathaaoulee ,khathaaoulee,sree kund kund jain pablik skool tale k0anam01
baaraabamkee,AC268_S24A268P017, 17praa0avi0 khanavaahaa kaksh sam0  1,khanavaahaa ,khanavaahaa,praa0avi0 khanavaahaa sam0
barelee,AC122_S24A122P170, 170praa0 paa0 saahapur baniyaan kamaraa nam0  १,saahapur baniyaan ,saahapur baniyaan,praa0 paa0 saahapur baniyaan kamaraa nam0
baliyaa,AC362_S24A362P314, 314praa0 paa0 rajoulee nayaa bhavan ,rajoulee ,rajoulee,praa0 paa0 rajoulee nayaa
baaraabamkee,AC272_S24A272P264, 264praa൦avi൦ haidaragadh഼ dehaath ,jaasepur ,jaasepur,praaavi haidaragadh dehaath
goondaa,AC301_S24A301P156, 156praaimaree paathasaalaa mubaarakapur Dec ,maharaajagamj grant ,maharaajagamj grant,praaimaree paathasaalaa mubaarakapur dec
seethaapur,AC149_S24A149P019, 19praa0avi0 majhhigavaamkhurd ,majhhigavaaഁ khurd ,majhhigavaa khurd,praa0avi0 majhhigavaamkhurd
baamdaa,AC233_S24A233P234, 234praaevi0 kitahaaee ,kitahaad഼e ,kitahaade,praaevi0 kitahaaee
badaayoom,AC113_S24A113P087, 87praa0 vi0 nagalaa dalaloo k0an0  1,nagalaa dalloo ,nagalaa dalloo,praa0 vi0 nagalaa dalaloo k0an0
unnaav,AC166_S24A166P487, 487uchch praa൦ vi൦ poorv bhagavan khed഼aa m samgraamapur ,samgraamapur ,samgraamapur,uchch praa vi poorv bhagavan khedaa samgraamapur
prathaapagadh,AC246_S24A246P327, 327poo0amaa0avi0 raamadaasapattee kaksh WO  01,raamadaasapatatee ,raamadaasapatatee,poo0amaa0avi0 raamadaasapattee wo 01
lakhanaoo,AC176_S24A176P316, 316praa0 vi0 samesee pratham kaksh sam0-൯ ,samesee ,samesee,praa0 vi0 samesee pratham sam0
goorakhapur,AC321_S24A321P041, 41poo0 maa0 vi0 jam0 jainul aavdeen urph jainapur k nam0  2,jam0ajainul aavadeen ,jam0ajainul aavadeen,poo0 maa0 vi0 jam0 jainul aavdeen urph jainapur nam0
mainapuree,AC109_S24A109P020, 20praa paa bhaamvath ,Hdd ,hdd,praa paa bhaamvath
chithrakoot,AC237_S24A237P245, 245praathamik vidyaalay seethalapur tharoumhaa ,seethalapur tharoumhaa ,seethalapur tharoumhaa,praathamik vidyaalay seethalapur tharoumhaa
baamdaa,AC233_S24A233P354, 354praaevi0 mavaee junnaaradaar ,mavadamjunnaaradaar ,mavadamjunnaaradaar,praaevi0 mavaee junnaaradaar
ilaahaabaad,AC259_S24A259P343, 343janathaa sikshaa sadan intar kaalej bhaarathagamj siroomanapur uththaree bhaag ,bhaarathagamj ,bhaarathagamj,janathaa sikshaa sadan intar kaalej bhaarathagamj siroomanapur uththaree bhaag
gaajiyaabaad,AC054_S24A054P422, 422poorv maa0 vi0 maharoulee ,gaajiyaabaad ,gaajiyaabaad,poorv maa0 vi0 maharoulee
aajamagadh,AC352_S24A352P190, 190praa0avi0 khajuree kaksh  - ३,khajuree ,khajuree,praa0avi0 khajuree
amethee,AC185_S24A185P141, 141praa0 paa0 saahapur resee ,saahapuraresee ,saahapuraresee,praa0 paa0 saahapur resee
unnaav,AC165_S24A165P321, 321joo0 haa0 skool masavaasee kaksh sam0-൧ ,NA,NA,joo0 haa0 skool masavaasee sam0
mathuraa,AC084_S24A084P238, 238jain aaeediyal maantesaree skool mathuraa k0anam0  1,mathuraa vrindaavan ,mathuraa vrindaavan,jain aaeediyal maantesaree skool mathuraa k0anam0
kheeree,AC139_S24A139P189, 189n0apaa0ap0agoolaa gookarnanaath ,goolaa ,goolaa,n0apaa0ap0agoolaa gookarnanaath
haradooee,AC157_S24A157P237, 237pr0apaa൦ goopaamaoo k0anam൦  १n0apam൦ ,goopaamaoo ,goopaamaoo,pr0apaa goopaamaoo k0anam n0apam
kaasagamj,AC102_S24A102P131, 131praa0apaa0 labhed഼ ,Aas ,aas,praa0apaa0 labhed
peeleebheeth,AC129_S24A129P184, 184khamariyaa vet ,khamariyaa patatee ,khamariyaa patatee,khamariyaa vet
siddhaarthanagar,AC304_S24A304P249, 249suhaee kanapuravaa ,NA,NA,suhaee kanapuravaa
unnaav,AC163_S24A163P101, 101praathamik vidyaalay sakahan musalamaanaan ,sakahan musalamaanaan ,sakahan musalamaanaan,praathamik vidyaalay sakahan musalamaanaan
haradooee,AC160_S24A160P225, 225praa൦apaa൦ baaghaadaamdaa ,baadhaadaadaa ,baadhaadaadaa,praaapaa baaghaadaamdaa
sulthaanapur,AC187_S24A187P369, 369praanavi൦ bikanaa ,bikanaa ,bikanaa,praanavi bikanaa
goorakhapur,AC326_S24A326P256, 256praa0apaa0 jam0 rasoolapur nam02 barabasahaam k0asam0  1,j0 rasoolapur n02 ,j0 rasoolapur n02,praa0apaa0 jam0 rasoolapur nam02 barabasahaam k0asam0
phathehapur,AC243_S24A243P352, 352praa0avi0 soonaaree ,soonaaree ,soonaaree,praa0avi0 soonaaree
raamapur,AC036_S24A036P311, 311praathamik vidyaalay gahalueeyaa ,gahaludaiyaa ,gahaludaiyaa,praathamik vidyaalay gahalueeyaa
gaajeepur,AC375_S24A375P316, 316praa0 paa0 thulaapattee p0 chhoor ,amaaneechak ,amaaneechak,praa0 paa0 thulaapattee p0 chhoor
siddhaarthanagar,AC305_S24A305P214, 214reharaa oorph bhaisaahee ,NA,NA,reharaa oorph bhaisaahee
goondaa,AC297_S24A297P331, 331praa0 paa0 jethapuravaa k0 nam0  2,jethapuravaa ,jethapuravaa,praa0 paa0 jethapuravaa k0 nam0
kheeree,AC141_S24A141P198, 198oochagaa൉ഁav ,ooഁachagaamv ,ooachagaamv,oochagaaav
phiroojaabaad,AC095_S24A095P016, 16praa0avi0abhemsaaboojapur ,bhaimsaa brijapur ,bhaimsaa brijapur,praa0avi0abhemsaaboojapur
baaraabamkee,AC269_S24A269P195, 195raajakeey baalikaa intar kaalej jaidapur kaksh nam0  5,jaidapur ,jaidapur,raajakeey baalikaa intar kaalej jaidapur nam0
bijanour,AC023_S24A023P352, 352praa൦avi൦ pheenaa ,Fell ,fell,praaavi pheenaa
mirjaapur,AC396_S24A396P027, 27praa0avi0 jagaapatatee ,jagaapadattee ,jagaapadattee,praa0avi0 jagaapatatee
gaajeepur,AC376_S24A376P330, 330si0ahaa0ase0 skool malasaa (poo0achhoor ,mahanaa kalaa ,mahanaa kalaa,si0ahaa0ase0 skool malasaa poo0achhoor
kaasagamj,AC100_S24A100P042, 42praa0apaa0 gooyathee ,gooyathee ,gooyathee,praa0apaa0 gooyathee
merath,AC043_S24A043P035, 35praa0 vi0 nam0  1gootakaa kam0 nam0  2,gootakaa ,gootakaa,praa0 vi0 nam0 1gootakaa kam0 nam0
ambedakar nagar,AC277_S24A277P004, 4praathamik vidyaalay mahvaaree dvitheey ,mah൒avaaree ,mahavaaree,praathamik vidyaalay mahvaaree dvitheey
kaanapur dehaath,AC207_S24A207P275, 275praathamik vidyaalay oodhoupur ,oodhoupur ,oodhoupur,praathamik vidyaalay oodhoupur
aajamagadh,AC350_S24A350P141, 141praa0avi0 dubaavaam kaksh sam0  - 2,NA,NA,praa0avi0 dubaavaam sam0
ad,AC356_S24A356P058, 58kanyaa praa൦ paa൦bheetee d൦ bhaag-2 ,maoonaath bhamjan ,maoonaath bhamjan,kanyaa praa paabheetee d bhaag2
merath,AC046_S24A046P289, 289uchch praa0 vi0 k0an0  -2peepeelakhedaa ,peepalee khedaa ,peepalee khedaa,uchch praa0 vi0 k0an0 2peepeelakhedaa
mujaphpharanagar,AC011_S24A011P028, 28fatsa skool jaalaa ,joulaa ,joulaa,fatsa skool jaalaa
baamdaa,AC234_S24A234P097, 97poo൦amaa൦avi൦ pukaaree kaksh  २,pukaaree ,pukaaree,pooamaaavi pukaaree
phathehapur,AC238_S24A238P152, 152nes0ahaa0ase0askal kasbaa koodaa jahaanaabaad kaksh  - 1,IST jahaanaabaad ,ist jahaanaabaad,nes0ahaa0ase0askal kasbaa koodaa jahaanaabaad
goutham buddh nagar,AC062_S24A062P124, 124praa0apaa0 jaithavaarapur k0anam0  1,jaithavaarapur ,jaithavaarapur,praa0apaa0 jaithavaarapur k0anam0
baamdaa,AC234_S24A234P071, 71raaj kumaar i൦kaa൦ narainee kaksh  २,narainee ,narainee,raaj kumaar ikaa narainee
goorakhapur,AC324_S24A324P291, 291praa0avi0 nagavaam dvitheey k0anam0  1,nagavoom ,nagavoom,praa0avi0 nagavaam dvitheey k0anam0
itaavaa,AC201_S24A201P303, 303praa0apaa0 n0amalepuraa ,iamgurree ,iamgurree,praa0apaa0 n0amalepuraa
baharaaich,AC288_S24A288P160, 160praa0avi0 mamjhhaaraathoumkalee (dhidhooranapuravaa (k0anam൦൧ ,mamjhhaaraathaaഁakalee ,mamjhhaaraathaaakalee,praa0avi0 mamjhhaaraathoumkalee dhidhooranapuravaa k0anam
sraavasthee,AC290_S24A290P047, 47daamd഼ekumdayaa ,daadekueeyaa ,daadekueeyaa,daamdekumdayaa
maoo,AC353_S24A353P405, 405praa0apaa0 malakoulee kaksh sam൦-൧ ,chak habeebullaah ,chak habeebullaah,praa0apaa0 malakoulee sam
ilaahaabaad,AC265_S24A265P049, 49praa0 vi  0basaharaa d0 bhaag-2 ,basaharaa ,basaharaa,praa0 vi 0basaharaa d0 bhaag2
kuseenagar,AC329_S24A329P345, 345praa0 paa0 baravaa khurd kaksh-3 ,soobhaachhaparaa ,soobhaachhaparaa,praa0 paa0 baravaa khurd kaksh3
kaanapur nagar,AC209_S24A209P063, 63bilhour i0 kaalej bilhour kaksh sam-4 ,face ,face,bilhour i0 kaalej bilhour sam4
vaaraanasee,AC388_S24A388P101, 101baal nikethan seeniyar sekendaree skool khajuree kaksh sam0  2,vaaraanasee ,vaaraanasee,baal nikethan seeniyar sekendaree skool khajuree sam0
lakhanaoo,AC171_S24A171P049, 49sen‍t meree pablik skool paaraa kaksh samkhyaa-3 ,lakhanaoo ,lakhanaoo,sent meree pablik skool paaraa samkhyaa3
lakhanaoo,AC169_S24A169P355, 355praa.vi gadariyan puravaa kaksh sam0-1 ,bharavaaraa ,bharavaaraa,praavi gadariyan puravaa sam01
barelee,AC119_S24A119P042, 42praa൦ paa൦ k൦anam൦  2sahoodaa ,sahoodaa ,sahoodaa,praa paa kanam 2sahoodaa
siddhaarthanagar,AC306_S24A306P091, 91saahapur musthahakam aaam൦ ,NA,NA,saahapur musthahakam aaam
ambedakar nagar,AC279_S24A279P207, 207praathamik vidyaalay goopaalapur ,goopaathapur pamdith ,goopaathapur pamdith,praathamik vidyaalay goopaalapur
itaavaa,AC201_S24A201P169, 169praa0 paa0 karapiyaa ,uremg ,uremg,praa0 paa0 karapiyaa
kuseenagar,AC333_S24A333P327, 327jooniyay haaee s‍kool sabayaa kaksh n  ०१,sabayaa ,sabayaa,jooniyay haaee skool sabayaa
gaajiyaabaad,AC054_S24A054P068, 68praa0avi0 maheeudadeenapur hisaalee ,maheeudadeenapur ,maheeudadeenapur,praa0avi0 maheeudadeenapur hisaalee
bijanour,AC020_S24A020P046, 46praa൦0avi0anamgalee laadan kaksh nam01 ,namgalee laadan ,namgalee laadan,praa0avi0anamgalee laadan nam01
vaaraanasee,AC384_S24A384P158, 158praa0apaa0 bindaa k0asam0  2,vindaa ,vindaa,praa0apaa0 bindaa k0asam0
gaajiyaabaad,AC055_S24A055P629, 629sen‍t mairee krischiyan siniyar saikendree skool saaleemaar gaardan eks  2blaak e ,gaajiyaabaad ,gaajiyaabaad,sent mairee krischiyan siniyar saikendree skool saaleemaar gaardan eks 2blaak
etaa,AC105_S24A105P242, 242raashtreey intar kaalej nidhouleekalaam k0an0  २,nidhoulee kalaam ,nidhoulee kalaam,raashtreey intar kaalej nidhouleekalaam k0an0
bulandasahar,AC067_S24A067P042, 42pavasaraa praaeemaree skool k0an0  2,pavasaraa ,pavasaraa,pavasaraa praaeemaree skool k0an0
basthee,AC309_S24A309P488, 488praathamik vidyaalay pakareejaee paschimee ,Asislel Heck sih ,asislel heck sih,praathamik vidyaalay pakareejaee paschimee
kannouj,AC198_S24A198P396, 396joo0 haa0 alamaapur ,NA,NA,joo0 haa0 alamaapur
baharaaich,AC288_S24A288P404, 404jayajavaanajayakisanahaa0ase0asakool jaraval k0anam0൬ ,NA,NA,jayajavaanajayakisanahaa0ase0asakool jaraval k0anam0
baliyaa,AC357_S24A357P080, 80praa0 paa0 chak meharaalee urph maurahaam ,chakamehar alee urph ,chakamehar alee urph,praa0 paa0 chak meharaalee urph maurahaam
santh kabeer nagar,AC312_S24A312P353, 353praa0avi0 dharamapurapaimthaa ,tharoolee ,tharoolee,praa0avi0 dharamapurapaimthaa
jhhaamsee,AC224_S24A224P459, 459praa.vidyaalay mailavaar ,mailabaag ,mailabaag,praavidyaalay mailavaar
mujaphpharanagar,AC015_S24A015P081, 81praathamik vidyaalay begaraajapur k0anam0-2 ,begarajapur ,begarajapur,praathamik vidyaalay begaraajapur k0anam02
etaa,AC106_S24A106P157, 157praa0apaa0abhayaaoo k0an0൧ ,bhyaaoo ,bhyaaoo,praa0apaa0abhayaaoo k0an0
saamalee,AC010_S24A010P203, 203praaeemaree skool bhanedaa ,bhanedaa ,bhanedaa,praaeemaree skool bhanedaa
goutham buddh nagar,AC061_S24A061P311, 311aadars praa0 paa0 chhalairaa baamgar pratham k0 nam0  8,NA,NA,aadars praa0 paa0 chhalairaa baamgar pratham k0 nam0
siddhaarthanagar,AC303_S24A303P202, 202kanavaniyaam ,kenavaniyaa ,kenavaniyaa,kanavaniyaam
kannouj,AC197_S24A197P017, 17praa0apaa൦ raajaapur athirikth kaksh ,HART ,hart,praa0apaa raajaapur athirikth
peeleebheeth,AC127_S24A127P256, 256roopapur kripaa ,roopapur kripaa ,roopapur kripaa,roopapur kripaa
peeleebheeth,AC127_S24A127P021, 21chathiyaa bhaisahaa ,chathiyaa bhaisahaa ,chathiyaa bhaisahaa,chathiyaa bhaisahaa
pharookhaabaad,AC192_S24A192P156, 156maooraseedaabaad ,maooraseedaabaad ,maooraseedaabaad,maooraseedaabaad
haradooee,AC156_S24A156P094, 94praa൦paa൦ thathyooraa oso of ,thathyooraa ,thathyooraa,praapaa thathyooraa oso of
mahaaraajagamj,AC318_S24A318P420, 420praa0avi0achainapur k0anam03 ,ghughulee ,ghughulee,praa0avi0achainapur k0anam03
baaraabamkee,AC272_S24A272P176, 176praanvi൦ lalaee khegephepheraa ,akhaiyaapur ,akhaiyaapur,praanvi lalaee khegephepheraa
goutham buddh nagar,AC063_S24A063P372, 372intar kaalej taa0ae0 jahaamgeerapur k0anam0  २,jahaamgeerapur ,jahaamgeerapur,intar kaalej taa0ae0 jahaamgeerapur k0anam0
haatharas,AC079_S24A079P388, 388kurukshethr i0akaa0 maharaaraa k൦ nam൦  1,maharaaraa ,maharaaraa,kurukshethr i0akaa0 maharaaraa k nam
pharookhaabaad,AC192_S24A192P053, 53bhoogapur majaraa athagag‌gaapur ,agag‌gaapur ,agaggaapur,bhoogapur majaraa athagaggaapur
bijanour,AC024_S24A024P268, 268ji0ap0apraa0askool dhoulaagadh ,dhoulraagad‌ ,dhoulraagad,ji0ap0apraa0askool dhoulaagadh
mirjaapur,AC397_S24A397P112, 112poorv maa0 vi0 kevataaveer ,kevataaveer ,kevataaveer,poorv maa0 vi0 kevataaveer
kuseenagar,AC334_S24A334P288, 288praa0apaa0 raamapur misree ,raamapuramisree ,raamapuramisree,praa0apaa0 raamapur misree
merath,AC043_S24A043P030, 30praa0 vi0 paamchalee bujurg kam0 n൑  03,paamchalee bujurg ,paamchalee bujurg,praa0 vi0 paamchalee bujurg kam0 n 03
kuseenagar,AC334_S24A334P079, 79praa0apaa0 pakad഼ee ,pakadee ,pakadee,praa0apaa0 pakadee
gaajeepur,AC378_S24A378P387, 387praa0apaa0 patakaniyaa (d0achhoor ,patakaniyaaഁ ,patakaniyaa,praa0apaa0 patakaniyaa d0achhoor
maoo,AC355_S24A355P123, 123praa0 paa0 simgaaree naee imaarath ,basaarathapur ,basaarathapur,praa0 paa0 simgaaree naee imaarath
sahaaranapur,AC004_S24A004P298, 298praathamik vidyaalay kamaraa nambar-൧ bhaabharee ,bhaabharee ,bhaabharee,praathamik vidyaalay kamaraa nambar bhaabharee
seethaapur,AC148_S24A148P142, 142ke0 pee0 i0 kaalej paaraasarayaayam ,paaraasarayayam ,paaraasarayayam,ke0 pee0 i0 kaalej paaraasarayaayam
mahaaraajagamj,AC316_S24A316P107, 107praa൦ paa൦ dagarapuravaa ,mahaded഼ayaa ,mahadedayaa,praa paa dagarapuravaa
ad,AC356_S24A356P294, 294praa൦apaa൦aimiliyaadeeh poo൦ bhaag ,imiliyaadeeh ,imiliyaadeeh,praaapaaaimiliyaadeeh poo bhaag
phararookhaabaad,AC195_S24A195P231, 231ahamadapur devariyaa ,ahamadapur devaraiyaa ,ahamadapur devaraiyaa,ahamadapur devariyaa
maoo,AC354_S24A354P219, 219praae0apaa0 semaree jamaalapur m0abhaag ,semaree jamaalapur ,semaree jamaalapur,praae0apaa0 semaree jamaalapur m0abhaag
baharaaich,AC283_S24A283P081, 81poo0amaa൦avi൦-baabaagamj kannam൦-൧ ,jamunahaa baabaagaj ,jamunahaa baabaagaj,poo0amaaavibaabaagamj kannam
jounapur,AC365_S24A365P128, 128kisaan poo0amaa0avi0aarasiyaa poo൮0abhaag kaksh sam൦  1,arasiyaam ,arasiyaam,kisaan poo0amaa0avi0aarasiyaa poo0abhaag sam
aajamagadh,AC350_S24A350P336, 336praa0avi0 sarasenaa khaalasaa kaksh sam0-2 ,lahabariyaa ,lahabariyaa,praa0avi0 sarasenaa khaalasaa sam02
sahaaranapur,AC006_S24A006P182, 182praathamik vidhaalay kamaraa nambar  3chakavaalee ,chakavaalee ,chakavaalee,praathamik vidhaalay kamaraa nambar 3chakavaalee
chithrakoot,AC237_S24A237P109, 109praathamik vidyaalay manakuvaar ,manakuvaar ,manakuvaar,praathamik vidyaalay manakuvaar
haatharas,AC080_S24A080P104, 104praa0avi0 naavalee laalapur ,naavalee laalapur ,naavalee laalapur,praa0avi0 naavalee laalapur
aajamagadh,AC349_S24A349P266, 266praa0apaa0 pooraamiyaakareem kaksh  1,HAR ,har,praa0apaa0 pooraamiyaakareem
baharaaich,AC283_S24A283P151, 151mandee samithi naanapaaraa dehaathee k൦n൦-൧൯ ,naanapaaraa dehaathee ,naanapaaraa dehaathee,mandee samithi naanapaaraa dehaathee kn
ilaahaabaad,AC255_S24A255P105, 105praathamik vidyaalay kataraa dayaaraam bhaag ,kataraa dayaaraam ,kataraa dayaaraam,praathamik vidyaalay kataraa dayaaraam bhaag
ilaahaabaad,AC257_S24A257P173, 173praathamik vidyaalay udagee u0abhaag ,udagee ,udagee,praathamik vidyaalay udagee u0abhaag
ilaahaabaad,AC259_S24A259P206, 206praa0avi0 koothaniyaa ,koodhaniyaa ,koodhaniyaa,praa0avi0 koothaniyaa
goutham buddh nagar,AC061_S24A061P302, 302kamyoonitee sentar sai0  40,NA,NA,kamyoonitee sentar sai0 40
bhadoohee,AC393_S24A393P068, 68praa0avi0 kaareeg൉av k0asam0-3 ,kaareegaav ,kaareegaav,praa0avi0 kaareegav k0asam03
gaajeepur,AC374_S24A374P274, 274raa൦baa൦ai൦akaa൦ saidapur u൦achhoor ,saidapur ,saidapur,raabaaaiakaa saidapur uachhoor
soonabhadr,AC403_S24A403P336, 336praa0 vi0aboom(d‌avi0apaa0 ,kalimjar ,kalimjar,praa0 vi0aboomdavi0apaa0
aajamagadh,AC352_S24A352P364, 364praa0avi0 kharakaa ,kharakaa ,kharakaa,praa0avi0 kharakaa
sraavasthee,AC290_S24A290P240, 240katahaa ,katahaa ,katahaa,katahaa
aleegadh,AC075_S24A075P002, 2es.em.bee iam.k൉ raamaghaat rood kamaraa n0-൨ ,aleegadh഼ ,aleegadh,esembee iamk raamaghaat rood kamaraa n0
basthee,AC309_S24A309P079, 79praathamik vidyaalay nouvaagaamv poorvee ,nouvaagaav ,nouvaagaav,praathamik vidyaalay nouvaagaamv poorvee
ilaahaabaad,AC262_S24A262P413, 413saradaar patel samkraamak chikithsaalay aloopeebaag kamaraa nam.-2 ,ilaahaabaad ,ilaahaabaad,saradaar patel samkraamak chikithsaalay aloopeebaag kamaraa nam2
kuseenagar,AC335_S24A335P040, 40praa0 paa0 senduriyaa visunapur kaksh-2 ,visunapuraa ,visunapuraa,praa0 paa0 senduriyaa visunapur kaksh2
bulandasahar,AC067_S24A067P239, 239jahaamgeeraabaad daa0 anoopalaal kanyaa intar k൉alej k0an0  1poorvee bhaag ,jahaamgeeraabaad ,jahaamgeeraabaad,jahaamgeeraabaad daa0 anoopalaal kanyaa intar kalej k0an0 1poorvee bhaag
aleegadh,AC071_S24A071P414, 414praa0apaa0 k0anam01 chandous ,chandous ,chandous,praa0apaa0 k0anam01 chandous
aleegadh,AC072_S24A072P195, 195praanpaa൦ k൦an൦  2kootaa khaas ,kootaa khaas ,kootaa khaas,praanpaa kan 2kootaa khaas
jaaloun,AC220_S24A220P256, 256poorv maadhyamik vidyaalay usaragaamv kaksh samkhyaa  1,usaragaamv ,usaragaamv,poorv maadhyamik vidyaalay usaragaamv samkhyaa
hameerapur,AC228_S24A228P422, 422praathamik vidyaalay tikaree bujurg kamaraa nam൦  2,tikaree bujurg ,tikaree bujurg,praathamik vidyaalay tikaree bujurg kamaraa nam
baamdaa,AC234_S24A234P368, 368naveen praa0 vi0 thurr kaksh sam0  - 1,thurs ,thurs,naveen praa0 vi0 thurr sam0
goondaa,AC295_S24A295P073, 73praa0 paa0 piravarathaaraa ,piravarathaaraa ,piravarathaaraa,praa0 paa0 piravarathaaraa
prathaapagadh,AC249_S24A249P200, 200praa0avi0 raamagamj dvitheey k0asam0  -१,raamagamj ,raamagamj,praa0avi0 raamagamj dvitheey k0asam0
aagaraa,AC090_S24A090P112, 112sarvahithakaaree praaevi൦ dahathooraa k0an൦-൧ ,dahathooraa ,dahathooraa,sarvahithakaaree praaevi dahathooraa k0an
mainapuree,AC110_S24A110P239, 239praa paa nagalaa bhaagapur kaksh sam  2,badaa gaaഁav ,badaa gaaav,praa paa nagalaa bhaagapur sam
kannouj,AC196_S24A196P014, 14praa0apaa0 kumarapur urph loodhapur k0an0  2,kumvarapur loodhapur ,kumvarapur loodhapur,praa0apaa0 kumarapur urph loodhapur k0an0
phathehapur,AC243_S24A243P104, 104praa0avi0 khemakaranapur basaee ,khemakaranapur basaee ,khemakaranapur basaee,praa0avi0 khemakaranapur basaee
vaaraanasee,AC389_S24A389P121, 121harischandr baa0ai0akaa0 maidaagin HOAO.3 ,vaaraanasee ,vaaraanasee,harischandr baa0ai0akaa0 maidaagin hoao3
sambhal,AC032_S24A032P166, 166praathamik skool sekhoopur khaalasaa ,NA,NA,praathamik skool sekhoopur khaalasaa
barelee,AC124_S24A124P085, 85thilak intar kaalej kilaa k0anam൦൯ ,barelee ,barelee,thilak intar kaalej kilaa k0anam
NA,AC198_S24A198P077, 77kshethr vikaas kaaryaalay jalaalaabaad ,NA,NA,kshethr vikaas kaaryaalay jalaalaabaad
ad,AC356_S24A356P252, 252joo“ahaa൦askool indarapur imithriyaa ,maoonaath bhamjan ,maoonaath bhamjan,jooahaaaskool indarapur imithriyaa
ilaahaabaad,AC263_S24A263P269, 269kailaas naath kaatajoo i0akaa0akeedagamj kaksh sam൦-2 ,ilaahaabaad ,ilaahaabaad,kailaas naath kaatajoo i0akaa0akeedagamj sam2
sahaaranapur,AC001_S24A001P265, 265praathamik vidyaalay nambar  1kaksh nambar  3kaaloovaalaa jahaanapur uththaree urph kuradeekhedaa ,kaaloovaalaa jahaanapur ,kaaloovaalaa jahaanapur,praathamik vidyaalay nambar 1kaksh nambar 3kaaloovaalaa jahaanapur uththaree urph kuradeekhedaa
ilaahaabaad,AC260_S24A260P213, 213praathamik vidyaalay baburaa kaksh sam0  3,baburaa ,baburaa,praathamik vidyaalay baburaa sam0
aajamagadh,AC343_S24A343P144, 144k0apraa0apaa0abhadevaa (k0asam0-1 ,basaavanapatatee ,basaavanapatatee,k0apraa0apaa0abhadevaa k0asam01
saamalee,AC008_S24A008P013, 13islaamiyaa skool nayaa bhavan sadak ke paas poorvee bhaag jijoulaa ,jijaalaa ,jijaalaa,islaamiyaa skool nayaa sadak poorvee bhaag jijoulaa
seethaapur,AC146_S24A146P010, 10praa0avi0 bhavaaneepur kaalikaabaks k0anam0  1,bhavaaneepur kaalikaa ,bhavaaneepur kaalikaa,praa0avi0 bhavaaneepur kaalikaabaks k0anam0
chithrakoot,AC236_S24A236P165, 165praathamik vidyaalay baadhaa  -madhy bhaag ,baandhaa ,baandhaa,praathamik vidyaalay baadhaa madhy bhaag
haradooee,AC155_S24A155P277, 277praa൦ paa൦ mithanaapur ,NA,NA,praa paa mithanaapur
aleegadh,AC074_S24A074P132, 132mathuraa prasaad praa0 skool pilakhanaa k0 nam0  १,pilakhanaa ,pilakhanaa,mathuraa prasaad praa0 skool pilakhanaa k0 nam0
basthee,AC309_S24A309P316, 316praathamik vidyaalay sisavaaree ,sisavaaree ,sisavaaree,praathamik vidyaalay sisavaaree
sulthaanapur,AC189_S24A189P025, 25praa0avi൦ dhoochhadhoo kaksh sam0  १,Wy ,NA,praa0avi dhoochhadhoo sam0
gaajeepur,AC378_S24A378P080, 80praaepaa0 chakaaalam ,saahagamj urph meeragamj ,saahagamj urph meeragamj,praaepaa0 chakaaalam
phathehapur,AC238_S24A238P241, 241praa0avi0 budhavaam dvitheey ,gear ,gear,praa0avi0 budhavaam dvitheey
baaraabamkee,AC268_S24A268P386, 386poorv maa0avi0 badel kaksh  3,navaabagamj ,navaabagamj,poorv maa0avi0 badel
baaraabamkee,AC267_S24A267P213, 213praa0avi0 dedavaa majare maloulee kaksh sam0  2,malnoulee ,malnoulee,praa0avi0 dedavaa majare maloulee sam0
etaa,AC105_S24A105P064, 64praa0apaa0 chaathee rapheepur k0an0  2,chaathee rapheepur ,chaathee rapheepur,praa0apaa0 chaathee rapheepur k0an0
aajamagadh,AC349_S24A349P310, 310u0apraa0avi0 tikariyaa ,NA,NA,u0apraa0avi0 tikariyaa
mathuraa,AC082_S24A082P223, 223praanvi൦ nagalaa jayasimh kann൦  1,loohaee ,loohaee,praanvi nagalaa jayasimh kann
siddhaarthanagar,AC306_S24A306P249, 249baayathaal aaam൦ ,NA,NA,baayathaal aaam
aajamagadh,AC349_S24A349P129, 129praa0apaa0 karoujaa ,karaajaa ,karaajaa,praa0apaa0 karoujaa
etaa,AC103_S24A103P268, 268praa0apaa൦ sulthaanapur m൦ roopadhanee ,roopadhanee ,roopadhanee,praa0apaa sulthaanapur m roopadhanee
mirjaapur,AC397_S24A397P302, 302praa0 vi0 saraiyaa kamaraghataa ,saraiyaakamaraghataa ,saraiyaakamaraghataa,praa0 vi0 saraiyaa kamaraghataa
mirjaapur,AC395_S24A395P269, 269praaevi0 kavalajhhar ,kavalajhhar ,kavalajhhar,praaevi0 kavalajhhar
aleegadh,AC077_S24A077P050, 50praa0 skool bathoolaa haajee ,badhoulaa haajee ,badhoulaa haajee,praa0 skool bathoolaa haajee
ilaahaabaad,AC260_S24A260P316, 316pamchaayath bhavan khaamee p0 bhaag ,khaamee ,khaamee,pamchaayath khaamee p0 bhaag
mujaphpharanagar,AC011_S24A011P357," 357praathamik vidyaalay, jeevanaa nam0-2 ",jeevanaa ,jeevanaa,praathamik vidyaalay jeevanaa nam02
badaayoom,AC114_S24A114P195, 195praa0 vi0 mudasaan k0anam0  1,mudasaan ,mudasaan,praa0 vi0 mudasaan k0anam0
prathaapagadh,AC250_S24A250P133, 133praa0 vi0 beejemaoo kaksh sam  2,presaamval ,presaamval,praa0 vi0 beejemaoo sam
aajamagadh,AC347_S24A347P205, 205praa0 vi0 palhanee (kaksh sam0  - 3),aajamagadh഼ ,aajamagadh,praa0 vi0 palhanee sam0
badaayoom,AC113_S24A113P402, 402praa0 vi0 dakaaraa pukhthaa k0an0  1,dakaaraa pukhthaa ,dakaaraa pukhthaa,praa0 vi0 dakaaraa pukhthaa k0an0
prathaapagadh,AC250_S24A250P118, 118praa0 vi0 raamapur adhaaragamj ,raamapur adhaaragamj ,raamapur adhaaragamj,praa0 vi0 raamapur adhaaragamj
etaa,AC104_S24A104P032, 32gamgaa ekedemee peepal adadaa sahaavar rood etaa k0anam0-൨ ,etaa ,etaa,gamgaa ekedemee peepal adadaa sahaavar rood etaa k0anam0
seethaapur,AC145_S24A145P407, 407praa0avi0 bramhaavalee k0anam0-1 ,bramhaavalee ,bramhaavalee,praa0avi0 bramhaavalee k0anam01
NA,AC196_S24A196P113, 113praa0apaa0 chandarapur k0an0  2,NA,NA,praa0apaa0 chandarapur k0an0
lakhanaoo,AC170_S24A170P033, 33praathamik vidyaalay behataa kaksh sam൦  1,behataa ,behataa,praathamik vidyaalay behataa sam
haradooee,AC161_S24A161P117, 117praa൦apaa൦ begamagamj kaa baraamadaa poo൦ ,bagamagaj ,bagamagaj,praaapaa begamagamj baraamadaa poo
vaaraanasee,AC387_S24A387P124, 124joo0ahaa0askool payaagapur k0as01 ,payaagapur ,payaagapur,joo0ahaa0askool payaagapur k0as01
jounapur,AC364_S24A364P237, 237praa0avi0 pooraabalaee ,puraabalad ,puraabalad,praa0avi0 pooraabalaee
etaa,AC106_S24A106P275, 275praa0apaa0abaraa bhoudelaa k0an0൨ ,barraa bhoodelaa ,barraa bhoodelaa,praa0apaa0abaraa bhoudelaa k0an0
peeleebheeth,AC128_S24A128P335, 335itouriyaa j൦ bihaareepur ,itouriyaa j0 ,itouriyaa j0,itouriyaa j bihaareepur
haapud,AC059_S24A059P182, 182raamasvaroop joo0 haa0 skool haapud k0an0  3,haapud ,haapud,raamasvaroop joo0 haa0 skool haapud k0an0
phiroojaabaad,AC099_S24A099P131, 131praa.paa.imaliyaa ,aajamaavaad araamv ,aajamaavaad araamv,praapaaimaliyaa
ilaahaabaad,AC258_S24A258P388, 388praathamik vidyaalay telaa u൦ bhaag ,telaa ,telaa,praathamik vidyaalay telaa u bhaag
NA,AC169_S24A169P254, 254poo.maa.vi behataa kaksh sam0-1 ,NA,NA,poomaavi behataa sam01
barelee,AC124_S24A124P002, 2suseelaa girees u0amaa൦ vidyaalay k0anam018 ,barelee ,barelee,suseelaa girees u0amaa vidyaalay k0anam018
raamapur,AC038_S24A038P125, 125praathamik vidyaalay puraanee mathavaalee kaksh sam൦-൧ ,mathavaalee ,mathavaalee,praathamik vidyaalay puraanee mathavaalee sam
gaajeepur,AC375_S24A375P296, 296praa0apaa0 jaithapuraa p0achhoor ,jaithapuraa uparavaar ,jaithapuraa uparavaar,praa0apaa0 jaithapuraa p0achhoor
aajamagadh,AC349_S24A349P213, 213praa0apaa0 banarahiyaa kaksh  2,banaraahayaa ,banaraahayaa,praa0apaa0 banarahiyaa
jaaloun,AC220_S24A220P162, 162praathamik vidyaalay khad഼aguee divaaraa ,khad഼aguee divaaraa ,khadaguee divaaraa,praathamik vidyaalay khadaguee divaaraa
aajamagadh,AC345_S24A345P336, 336joo0 haa0 skool chhaparaa sulthaanapur kaksh sam0  1,chhaththarapur khusahaal ,chhaththarapur khusahaal,joo0 haa0 skool chhaparaa sulthaanapur sam0
aagaraa,AC094_S24A094P275, 275poo0amaa0avi0amajhhateelaa k0an൦൧ ,Alelleil ,alelleil,poo0amaa0avi0amajhhateelaa k0an
phathehapur,AC240_S24A240P355, 355praa0 vi0 saathoo joogaa kaksh s0  2,saathoo joogaa ,saathoo joogaa,praa0 vi0 saathoo joogaa s0
gaajiyaabaad,AC053_S24A053P465, 465praa.vi.bhanaidaakhurd ,bhanaichhedaa khurd ,bhanaichhedaa khurd,praavibhanaidaakhurd
devariyaa,AC342_S24A342P043, 43poo൦amaa൦avi൦ gader kann൦1 ,gad഼er ,gader,pooamaaavi gader kann1
aajamagadh,AC350_S24A350P330, 330praa0avi0 koohadouraa ,koohadouraa ,koohadouraa,praa0avi0 koohadouraa
raay barelee,AC180_S24A180P212, 212urmithraa vidyaalay ,raayabarelee ,raayabarelee,urmithraa vidyaalay
lakhanaoo,AC171_S24A171P212, 212dilaait maantesaree skool kataraa moohammad alee khaam choupatiyaa kaksh samkhyaa-4 ,lakhanaoo ,lakhanaoo,dilaait maantesaree skool kataraa moohammad alee khaam choupatiyaa samkhyaa4
gaajiyaabaad,AC056_S24A056P151, 151es0 es0 ke p0 skool prathaap vihaar ,gaajiyaabaad ,gaajiyaabaad,es0 es0 p0 skool prathaap vihaar
baamdaa,AC235_S24A235P199, 199praa0 vi0 pavaee kaksh sam0  - 3,pavaee ,pavaee,praa0 vi0 pavaee sam0
ambedakar nagar,AC280_S24A280P295, 295praathamik vidyaalay haimsavaapur (paschamee ,haimsavaapur ,haimsavaapur,praathamik vidyaalay haimsavaapur paschamee
mainapuree,AC110_S24A110P107, 107praapaa n dayaalr kaksh sam  2,kirathuaa ,kirathuaa,praapaa dayaalr sam
haradooee,AC160_S24A160P029, 29gaamdhee iam:൦akaa൦ beneegamj n൦apam൦.p൦ k൦anam൦-9 ,beneegamj ,beneegamj,gaamdhee iamakaa beneegamj napamp kanam9
saahajahaaapur,AC133_S24A133P145, 145praa൦ paa൦ nigoohee kaksh  ३,nigoohee ,nigoohee,praa paa nigoohee
phiroojaabaad,AC095_S24A095P087, 87praa0avi0 moohammadee k0anam0  २,mouhammadee ,mouhammadee,praa0avi0 moohammadee k0anam0
mainapuree,AC107_S24A107P213, 213praa0apaa0 laharaamahaan kaksh sam0  2,laharaamahaan ,laharaamahaan,praa0apaa0 laharaamahaan sam0
baharaaich,AC283_S24A283P316, 316poo൦amaa൦avi൦-paathakapuravaa k൦n൦-൨ ,paathakapuravaa ,paathakapuravaa,pooamaaavipaathakapuravaa kn
goutham buddh nagar,AC062_S24A062P455, 455je0 pee0 green intaranesanal pablik skool omegaa k0an0  4,NA,NA,je0 pee0 green intaranesanal pablik skool omegaa k0an0
gaajiyaabaad,AC055_S24A055P499, 499sanaraaeej ekedamee sipraa san sitee ,gaajiyaabaad ,gaajiyaabaad,sanaraaeej ekedamee sipraa san sitee
raay barelee,AC182_S24A182P127, 127saraamy kurmee ,saraayakurmee ,saraayakurmee,saraamy kurmee
raay barelee,AC177_S24A177P275, 275seevan ,seevan ,seevan,seevan
aagaraa,AC092_S24A092P036, 36poo.aa.vi.varigavaa khurd k.n.2 ,barigavoom khurd ,barigavoom khurd,pooaavivarigavaa khurd kn2
goorakhapur,AC324_S24A324P017, 17samkul bhavan chadaraav ,chad഼araamv ,chadaraamv,samkul chadaraav
sulthaanapur,AC190_S24A190P223, 223praa0avi0 vainee kaksh sam01 ,bainee ,bainee,praa0avi0 vainee sam01
aajamagadh,AC352_S24A352P327, 327praa0avi0 choukee gamjoor (tehvaam kaksh-൨ ,lhl egar ,lhl egar,praa0avi0 choukee gamjoor tehvaam kaksh
kheeree,AC144_S24A144P033, 33sivapuree m0 saahabagamj grant ,saahabagamjagrant ,saahabagamjagrant,sivapuree m0 saahabagamj grant
itaavaa,AC201_S24A201P325, 325joo0ahaa0askool eesvareepur ,eesvareepur ,eesvareepur,joo0ahaa0askool eesvareepur
phaijaabaad,AC276_S24A276P012, 12praathamik vidyaalay banakat uththaree ,banakat ,banakat,praathamik vidyaalay banakat uththaree
lakhanaoo,AC174_S24A174P035, 35sent jooliyas haaee skool bhavadevaa kaksh samkhyaa-1 ,lakhanaoo ,lakhanaoo,sent jooliyas haaee skool bhavadevaa samkhyaa1
baaraabamkee,AC269_S24A269P425, 425praa൦avi൦ semaraavaam ,beeraapur ,beeraapur,praaavi semaraavaam
sulthaanapur,AC191_S24A191P113, 113praa0avi0 banakegaamv kaksh sam0  2,banakegaamv ,banakegaamv,praa0avi0 banakegaamv sam0
lakhanaoo,AC169_S24A169P258, 258poo.maa.vi rajaalee kaksh sam0-2 ,rajaaoulee ,rajaaoulee,poomaavi rajaalee sam02
phiroojaabaad,AC099_S24A099P310, 310praa.paa sujaneepur ,sujaneepur ,sujaneepur,praapaa sujaneepur
siddhaarthanagar,AC303_S24A303P195, 195harivamsapur ,mudilraa kataaee ,mudilraa kataaee,harivamsapur
chithrakoot,AC237_S24A237P019, 19praathamik vidyaalay naadin kurmiyaan kamaraa n൦  २,naadinakurmiyaan ,naadinakurmiyaan,praathamik vidyaalay naadin kurmiyaan kamaraa n
badaayoom,AC113_S24A113P410, 410praa0 vi0 saahapur thaahar khedaa k0an0  1,saahapur thaaharakhedaa ,saahapur thaaharakhedaa,praa0 vi0 saahapur thaahar khedaa k0an0
kuseenagar,AC333_S24A333P169, 169jooniyar haaee skool piparaajataamapur kaksh n  03,piparaa jataamapur ,piparaa jataamapur,jooniyar haaee skool piparaajataamapur 03
haatharas,AC079_S24A079P201, 201praa0 paa0 mansyaa k0an0  03,Acta ,acta,praa0 paa0 mansyaa k0an0 03
kheeree,AC144_S24A144P077, 77thurakahataa tappaa gookan ,chakakaimee ,chakakaimee,thurakahataa tappaa gookan
raay barelee,AC183_S24A183P235, 235raghunaathapur labedavaa ,raghunaathapuralabedavaa ,raghunaathapuralabedavaa,raghunaathapur labedavaa
haradooee,AC161_S24A161P420, 420praa൦apaa൦ bamgaalapur ,NA,NA,praaapaa bamgaalapur
unnaav,AC167_S24A167P417, 417praa0apaa0 madaakhedaa ,hiloulee ,hiloulee,praa0apaa0 madaakhedaa
aagaraa,AC091_S24A091P016, 16praa0 vi0 jaajaaoulee k൦ nam0  1,jaajaaഁalee ,jaajaaalee,praa0 vi0 jaajaaoulee k nam0
baaraabamkee,AC266_S24A266P115, 115praa0 vi0 moohammadeepur kaksh sam0  १,moohammadeepur ,moohammadeepur,praa0 vi0 moohammadeepur sam0
wed kabeer nagar,AC313_S24A313P043, 43joo0ahaa൦ skool dudhaaraa ,dudhaaraa ,dudhaaraa,joo0ahaa skool dudhaaraa
merath,AC044_S24A044P127, 127uchch praanvi൦ ateranaa k0 sam0  2,ateranaa ,ateranaa,uchch praanvi ateranaa k0 sam0
kaanapur nagar,AC209_S24A209P108, 108poo0amaa0 vidyaalay sihtharaadaaraa sikooh kaksh sam  १,siharaadaaraa sikooh ,siharaadaaraa sikooh,poo0amaa0 vidyaalay sihtharaadaaraa sikooh sam
kuseenagar,AC330_S24A330P137, 137praa൦paa൦ raayagamj ,raayagamj ,raayagamj,praapaa raayagamj
lakhanaoo,AC170_S24A170P059, 59patel aadars haayar sekandree skool ain kaksh sam0-2 ,eseten ,eseten,patel aadars haayar sekandree skool ain sam02
sambhal,AC033_S24A033P053, 53praaimaree skool baraahee kaksh-൧ ,NA,NA,praaimaree skool baraahee kaksh
phathehapur,AC241_S24A241P162, 162praa0 vi0 phulavaamaoo kaksh s0  1,phulavaamaoo ,phulavaamaoo,praa0 vi0 phulavaamaoo s0
ilaahaabaad,AC264_S24A264P332, 332praagvi൦ nougavaa m൦abhaag ,nougavaa ,nougavaa,praagvi nougavaa mabhaag
gaajeepur,AC373_S24A373P302, 302praa0apaa0 haroolee p.chhoor ,haroulee ,haroulee,praa0apaa0 haroolee pchhoor
NA,AC282_S24A282P367, 367praa0avi൦-had഼ahee sthith sarraamundaree k0anam൦-൨ ,NA,NA,praa0avihadahee sarraamundaree k0anam
balaraamapur,AC291_S24A291P347, 347praae0apaa0 banakatavaa kalaa u0 bhaag ,banakatavaa kalaam ,banakatavaa kalaam,praae0apaa0 banakatavaa kalaa u0 bhaag
peeleebheeth,AC130_S24A130P193, 193badh഼airaa ,badhairaa ,badhairaa,badhairaa
muraadaabaad,AC025_S24A025P089, 89praa0 vi0 kumhariyaa jubalaa kaksh-1 ,kumhariyaa joobalaa ,kumhariyaa joobalaa,praa0 vi0 kumhariyaa jubalaa kaksh1
ilaahaabaad,AC262_S24A262P367, 367mahanth vichaaraanand samskrith uchchathar maadhyamik vidyaalay baaghambaree WS Hea kamaraa nam.-6 ,ilaahaabaad ,ilaahaabaad,mahanth vichaaraanand samskrith uchchathar maadhyamik vidyaalay baaghambaree ws hea kamaraa nam6
saahajahaaapur,AC136_S24A136P186, 186joo0ahaa0 skool kaamt gadee poorvee kaksh s൦2 ,NA,NA,joo0ahaa0 skool kaamt gadee poorvee s2
aagaraa,AC086_S24A086P001, 1praa൦ vi൦ gijoulee k൦ nam൦  1,gijoulee musthakil ,gijoulee musthakil,praa vi gijoulee k nam
mujaphpharanagar,AC014_S24A014P152, 152sivaraaj intar k൉alej kamaraa nambar  ९raamapuree ,mujaphpharanagar ,mujaphpharanagar,sivaraaj intar kalej kamaraa nambar raamapuree
seethaapur,AC153_S24A153P024, 24praa0avi0ak0an02aparasadaa ,Weel ,weel,praa0avi0ak0an02aparasadaa
vaaraanasee,AC387_S24A387P289, 289maathaadeen samkul smaarak i0 kaa0 bhaashkar saagar roohaniyaa k0asam04 ,kesareepur ,kesareepur,maathaadeen samkul smaarak i0 kaa0 bhaashkar saagar roohaniyaa k0asam04
aajamagadh,AC351_S24A351P379, 379praa0avi0 udharaa koobaa ,udharaa ,udharaa,praa0avi0 udharaa koobaa
aagaraa,AC090_S24A090P120, 120poo0amaa0avi൦ dahathooraa k0an൦-൫ ,dahathooraa ,dahathooraa,poo0amaa0avi dahathooraa k0an
phiroojaabaad,AC098_S24A098P307, 307naaraayan i0ak൉0 sikoohaavaad k0an04 ,sikoohaabaad ,sikoohaabaad,naaraayan i0ak0 sikoohaavaad k0an04
vaaraanasee,AC388_S24A388P278, 278be0apraa0apaa0 thelavariyaa choukaaghaat k0asam0  5,vaaraanasee ,vaaraanasee,be0apraa0apaa0 thelavariyaa choukaaghaat k0asam0
baamdaa,AC233_S24A233P192, 192k0apraa0avi0 amilihaa puravaa audahaa ,audahaa ,audahaa,k0apraa0avi0 amilihaa puravaa audahaa
gaajiyaabaad,AC057_S24A057P020, 20praa0avi൦ pathalaa nam0  2,pathalaa ,pathalaa,praa0avi pathalaa nam0
baharaaich,AC286_S24A286P158, 158mahaaraaj simh iam0akaa൦-naveen bhavan kaanoonagoopuraa k0anam൦-7 ,baharaaich ,baharaaich,mahaaraaj simh iam0akaanaveen kaanoonagoopuraa k0anam7
aajamagadh,AC343_S24A343P161, 161praa0apaa0 khoonhanapur phareedapatatee ,khoon‍hanapur ,khoonhanapur,praa0apaa0 khoonhanapur phareedapatatee
NA,AC289_S24A289P352, 352sirasiyaa ,NA,NA,sirasiyaa
mirjaapur,AC398_S24A398P002, 2praa0avi0 piparaahee ,piparaahee ,piparaahee,praa0avi0 piparaahee
mahaaraajagamj,AC318_S24A318P246, 246praa0avi0akudaiyaa k0anam൦൨ ,kudayaa ,kudayaa,praa0avi0akudaiyaa k0anam
bhadoohee,AC393_S24A393P116, 116praa0avi0 noudhan k0asam0-1 ,navadhan ,navadhan,praa0avi0 noudhan k0asam01
bhadoohee,AC394_S24A394P299, 299praa0avi൦ bhaalaa kaksh samkhyaa  1,bhaalaa ,bhaalaa,praa0avi bhaalaa samkhyaa
baamdaa,AC232_S24A232P052, 52praa0avi൦akaanaakhed഼aa ,kaanaa khedaa ,kaanaa khedaa,praa0aviakaanaakhedaa
mahaaraajagamj,AC319_S24A319P379, 379k0apraa0avi0 piparaa bramhan urph baareegaamv k0anam0  3,piparaa bramhan SH ,piparaa bramhan sh,k0apraa0avi0 piparaa bramhan urph baareegaamv k0anam0
garaget,AC069_S24A069P326, 326vedaraamapur praa0ask‌::l ,kelaavalee ,kelaavalee,vedaraamapur praa0askl
kannouj,AC196_S24A196P034, 34praa0apaa0 adamaapur ,barooaa sabalapur ,barooaa sabalapur,praa0apaa0 adamaapur
gaajiyaabaad,AC057_S24A057P062, 62praa0 vi0 makaramathapur sikhaidaa ,markamathapur sikhed഼aa ,markamathapur sikhedaa,praa0 vi0 makaramathapur sikhaidaa
itaavaa,AC201_S24A201P426, 426praa0apaa0 raaneepuraa ,mit൒ahatee ,mitahatee,praa0apaa0 raaneepuraa
ilaahaabaad,AC254_S24A254P342, 342praathamik vidyaalay malaak harahar uparahaar d൦ bhaag ,malraak harahar ,malraak harahar,praathamik vidyaalay malaak harahar uparahaar d bhaag
badaayoom,AC112_S24A112P077, 77narouree narouraa praa vi k nam.-൯ ,narouree narouraa ,narouree narouraa,narouree narouraa praa vi nam
NA,AC235_S24A235P211, 211aadars Feet kaalej nayaa bhavan bisandaa kaksh s0  - 4,NA,NA,aadars feet kaalej nayaa bisandaa s0
unnaav,AC164_S24A164P374, 374praa0apaa0 aasaakhedaa k0asam0  2,aasaakhed഼aa ,aasaakhedaa,praa0apaa0 aasaakhedaa k0asam0
NA,AC282_S24A282P417, 417praa0avi൦-guraghutataa k0anam൦-൧ ,NA,NA,praa0aviguraghutataa k0anam
gaajeepur,AC379_S24A379P350, 350baa0avi0 gahamar u0 (p0achhoor ,gahamar ,gahamar,baa0avi0 gahamar u0 p0achhoor
mainapuree,AC108_S24A108P217, 217praa0 vi0 pad഼aaa (bhoogaaഁav dehaath ,bhoogaamv ,bhoogaamv,praa0 vi0 padaaa bhoogaaav dehaath
jaaloun,AC219_S24A219P053, 53praaimaree skool ACW ,ACW ,acw,praaimaree skool acw
goutham buddh nagar,AC062_S24A062P297, 297praa0apaa0 bairamgapur urph naee basthee k0anam0  2,bairamgapur oorph naee ,bairamgapur oorph naee,praa0apaa0 bairamgapur urph naee basthee k0anam0
aajamagadh,AC352_S24A352P309, 309praa0avi0 belahaadeeh kaksh  -९,belahaadeeh ,belahaadeeh,praa0avi0 belahaadeeh
vaaraanasee,AC391_S24A391P233, 233praa0 paa0 naagepur k0 sam0  -1,naagepur ,naagepur,praa0 paa0 naagepur k0 sam0
baliyaa,AC359_S24A359P223, 223praa0apaa0 good഼avaraa ,goodavaraa ,goodavaraa,praa0apaa0 goodavaraa
prathaapagadh,AC247_S24A247P022, 22praa൦ vi൦ thaalaasiristhaabaad ,thaalaa siristhaabaad ,thaalaa siristhaabaad,praa vi thaalaasiristhaabaad
bulandasahar,AC069_S24A069P303, 303pahaasoo mukarram intar kaalej k0anam0  6,pahaasoo ,pahaasoo,pahaasoo mukarram intar kaalej k0anam0
sambhal,AC033_S24A033P133, 133praaimaree skool bhavaaneepur kaksh-൧ ,NA,NA,praaimaree skool bhavaaneepur kaksh
phaijaabaad,AC275_S24A275P119, 119seethaapur nethr chikithsaalay phaijaabaad paschimee ,phaijaabaad ,phaijaabaad,seethaapur nethr chikithsaalay phaijaabaad paschimee
phaijaabaad,AC274_S24A274P258, 258praathamik vidyaalay mirjaapur nirmaalee paschimee ,mirjaapur nirmaalee ,mirjaapur nirmaalee,praathamik vidyaalay mirjaapur nirmaalee paschimee
aajamagadh,AC349_S24A349P064, 64haa0ase0 sakool pavaee kaksh  3,Uds ,uds,haa0ase0 sakool pavaee
kuseenagar,AC332_S24A332P103, 103pamchaayath bhavan khuduraa ahiroulee kaksh nam0  1,khuduraa ahiroulee ,khuduraa ahiroulee,pamchaayath khuduraa ahiroulee nam0
ambedakar nagar,AC278_S24A278P060, 60uchch praathamik vidyaalay sakaraaval paschimee kaksh ,taandaa ,taandaa,uchch praathamik vidyaalay sakaraaval paschimee
baamdaa,AC234_S24A234P340, 340praa൦ vi൦ sirasaanaa ,chandour ,chandour,praa vi sirasaanaa
haradooee,AC160_S24A160P079, 79praa൦paa൦ kaakripu::r൨ k൦an൦-൨ ,kaakoopur ,kaakoopur,praapaa kaakripur kan
mahaaraajagamj,AC315_S24A315P156, 156praa൦ vi൦ sisavaniyaa bujurg ,sisavaaniyaa bujurg ,sisavaaniyaa bujurg,praa vi sisavaniyaa bujurg
basthee,AC311_S24A311P168, 168praathamik vidyaalay baamsaapaar ,vaamsaapaar ,vaamsaapaar,praathamik vidyaalay baamsaapaar
phiroojaabaad,AC098_S24A098P026, 26praa0 paa0 meharee ,lathuraa ,lathuraa,praa0 paa0 meharee
haradooee,AC160_S24A160P094, 94praa൦paa൦ retharee m൦ badasaraa ,bathasaraa ,bathasaraa,praapaa retharee m badasaraa
sraavasthee,AC289_S24A289P422, 422samhaarapuravaa ,sambhaarapuravaa ,sambhaarapuravaa,samhaarapuravaa
bijanour,AC024_S24A024P347, 347ji0ap0apraa0askool nainoo naamgal ,nainoo naamgal ,nainoo naamgal,ji0ap0apraa0askool nainoo naamgal
aajamagadh,AC347_S24A347P009, 9joo0ahaa0askool lakhamanapur Geel aA ,lakhamanapur patutee urph ,lakhamanapur patutee urph,joo0ahaa0askool lakhamanapur geel aa
gaajeepur,AC376_S24A376P301, 301hoomiyoopaithik kaalej gaajeepur kamaraa n0-6 ,rajadepur ,rajadepur,hoomiyoopaithik kaalej gaajeepur kamaraa n06
maoo,AC355_S24A355P003, 3praa0 paa0 mad഼ahaa moohiuddeenapur p0 bhaag ,moohiuddeenapur ,moohiuddeenapur,praa0 paa0 madahaa moohiuddeenapur p0 bhaag
chandoulee,AC381_S24A381P281, 281praa൦ paa൦ sakaladeehaa kaksh sam൦  ३,sakaladeehaa ,sakaladeehaa,praa paa sakaladeehaa sam
etaa,AC105_S24A105P176, 176joo0ahaa0asakool ganesapur ,barigavaam ,barigavaam,joo0ahaa0asakool ganesapur
goutham buddh nagar,AC062_S24A062P378, 378saheed bhagath simh i0akaa0asrajapur k0an0  1,NA,NA,saheed bhagath simh i0akaa0asrajapur k0an0
vaaraanasee,AC388_S24A388P047, 47praa0avi0 sivapur kaksh sam0  3,vaaraanasee ,vaaraanasee,praa0avi0 sivapur sam0
mahoobaa,AC230_S24A230P110, 110dee൦ae൦abee൦aiamgkaalej mahoobaa kaksh sam൦  -9,mahoobaa ,mahoobaa,deeaeabeeaiamgkaalej mahoobaa sam
aleegadh,AC077_S24A077P134, 134praaimaree skool bhooriyaa kee gathee ,paaryadaapur ,paaryadaapur,praaimaree skool bhooriyaa gathee
baaraabamkee,AC268_S24A268P160, 160poo0amaa0avi0 malrookapur kaksh sam0  2,jasamandaa ,jasamandaa,poo0amaa0avi0 malrookapur sam0
ilaahaabaad,AC259_S24A259P109, 109praa0avi0 amiliyaa kalaa poorvee bhaag-1 ,HA kalaam ,ha kalaam,praa0avi0 amiliyaa kalaa poorvee bhaag1
etaa,AC104_S24A104P394, 394praa0apaa0 sakeet dakshin k0an0  २,sakeet ,sakeet,praa0apaa0 sakeet dakshin k0an0
raay barelee,AC182_S24A182P100, 100hameeragaamv ,hameeragaav ,hameeragaav,hameeragaamv
ilaahaabaad,AC261_S24A261P291, 291syaam laal i kaa chakiyaa kasaaree masaaree kamaraa nam  ४,ilaahaabaad ,ilaahaabaad,syaam laal chakiyaa kasaaree masaaree kamaraa nam
ilaahaabaad,AC255_S24A255P278, 278praa0 paa0 chhaathaa dakshinee bhaag ,chhaathaa ,chhaathaa,praa0 paa0 chhaathaa dakshinee bhaag
soonabhadr,AC402_S24A402P144," 144poo0amaa0avi0 billee, k0asam0-2 ",billee maarakundee ,billee maarakundee,poo0amaa0avi0 billee k0asam02
unnaav,AC165_S24A165P060, 60praa0 vi0 jindaakhedaa m0 mulukagadaar ,mulrukaurphagadaar ,mulrukaurphagadaar,praa0 vi0 jindaakhedaa m0 mulukagadaar
kuseenagar,AC330_S24A330P092, 92praanpaa൦ narachoochavaa room n-3 ,narachoochavaa ,narachoochavaa,praanpaa narachoochavaa n3
mathuraa,AC082_S24A082P025, 25poorv maa0avi0 jamghaavalee k0an0  1,seragadh baamgar ,seragadh baamgar,poorv maa0avi0 jamghaavalee k0an0
merath,AC045_S24A045P230, 230pamchaayath ghar paschim sathalaa ,sathalaa ,sathalaa,pamchaayath paschim sathalaa
ilaahaabaad,AC264_S24A264P386, 386praanavi൦ joonakaee p൦abhaag ,jookanaee ,jookanaee,praanavi joonakaee pabhaag
itaavaa,AC199_S24A199P278, 278poorv maa0avi0 san‍thooshapur unavaam ,unavaam sanan‍thooshapur ,unavaam sananthooshapur,poorv maa0avi0 santhooshapur unavaam
phiroojaabaad,AC096_S24A096P017, 17u0 praa0 vi0 nagalaa mevaa ,nagalraa simh ,nagalraa simh,u0 praa0 vi0 nagalaa mevaa
seethaapur,AC150_S24A150P187, 187praa0avi0 beraa൉abarouraa ,at aN ,at an,praa0avi0 beraaabarouraa
aagaraa,AC089_S24A089P207, 207hoom saaiams insteetyoot khan‍daaree k0anam൦-൯ ,aagaraa ,aagaraa,hoom saaiams insteetyoot khandaaree k0anam
aagaraa,AC092_S24A092P156, 156praa.vi.cheeth k.n.2 ,cheeth ,cheeth,praavicheeth kn2
ilaahaabaad,AC256_S24A256P101, 101praa0 paa0 baaboogamj d0 bhaag ,jaapharapur urph ,jaapharapur urph,praa0 paa0 baaboogamj d0 bhaag
lalithapur,AC226_S24A226P320, 320joo0ahaa0askool budhavaar ,budh഼avaar ,budhavaar,joo0ahaa0askool budhavaar
kannouj,AC197_S24A197P029, 29praa0 paa0 nagalaa jhhaabar ,bahaadurapur majhhigavaa ,bahaadurapur majhhigavaa,praa0 paa0 nagalaa jhhaabar
auraiyaa,AC202_S24A202P161, 161praa0avi൦ raayapur kaithaavaa ,raayapur kaithaavaa ,raayapur kaithaavaa,praa0avi raayapur kaithaavaa
goutham buddh nagar,AC063_S24A063P311, 311praa0 skool neemakaa saahajahaampur k0anam0  १,neemakaa saahajahaampur ,neemakaa saahajahaampur,praa0 skool neemakaa saahajahaampur k0anam0
kheeree,AC138_S24A138P248, 248majhharaapoorab ,majhharaapoorab ,majhharaapoorab,majhharaapoorab
aagaraa,AC090_S24A090P185, 185mahaaraanee avantheebaaee u0amaa0avi൦ dhanoulee k0an൦-൧ ,dhanoulee ,dhanoulee,mahaaraanee avantheebaaee u0amaa0avi dhanoulee k0an
balaraamapur,AC293_S24A293P095, 95moo0ayu0aus൦ai0akaa൦ utharoulaa k൦ n൦  4,Senter ,senter,moo0ayu0ausai0akaa utharoulaa k n
balaraamapur,AC292_S24A292P361, 361praa0 paa0 sidhavaapur k0an൦  2,NA,NA,praa0 paa0 sidhavaapur k0an
haatharas,AC080_S24A080P257, 257joo0ahaa0askool dhamdhoulee ,dhadoulee ,dhadoulee,joo0ahaa0askool dhamdhoulee
kheeree,AC137_S24A137P161, 161boojhhavaa majaraa marooaapaschim ,marooaapasicham ,marooaapasicham,boojhhavaa majaraa marooaapaschim
baamdaa,AC232_S24A232P074, 74praa൦ vi൦ simdhanakalaa kaksh s൦  2,sindhan kalaa ,sindhan kalaa,praa vi simdhanakalaa s
ilaahaabaad,AC265_S24A265P219, 219goopaal vi0ai0akaa0 kooraamv paschimee madhy bhaag ,kooraamv ,kooraamv,goopaal vi0ai0akaa0 kooraamv paschimee madhy bhaag
haatharas,AC080_S24A080P295, 295praa0avi0ajaaoo ,jaaoo inaayathapur ,jaaoo inaayathapur,praa0avi0ajaaoo
unnaav,AC163_S24A163P060, 60vikaasakhand kaaryaalay nayaakaksh sapheepur saharee uththar ,sapheepur ,sapheepur,vikaasakhand kaaryaalay nayaakaksh sapheepur saharee uththar
merath,AC044_S24A044P042, 42ke൦ake൦apablik skul saradhanaa k0 n0  2,saradhanaa ,saradhanaa,keakeapablik skul saradhanaa k0 n0
saahajahaaapur,AC136_S24A136P158, 158praa0 skool malhapur ,Ace ,ace,praa0 skool malhapur
garaget,AC068_S24A068P193, 193dibaaee kanyaa paathasaalaa nikat sabjee man‍dee kann൦൧൯ ,dibaaee ,dibaaee,dibaaee kanyaa paathasaalaa nikat sabjee mandee kann
baliyaa,AC357_S24A357P211, 211praa0 paa0 loohataa pachadouraa d൦ ,loohataa pachadouraa ,loohataa pachadouraa,praa0 paa0 loohataa pachadouraa d
saamalee,AC010_S24A010P201, 201haayar sakaindaree skool k0anam൦-3 naalaa ,naalaa ,naalaa,haayar sakaindaree skool k0anam3 naalaa
mirjaapur,AC396_S24A396P144, 144praa0avi0 nipharaa ,nipharaa ,nipharaa,praa0avi0 nipharaa
goorakhapur,AC328_S24A328P411, 411praa0 vi0 aanandagath ,geo ,geo,praa0 vi0 aanandagath
haradooee,AC160_S24A160P285, 285praa൦paa൦ gouhaanee kannam൦-൧ ,gaahaanaaee ,gaahaanaaee,praapaa gouhaanee kannam
mainapuree,AC109_S24A109P192, 192praa paa aleepur ,aleepur kesoompur ,aleepur kesoompur,praa paa aleepur
kheeree,AC140_S24A140P081, 81roumsaa ,rousaa ,rousaa,roumsaa
saahajahaaapur,AC135_S24A135P290, 290praa0avi0 khiranee baag sthith navaadaa indepur athirikth kaksh ,saahajahaampur ,saahajahaampur,praa0avi0 khiranee baag navaadaa indepur athirikth
balaraamapur,AC292_S24A292P053, 53praa0 paa0 soonagadh഼aa ,soonagadh഼aa ,soonagadhaa,praa0 paa0 soonagadhaa
kheeree,AC138_S24A138P094, 94pachaped഼ee m0 mood഼aabujurg ,mood഼aabujurg ,moodaabujurg,pachapedee m0 moodaabujurg
maoo,AC353_S24A353P016, 16praa0apaa0 maadeedullah kaksh sam൦-൧ ,Alcl gece ,alcl gece,praa0apaa0 maadeedullah sam
etaa,AC103_S24A103P169, 169praa0apapaa൦ bhavakariyaa m൦ jaitharaa k0anam൦  2,jaitharaa ,jaitharaa,praa0apapaa bhavakariyaa m jaitharaa k0anam
vaaraanasee,AC384_S24A384P300, 300praa0apaa0 kaviraamapur k0asam0  3,kaviraamapur ,kaviraamapur,praa0apaa0 kaviraamapur k0asam0
aagaraa,AC093_S24A093P034, 34praa0 vi0 aamchheepuraa k.n.1 ,nagalaa paatam ,nagalaa paatam,praa0 vi0 aamchheepuraa kn1
mujaphpharanagar,AC013_S24A013P229, 229praathamik vidyaalay nayaa bhavan kamaraa nambar  1kaasamapur ,kaasamapur ,kaasamapur,praathamik vidyaalay nayaa kamaraa nambar 1kaasamapur
chandoulee,AC383_S24A383P187, 187praa൦paa൦ doomaree kaksh sam൦-2 ,valeepur ,valeepur,praapaa doomaree sam2
gaajeepur,AC377_S24A377P333, 333praa0apaa0 haradaasapur poo0achhoor ,haradaasapur ,haradaasapur,praa0apaa0 haradaasapur poo0achhoor
goondaa,AC301_S24A301P266, 266praaimaree paathasaalaa paayarakhaas u൦abhaag ,paayarakhaas ,paayarakhaas,praaimaree paathasaalaa paayarakhaas uabhaag
balaraamapur,AC294_S24A294P176, 176garls iam0akaa0 praa0 seksan k0 n0  २,balaraamapur ,balaraamapur,garls iam0akaa0 praa0 seksan k0 n0
unnaav,AC167_S24A167P176, 176praa0apaa0 jhhakavaasaa ,jhhakavaasaa ,jhhakavaasaa,praa0apaa0 jhhakavaasaa
muraadaabaad,AC026_S24A026P170, 170praa0avi0 lougeekhurd kaksh  1,lougeekhurd ,lougeekhurd,praa0avi0 lougeekhurd
kaasagamj,AC101_S24A101P176, 176u0apraa൦aevi0abahataa k0anam0  1,bahataa ,bahataa,u0apraaaevi0abahataa k0anam0
jhhaamsee,AC224_S24A224P110, 110poorv maa.vidyaalay atharasuvaam bhaag  १,atharasuvaam ,atharasuvaam,poorv maavidyaalay atharasuvaam bhaag
vaaraanasee,AC387_S24A387P369, 369praa0apaa0 doomaree k0asam0  1,doomaree ,doomaree,praa0apaa0 doomaree k0asam0
kuseenagar,AC329_S24A329P014, 14praa0apaa0 gainahee jamgal kaksh-1 ,gainahee jamgal ,gainahee jamgal,praa0apaa0 gainahee jamgal kaksh1
etaa,AC106_S24A106P167, 167praa0apaa0amirjaapur serapur ,saraay neem ,saraay neem,praa0apaa0amirjaapur serapur
aajamagadh,AC343_S24A343P356, 356praa0apaa0 sakarakoolaa (k0asam0-2 ,amiliyaa ,amiliyaa,praa0apaa0 sakarakoolaa k0asam02
itaavaa,AC201_S24A201P068, 68praa0 paa0 mamgoopur kaksh-1 ,mamgoopur ,mamgoopur,praa0 paa0 mamgoopur kaksh1
pharrookhaabaad,AC193_S24A193P166, 166champathapur ,champathapur ,champathapur,champathapur
lalithapur,AC227_S24A227P434, 434praa0 paa0 dhoujaree ,dhoujaree ,dhoujaree,praa0 paa0 dhoujaree
gaajeepur,AC375_S24A375P247, 247em0ae0aech0ai0akaa0 gaajeepur (k0an03 ,gaajeepur ,gaajeepur,em0ae0aech0ai0akaa0 gaajeepur k0an03
mujaphpharanagar,AC016_S24A016P098, 98praathamik vidyaalay kam0anam0-3 kakaraalaa ,kakaraalaa ,kakaraalaa,praathamik vidyaalay kam0anam03 kakaraalaa
barelee,AC121_S24A121P328, 328praa൦ paa൦ narahee nouaa nagalaa HOA? ,naraheem nouaa nagalaa ,naraheem nouaa nagalaa,praa paa narahee nouaa nagalaa hoa
baaraabamkee,AC269_S24A269P408, 408praa൦avi൦ rasoolaabaad bihaareelaal Hat nam0  2,rasoolaabaad bihaaree ,rasoolaabaad bihaaree,praaavi rasoolaabaad bihaareelaal hat nam0
mirjaapur,AC399_S24A399P213, 213praa0avi0 pounee ,pounee ,pounee,praa0avi0 pounee
phiroojaabaad,AC096_S24A096P027, 27praa0 paa0 bhaganer k0 n0  2,bhaganer ,bhaganer,praa0 paa0 bhaganer k0 n0
raay barelee,AC183_S24A183P037, 37nevaadaa patatee ,nevaadaa pattee mu0 ,nevaadaa pattee mu0,nevaadaa patatee
merath,AC049_S24A049P382," 382prajnjaa jnjaan mandir skool gath rood merath, raadhaa goovind iamjeeniyarimg kaalej ke baraabar mem ",INO ,ino,prajnjaa jnjaan skool gath rood merath raadhaa goovind iamjeeniyarimg kaalej baraabar mem
phathehapur,AC240_S24A240P027, 27praa0 vi0 mavaeeyaa ,mavadaiyaa ,mavadaiyaa,praa0 vi0 mavaeeyaa
peeleebheeth,AC127_S24A127P140, 140sivapuriyaa ,sivapuriyaa ,sivapuriyaa,sivapuriyaa
sraavasthee,AC290_S24A290P022, 22manavariyaa boojhhaa ,manavariyaaboojhhaa ,manavariyaaboojhhaa,manavariyaa boojhhaa
barelee,AC124_S24A124P154, 154rikkee simh garls intar kaalej sahadaanaa k0anam൦൨ ,barelee ,barelee,rikkee simh garls intar kaalej sahadaanaa k0anam
mujaphpharanagar,AC015_S24A015P236, 236praathamik vidyaalay samoulee ,samoulee ,samoulee,praathamik vidyaalay samoulee
sahaaranapur,AC007_S24A007P046, 46praathamik vighaalay paschimee bhaag k0an0-1 ranthadhedee ,Yedst ,yedst,praathamik vighaalay paschimee bhaag k0an01 ranthadhedee
vaaraanasee,AC387_S24A387P360, 360poo൦amaa൦ajoo൦ahaa൦askool akharee k0asam03 ,akharee ,akharee,pooamaaajooahaaaskool akharee k0asam03
mathuraa,AC083_S24A083P123, 123praa൦avi൦n൦harajoo ,nainoopatatee ,nainoopatatee,praaavinharajoo
ilaahaabaad,AC259_S24A259P198, 198poorv maa0 vi0 -dighiyaa paschimee bhaag-2 ,dighiyaa ,dighiyaa,poorv maa0 vi0 dighiyaa paschimee bhaag2
saamalee,AC008_S24A008P203, 203praathamik vidyaalay k0 n0  2sahapath ,sahapath ,sahapath,praathamik vidyaalay k0 n0 2sahapath
santh kabeer nagar,AC313_S24A313P207, 207praa0avi0 paileekhaas kamaraa nam0  1,paileekhaas ,paileekhaas,praa0avi0 paileekhaas kamaraa nam0
baaraabamkee,AC270_S24A270P020, 20praa0avi0 saiphapur kaksh sam01 ,saiphapur ,saiphapur,praa0avi0 saiphapur sam01
merath,AC046_S24A046P293, 293kanyaa uchch praa0 vi0 k0an0  -2bijoulee ,bijoulee ,bijoulee,kanyaa praa0 vi0 k0an0 2bijoulee
bulandasahar,AC064_S24A064P401, 401kakood beejagoodaam k.n൑  1,kakood഼ dehaath ,kakood dehaath,kakood beejagoodaam kn
jhhaamsee,AC223_S24A223P155, 155ganesee sikshaa kaanvemt joo0 haa0 skool bhaag-2 ,jhhaaഁasee ,jhhaaasee,ganesee sikshaa kaanvemt joo0 haa0 skool bhaag2
unnaav,AC165_S24A165P041, 41praa0 vi0 bounaamaoo kaksh sam0-2 ,bounaamaoo ,bounaamaoo,praa0 vi0 bounaamaoo sam02
kheeree,AC139_S24A139P377, 377garadahaa ,garadahaa ,garadahaa,garadahaa
merath,AC044_S24A044P112, 112salaavaa intar kaalij salaavaa k0 sam0  2,salaavaa ,salaavaa,salaavaa intar kaalij salaavaa k0 sam0
aleegadh,AC071_S24A071P091, 91praaeemaree skool boodhaakaa k0anam0  2,boodh഼aakaa ,boodhaakaa,praaeemaree skool boodhaakaa k0anam0
mujaphpharanagar,AC013_S24A013P192, 192praathamik vidyaathray poorvee kamare se lagaa huaa kamaraa dathiyaanaa ,dathiyaanaa ,dathiyaanaa,praathamik vidyaathray poorvee kamare se lagaa huaa kamaraa dathiyaanaa
baaraabamkee,AC270_S24A270P129, 129poo.maa.vi kamiyaar ,kamiyaar ,kamiyaar,poomaavi kamiyaar
haradooee,AC160_S24A160P430, 430praanpaa൦ bahaloolapur k൦anam൦-൨ ,bahalaamlapur ,bahalaamlapur,praanpaa bahaloolapur kanam
NA,AC282_S24A282P421, 421poo0amaa0avi൦-lakshmanapur matehee k0anam൦-൧ ,NA,NA,poo0amaa0avilakshmanapur matehee k0anam
phathehapur,AC239_S24A239P269, 269praa0 paa0 kustheekalaa kaksh sam0  1,kuroostheekalaam ,kuroostheekalaam,praa0 paa0 kustheekalaa sam0
aagaraa,AC087_S24A087P017, 17navayug kanyaa joo0ahaa0 kaajeepaadaa FO n0  4,aagaraa ,aagaraa,navayug kanyaa joo0ahaa0 kaajeepaadaa fo n0
basthee,AC311_S24A311P180, 180praathamik vidyaalay barahaaa ,barahaaaam ,barahaaaam,praathamik vidyaalay barahaaa
baharaaich,AC284_S24A284P028, 28poo0amaa0avi൦-chougoodavaa navaabagamj nayaa bhavan k0an൦-൧ ,chougoodavaa ,chougoodavaa,poo0amaa0avichougoodavaa navaabagamj nayaa k0an
ilaahaabaad,AC262_S24A262P180, 180mahaboob alee haayar sekendaree skool stenalee rood kamaraa nam.-5 ,ilaahaabaad ,ilaahaabaad,mahaboob alee haayar sekendaree skool stenalee rood kamaraa nam5
haradooee,AC159_S24A159P020, 20joo0ahaa൦ jarouleeserapur k0anam൦  १,jaraalaa raarishur ,jaraalaa raarishur,joo0ahaa jarouleeserapur k0anam
merath,AC044_S24A044P197, 197praa൦ vinlooeeyaa k0 sam0  2,looeeyaa ,looeeyaa,praa vinlooeeyaa k0 sam0
goutham buddh nagar,AC061_S24A061P418, 418nooedaa kanyaa intar k൉alej bhamgel begamapur k0 nam0  5,NA,NA,nooedaa kanyaa intar kalej bhamgel begamapur k0 nam0
phaijaabaad,AC273_S24A273P163, 163raashtreey vidyaapeeth intar kaalej pithalaa-2 ,pithalaa ,pithalaa,raashtreey vidyaapeeth intar kaalej pithalaa2
aleegadh,AC075_S24A075P168," 168dee e vee kanyaa i kaa jee tee rood, kamaraa n0-൭ ",aleegadh഼ ,aleegadh,168dee vee kanyaa jee tee rood kamaraa n0
gaajeepur,AC376_S24A376P051, 51praa0 paa0 mahemgavaa (p0achhoor ,dclatetet ,dclatetet,praa0 paa0 mahemgavaa p0achhoor
mirjaapur,AC399_S24A399P384, 384praa0avi0 seravaa pratham ,sairavaa ,sairavaa,praa0avi0 seravaa pratham
mahoobaa,AC231_S24A231P257, 257praa0avi0 bharavaaraa ,bharavaaraa ,bharavaaraa,praa0avi0 bharavaaraa
jhhaamsee,AC222_S24A222P034, 34sree ganes samkar vidyaa baal sisu mandir chiragaamv-1 ,chiragaamv ,chiragaamv,sree ganes samkar vidyaa baal sisu chiragaamv1
maoo,AC355_S24A355P248, 248praa0 paa0 nooharepur naee imaarath ,nooharepur ,nooharepur,praa0 paa0 nooharepur naee imaarath
vaaraanasee,AC386_S24A386P329, 329be0apraaepaa0 pahalookaapuraa (phulavariyaa k0asam0  2,phulavariyaa ,phulavariyaa,be0apraaepaa0 pahalookaapuraa phulavariyaa k0asam0
lalithapur,AC226_S24A226P306, 306praa0apaa൦ jairavaaraa ,jairavaaraa ,jairavaaraa,praa0apaa jairavaaraa
ilaahaabaad,AC260_S24A260P085, 85praathamik vidyaalay chakachandapur kaksh sam0  1,chakachandapur ,chakachandapur,praathamik vidyaalay chakachandapur sam0
auraiyaa,AC203_S24A203P136," 136indr dhanush klab bildimg gail gaamv, vaisundharaa, dibiyaapur kaksh sam0  1",baisundharaa ,baisundharaa,indr dhanush klab bildimg gail vaisundharaa dibiyaapur sam0
baharaaich,AC287_S24A287P094, 94praa0apaa൦ prathaapapur uparahar kam0anam൦-1 ,prathaapapur uparahar ,prathaapapur uparahar,praa0apaa prathaapapur uparahar kam0anam1
haapud,AC058_S24A058P006, 6praathamik vidhaalay dasthooee kamaraa nam0  1,atds ,atds,praathamik vidhaalay dasthooee kamaraa nam0
haradooee,AC160_S24A160P312, 312praa൦anpaa൦ medouaa ,madhaamvaa ,madhaamvaa,praaanpaa medouaa
mainapuree,AC107_S24A107P338, 338lalloo simh i0akaa0 kuraavalee kaksh sam0  4,kuraavalee ,kuraavalee,lalloo simh i0akaa0 kuraavalee sam0
siddhaarthanagar,AC302_S24A302P018, 18khurahariyaa ,karooaa ,karooaa,khurahariyaa
kaanapur dehaath,AC206_S24A206P207, 207praathamik vidyaalay kakaramaoo ,kakaramath ,kakaramath,praathamik vidyaalay kakaramaoo
ilaahaabaad,AC259_S24A259P303, 303praa0avi0 kamdavaa koosad഼aakalaa uththaree bhaag ,koosadaa kalaam ,koosadaa kalaam,praa0avi0 kamdavaa koosadaakalaa uththaree bhaag
kaanapur nagar,AC209_S24A209P352, 352poorv maadhyamik vidyaalay thareepaathakapur kaksh sam൦  १,thareepaathakapur ,thareepaathakapur,poorv maadhyamik vidyaalay thareepaathakapur sam
mahaaraajagamj,AC319_S24A319P158, 158praa0avi0 lakshmeepur detharavaam k0anam0  1,lakshmeepur detharavaa ,lakshmeepur detharavaa,praa0avi0 lakshmeepur detharavaam k0anam0
kousaambee,AC252_S24A252P280, 280praa.vi poorab sareeraa p.bhaag ,poorab sareeraa uththaree ,poorab sareeraa uththaree,praavi poorab sareeraa pbhaag
kannouj,AC196_S24A196P524, 524raamakisan aary myoonisipal k0ai0akaa0 guroosahaayagamj k0an0  1,gurasahaayagamj ,gurasahaayagamj,raamakisan aary myoonisipal k0ai0akaa0 guroosahaayagamj k0an0
barelee,AC118_S24A118P376, 376praa0avi൦ thiriyaa baamke udaraa k0an0  1,thiriyaa baamke udaraa ,thiriyaa baamke udaraa,praa0avi thiriyaa baamke udaraa k0an0
jaaloun,AC221_S24A221P100, 100joo.haa.authaa ,authaa ,authaa,joohaaauthaa
chithrakoot,AC236_S24A236P106, 106praathamik vidyaalay ovaree majaraa pahaadeebujurg-m0abhaag ,pahaaree bujurg aams ,pahaaree bujurg aams,praathamik vidyaalay ovaree majaraa pahaadeebujurgm0abhaag
gaajeepur,AC376_S24A376P040, 40joo0ahaa0 skool kood഼aree (m0achhoor ,koodaree ,koodaree,joo0ahaa0 skool koodaree m0achhoor
bulandasahar,AC065_S24A065P159, 159nayaa gaamv praaeemaree skool k.n൑  6,nayaagaaഁav ,nayaagaaav,nayaa praaeemaree skool kn
etaa,AC104_S24A104P274, 274praa0apaa0 laaladundavaaraa ,laaladundavaaraa ,laaladundavaaraa,praa0apaa0 laaladundavaaraa
barelee,AC124_S24A124P050, 50naveen praaimaree skool saahakaaraa k0anam൦൧൯ ,barelee ,barelee,naveen praaimaree skool saahakaaraa k0anam
unnaav,AC164_S24A164P248, 248praa0apaa0 phiroojaabaad ,phiroojaabaad ,phiroojaabaad,praa0apaa0 phiroojaabaad
aajamagadh,AC349_S24A349P001, 1praaepaa0 balaeepur kaksh  1,NA,NA,praaepaa0 balaeepur
mujaphpharanagar,AC015_S24A015P126, 126praathamik vidyaalay doulthapur ,doulathapur majaraa ,doulathapur majaraa,praathamik vidyaalay doulthapur
basthee,AC311_S24A311P149, 149praathamik vidyaalay moohanaakhoor ,bhaisavaliyaa abbal ,bhaisavaliyaa abbal,praathamik vidyaalay moohanaakhoor
mainapuree,AC108_S24A108P318, 318amar saheed i0akaa0 bevar kaksh sam0  2,bevar ,bevar,amar saheed i0akaa0 bevar sam0
unnaav,AC167_S24A167P308, 308praa0apaa0 muheeudadeenapur ,moohaddeenapur ,moohaddeenapur,praa0apaa0 muheeudadeenapur
merath,AC047_S24A047P406, 406saralaa devee vidyaa peeth amhaidaa aadipur rood kaseroo baksar k0 n0  २,ANS ,ans,saralaa devee vidyaa peeth amhaidaa aadipur rood kaseroo baksar k0 n0
unnaav,AC165_S24A165P381, 381seethaaraam dharmasaalaa sukalaagamj n0 paa0 pari0 gamgaaghaat kaksh sam0-൧ ,gamgaaghaat ,gamgaaghaat,seethaaraam dharmasaalaa sukalaagamj n0 paa0 pari0 gamgaaghaat sam0
aagaraa,AC088_S24A088P251, 251dee൦ e൦ vee൦ i൦ kaa൦ moothee kataraa k൦ n൦  १,aagaraa ,aagaraa,251dee e vee i kaa moothee kataraa k n
ilaahaabaad,AC261_S24A261P296, 296praathamik vidyaalay lakhanapur ,lakhanapur ,lakhanapur,praathamik vidyaalay lakhanapur
aajamagadh,AC348_S24A348P223, 223praa0avi0 saraayameer pratham kaksh sam0  - ३,saraayameer ,saraayameer,praa0avi0 saraayameer pratham sam0
phaijaabaad,AC276_S24A276P034, 34praathamik vidyaalay saraayakharagee uththaree ,saraayakharagee ,saraayakharagee,praathamik vidyaalay saraayakharagee uththaree
kaasagamj,AC100_S24A100P349, 349raajakeey baalikaa intar k൉alej k0 nam0  १,kaasagamj ,kaasagamj,raajakeey baalikaa intar kalej k0 nam0
amethee,AC185_S24A185P217, 217praa0 paa0 maanamatheepur ,bhatagavaam ,bhatagavaam,praa0 paa0 maanamatheepur
kaasagamj,AC102_S24A102P284, 284praa0apaa0 patiyaalee dvitheey k0an0  3,patiyaalee ,patiyaalee,praa0apaa0 patiyaalee dvitheey k0an0
bhadoohee,AC392_S24A392P013, 13praa൦apaa൦ nibeechour boureeboojhh kaksh  १,boureeboojhh ,boureeboojhh,praaapaa nibeechour boureeboojhh
saahajahaaapur,AC135_S24A135P342," 342praathamik vidhaalay, p0 kaksh  2,ghusagavaam ",ghusagavaa ,ghusagavaa,praathamik vidhaalay p0 2ghusagavaam
ilaahaabaad,AC255_S24A255P410, 410praa0 paa0 baleepur poorvee bhaag ,baleepur ,baleepur,praa0 paa0 baleepur poorvee bhaag
baharaaich,AC286_S24A286P194, 194praa൦ paa൦-kalpeepaaraa k൦ nam൦-൩ ,kalpeepaaraa ,kalpeepaaraa,praa paakalpeepaaraa k nam
santh kabeer nagar,AC312_S24A312P298, 298praaevi0 thunihavaa kaksh samkhyaa-1 ,thuniyahavaa ,thuniyahavaa,praaevi0 thunihavaa samkhyaa1
phaijaabaad,AC276_S24A276P263, 263praathamik vidyaalay niyaajapur ,niyaajapur ,niyaajapur,praathamik vidyaalay niyaajapur
goutham buddh nagar,AC063_S24A063P054, 54patel i0akaa0 asthoulee k0an0  1,NA,NA,patel i0akaa0 asthoulee k0an0
unnaav,AC167_S24A167P124, 124jayakisaan poorv maa0avi0 chamiyaanee kamaraa nam0  ४,chamiyaanee ,chamiyaanee,jayakisaan poorv maa0avi0 chamiyaanee kamaraa nam0
barelee,AC123_S24A123P329, 329praa൦ paa൦ katakaaraman ,katakaa raman ,katakaa raman,praa paa katakaaraman
mathuraa,AC085_S24A085P322, 322praa0avi0 jhhandeepur k0 n0  1,NA,NA,praa0avi0 jhhandeepur k0 n0
kaanapur nagar,AC209_S24A209P197, 197saaradaa devee haa0 se0 skool doodavaa kaksh sam  ४,doodavaa jamoulee ,doodavaa jamoulee,saaradaa devee haa0 se0 skool doodavaa sam
lakhanaoo,AC168_S24A168P323, 323poo0 maa0 vi0 amethiyaa salemapur kaksh sam0  - 4,amethiyaa salemapur ,amethiyaa salemapur,poo0 maa0 vi0 amethiyaa salemapur sam0
gaajeepur,AC377_S24A377P350, 350praa0apaa0 paikavalee (poo.chhoor ,paikavalee ,paikavalee,praa0apaa0 paikavalee poochhoor
baliyaa,AC358_S24A358P186, 186praa0 paa0 rajamalapur oorph navaapuraa (laharaadeeh ,rajamalapur ,rajamalapur,praa0 paa0 rajamalapur oorph navaapuraa laharaadeeh
baamdaa,AC234_S24A234P318, 318praa0 vi0 amilihaa ,simhapuramaaphee ,simhapuramaaphee,praa0 vi0 amilihaa
unnaav,AC163_S24A163P006, 6jooniyar haaee skool k0asam02 gouriyaa Her ,gouriyaa kalaa ,gouriyaa kalaa,jooniyar haaee skool k0asam02 gouriyaa her
bulandasahar,AC065_S24A065P190, 190bulandasahar balavantharaay bhagavathee devee pablik skool k.nam  2,bulandasahar ,bulandasahar,bulandasahar balavantharaay bhagavathee devee pablik skool knam
maoo,AC353_S24A353P075, 75praa0apaa0 hemaee piparee ,piparee ,piparee,praa0apaa0 hemaee piparee
aajamagadh,AC347_S24A347P154, 154joo0 haa0 skool gamgaa raay (kaksh AO  - 4),aajamagadh഼ ,aajamagadh,joo0 haa0 skool gamgaa raay ao
etaa,AC104_S24A104P082, 82printis garls i0ak൉0 etaa k0anam0-൩ ,etaa ,etaa,printis garls i0ak0 etaa k0anam0
goorakhapur,AC321_S24A321P287, 287praa0 vi0 aaraajee banakat ,aaraajee banakat ,aaraajee banakat,praa0 vi0 aaraajee banakat
peeleebheeth,AC128_S24A128P067, 67haraiyayaa uph harakisanaapur ,harraiyaa urph ,harraiyaa urph,haraiyayaa uph harakisanaapur
ilaahaabaad,AC255_S24A255P407, 407poorv maadhyamik vidyaalay nadiyaanee ,nadiyaanee ,nadiyaanee,poorv maadhyamik vidyaalay nadiyaanee
bulandasahar,AC067_S24A067P300, 300gamgaavaas pahaadaa praaeemaree skool k0an0  2,gamgaavaas pahaad഼aa ,gamgaavaas pahaadaa,gamgaavaas pahaadaa praaeemaree skool k0an0
goutham buddh nagar,AC062_S24A062P222, 222mihir bhooj baalikaa i0 kaa0adaadaree k0an0  10,daadaree ,daadaree,mihir bhooj baalikaa i0 kaa0adaadaree k0an0 10
maoo,AC353_S24A353P072, 72praa0apaa0 barakoomlaa ,barakoolaa ,barakoolaa,praa0apaa0 barakoomlaa
amethee,AC185_S24A185P005, 5praaepaa0aadhanapur kaksh sam02 ,naaraa athanapur ,naaraa athanapur,praaepaa0aadhanapur sam02
baliyaa,AC363_S24A363P075, 75praa0apaa0 belaharee poorvee ,belaharee ,belaharee,praa0apaa0 belaharee poorvee
mirjaapur,AC396_S24A396P003, 3praa0avi0 bhoogaamv ,bhoogaav ,bhoogaav,praa0avi0 bhoogaamv
ambedakar nagar,AC278_S24A278P220, 220praathamik vidyaalay moohammadapur saabukapur kaksh samkhyaa-2 ,baraiyaa maaphee ,baraiyaa maaphee,praathamik vidyaalay moohammadapur saabukapur samkhyaa2
kheeree,AC141_S24A141P076, 76bajahaa m0 samkalpaa ,Phew ,phew,bajahaa m0 samkalpaa
ilaahaabaad,AC256_S24A256P069, 69goomathee intar kaalej phoolapur uththaree madhy bhaag ,phoolapur ,phoolapur,goomathee intar kaalej phoolapur uththaree madhy bhaag
baaraabamkee,AC269_S24A269P403, 403praa൦avi൦ muraleegamj p൦abhaag ,muraleegaj ,muraleegaj,praaavi muraleegamj pabhaag
phathehapur,AC238_S24A238P308, 308praa0avi0 sulthaanagadh kaksh-2 ,sulthaanagadh഼ ,sulthaanagadh,praa0avi0 sulthaanagadh kaksh2
phiroojaabaad,AC097_S24A097P151, 151siv pablik skool siv pailes chandravaar get k.n  4,phiroojaabaad ,phiroojaabaad,151siv pablik skool siv pailes chandravaar get kn
baaraabamkee,AC268_S24A268P435, 435praa0avi0 baroulee kaksh sam0  1,biroulee ,biroulee,praa0avi0 baroulee sam0
mujaphpharanagar,AC015_S24A015P052, 52dee0ae0avee0 intar k൉alij jaanasath k0anam0-27 ,jaanasath ,jaanasath,dee0ae0avee0 intar kalij jaanasath k0anam027
gaajeepur,AC373_S24A373P027, 27praa0 paa0 bahariyaabaad (poo.chhoor ,aaraajee kasbaa svaad ,aaraajee kasbaa svaad,praa0 paa0 bahariyaabaad poochhoor
haatharas,AC080_S24A080P374, 374praa0 paa0 darakaee ,darakaee ,darakaee,praa0 paa0 darakaee
goondaa,AC295_S24A295P208, 208praa0 paa0 narouraa bharraapur k0 n0  1,narouraa bharraapur ,narouraa bharraapur,praa0 paa0 narouraa bharraapur k0 n0
prathaapagadh,AC250_S24A250P160, 160praa0 vi0 devaasaa ,devaasaa ,devaasaa,praa0 vi0 devaasaa
saahajahaaapur,AC132_S24A132P024, 24praa0askool vaaraakhurd athirikth kaksh ,vaaraakhurd ,vaaraakhurd,praa0askool vaaraakhurd athirikth
saahajahaaapur,AC131_S24A131P308, 308praa0apaa0 khairapur dvitheey kaksh ,akabaraavaad urph ,akabaraavaad urph,praa0apaa0 khairapur dvitheey
maoo,AC353_S24A353P229, 229praa0apaa0 bhathiyaa p0 bhaag ,majhhouഁavaa ,majhhouavaa,praa0apaa0 bhathiyaa p0 bhaag
ilaahaabaav,AC262_S24A262P267, 267ANT ama skool kataraa kamaraa nam.-3 ,ilaahaabaad ,ilaahaabaad,267ant ama skool kataraa kamaraa nam3
barelee,AC119_S24A119P339, 339praa൦ paa൦ pahumchaa bujurg ,pahumchaa bujurg mu0 ,pahumchaa bujurg mu0,praa paa pahumchaa bujurg
haradooee,AC160_S24A160P356, 356praa൦apaa൦ behandar khurd k൦anam൦-൨ ,STAAL ,staal,praaapaa behandar khurd kanam
lakhanaoo,AC168_S24A168P130, 130poorv maa0 vi0 maal kaksh sam0-2 ,maal ,maal,poorv maa0 vi0 maal sam02
kaanapur nagar,AC210_S24A210P370, 370sree pathik i.kaalej saadh഼ k0asam0  1,NA,NA,sree pathik ikaalej saadh k0asam0
raamapur,AC036_S24A036P191, 191praathamik vidyaalay kaksh sam0-1 pajaabaa ,pajaavaa ,pajaavaa,praathamik vidyaalay sam01 pajaabaa
sulthaanapur,AC191_S24A191P367, 367praa0aevi0 ahireephiroojapur kaksh sam0  3,ahiree phiroojapur ,ahiree phiroojapur,praa0aevi0 ahireephiroojapur sam0
seethaapur,AC151_S24A151P004, 4praa0 vi0 khethamanee ,khethamanee ,khethamanee,praa0 vi0 khethamanee
aagaraa,AC088_S24A088P107," 107svaamee leelaasaah aadars simdhee rooee kee mamdee kaanan൑,  8",aagaraa ,aagaraa,svaamee leelaasaah aadars simdhee rooee mamdee kaanan
saahajahaaapur,AC133_S24A133P130, 130praa൦ paa൦ banaasadevee ,banaasadevee ,banaasadevee,praa paa banaasadevee
santh kabeer nagar,AC312_S24A312P406, 406pachaayath bhavan leduaa mahaaa kamaraa nam0  १,leduaa mahaaa ,leduaa mahaaa,pachaayath leduaa mahaaa kamaraa nam0
lakhanaoo,AC174_S24A174P107, 107krischiyan kaalej kaksh samkhyaa-5 ,lakhanaoo ,lakhanaoo,krischiyan kaalej samkhyaa5
gaajiyaabaad,AC053_S24A053P315, 315litil staar p skool indraapuree ,loonee ,loonee,litil staar skool indraapuree
gaajeepur,AC379_S24A379P167, 167praa0apaa0 daroulee (madhy ,daroulee ,daroulee,praa0apaa0 daroulee madhy
phathehapur,AC238_S24A238P114, 114praa0avi0 musaaphaa kaksh  - 2,musaaphaa ,musaaphaa,praa0avi0 musaaphaa
ambedakar nagar,AC279_S24A279P309, 309praathamik vidyaalay jagadeesapur kaadeepur ,jagadeesapur kaadeepur ,jagadeesapur kaadeepur,praathamik vidyaalay jagadeesapur kaadeepur
santh kabeer nagar,AC314_S24A314P261, 261praa0avi0athakuraadaadee ,thakuraadaadee ,thakuraadaadee,praa0avi0athakuraadaadee
itaavaa,AC200_S24A200P352, 352praa0apaa0 puraa thilak simh ,gadhaayathaa ,gadhaayathaa,praa0apaa0 puraa thilak simh
sahaaranapur,AC002_S24A002P042, 42praathamik vighaalay uththaree bhaag kamaraa nambar  -3mahesvaree kamlaa ,mahesvaree kalaa ,mahesvaree kalaa,praathamik vighaalay uththaree bhaag kamaraa nambar 3mahesvaree kamlaa
kuseenagar,AC334_S24A334P201, 201praa0apaa0 pid഼araa(ghuradaas ,pidaraa ,pidaraa,praa0apaa0 pidaraaghuradaas
aajamagadh,AC348_S24A348P083, 83praa0avi0 musthaphaabaad ,koothihaar ,koothihaar,praa0avi0 musthaphaabaad
aajamagadh,AC349_S24A349P212, 212praa0apaa0 banarahiyaa kaksh  1,NA,NA,praa0apaa0 banarahiyaa
sulthaanapur,AC188_S24A188P404, 404praa൦ vi൦ sareephapur kaksh sam൦൯ ,sareephapur ,sareephapur,praa vi sareephapur sam
kuseenagar,AC335_S24A335P337, 337praa൦ paa൦ pid഼aaree kaksh-2 ,pidaaree ,pidaaree,praa paa pidaaree kaksh2
mujaphpharanagar,AC014_S24A014P178, 178es0 dee0 k൉anvent pablik skool indraa k൉aloonee kamaraa nambar  1raamaleelaa graauamd vaalee galee mem ,mujaphpharanagar ,mujaphpharanagar,es0 dee0 kanvent pablik skool indraa kaloonee kamaraa nambar 1raamaleelaa graauamd vaalee galee mem
soonabhadr,AC400_S24A400P165, 165praathamik vidyaalay usaree khurd athirikth kaksh sthith usaree kalaam ,usareekalaam ,usareekalaam,praathamik vidyaalay usaree khurd athirikth usaree kalaam
mathuraa,AC084_S24A084P380, 380madhuvan u0amaa0 vi0 mahoolee k0anam0  5,mathuraa vrindaavan ,mathuraa vrindaavan,madhuvan u0amaa0 vi0 mahoolee k0anam0
phiroojaabaad,AC095_S24A095P384, 384u0apraa0avi0 taapaakhurd k0anam0  २,phiroojaabaad ,phiroojaabaad,u0apraa0avi0 taapaakhurd k0anam0
etaa,AC104_S24A104P180, 180d0ai0ak൉0 bharathoulee ,bharathoolee ,bharathoolee,d0ai0ak0 bharathoulee
aleegadh,AC073_S24A073P166, 166praaimaree skool saahapur kootaraa ,saahapur kootaraa ,saahapur kootaraa,praaimaree skool saahapur kootaraa
baamdaa,AC235_S24A235P253, 253poorv maa0 vi0 gumaaee kaksh sam0  - 2,gumaaee ,gumaaee,poorv maa0 vi0 gumaaee sam0
wed kabeer nagar,AC313_S24A313P348, 348jee0apee0aes0 i0akaa൦ khaleelaabaad kamaraa nam0  २,khaleelaabaad ,khaleelaabaad,jee0apee0aes0 i0akaa khaleelaabaad kamaraa nam0
ilaahaabaad,AC263_S24A263P233, 233ke0apee൦ garls intar kaalej kamalaa neharu rood kaksh sam൦-4 ,ilaahaabaad ,ilaahaabaad,ke0apee garls intar kaalej kamalaa neharu rood sam4
baamdaa,AC235_S24A235P266, 266janathaa intar kaalej khurahand ,khurahamd ,khurahamd,janathaa intar kaalej khurahand
ambedakar nagar,AC277_S24A277P181, 181praathamik vidyaalay jarookhaa uththaree ,prarathaapapur chamurkhaa ,prarathaapapur chamurkhaa,praathamik vidyaalay jarookhaa uththaree
goorakhapur,AC320_S24A320P313, 313pamchaayath bhavan rasulapur chakiyaa ,rasoolapur chakiyaa ,rasoolapur chakiyaa,pamchaayath rasulapur chakiyaa
etaa,AC104_S24A104P377, 377praa0apaa0 kamgaroul k0an0  ९,kamgaroul ,kamgaroul,praa0apaa0 kamgaroul k0an0
raay barelee,AC183_S24A183P342, 342patteerahas kaithaval ,pattee rahas kethaval ,pattee rahas kethaval,patteerahas kaithaval
vaaraanasee,AC386_S24A386P176, 176be0apraa0apaa0 milkoopur k0asam0  1,koochee ,koochee,be0apraa0apaa0 milkoopur k0asam0
saamalee,AC009_S24A009P062, 62praaimaree paathasaalaa k0 n0  1daragaahapur ,daragaahapur ,daragaahapur,praaimaree paathasaalaa k0 n0 1daragaahapur
baaraabamkee,AC266_S24A266P141, 141praa0 vi0 asoohanaa kaksh sam0  ९,asoohanaa ,asoohanaa,praa0 vi0 asoohanaa sam0
raamapur,AC035_S24A035P014, 14praathamik vidyaalay vijnjadaa ,bijhhadaa ,bijhhadaa,praathamik vidyaalay vijnjadaa
baagapath,AC050_S24A050P003, 3praaeemaree paathasaalaa nambar  01kamaraa nam0 03ataandaa ,taandaa ,taandaa,praaeemaree paathasaalaa nambar 01kamaraa nam0 03ataandaa
peeleebheeth,AC130_S24A130P354, 354gyaasapur ,beesalapur ,beesalapur,gyaasapur
baaraabamkee,AC270_S24A270P262, 262praa.vi raamapur raayasaahab k.n.1 ,raamapur raayasaahab ,raamapur raayasaahab,praavi raamapur raayasaahab kn1
aleegadh,AC077_S24A077P157, 157praaimaree skool goundaa k0anam0  1,nagalaa darabar ,nagalaa darabar,praaimaree skool goundaa k0anam0
saahajahaaapur,AC135_S24A135P052, 52praa0 skool bilariyaa ,vasuthriyaa ,vasuthriyaa,praa0 skool bilariyaa
siddhaarthanagar,AC304_S24A304P213, 213gamgulee ,NA,NA,gamgulee
aleegadh,AC075_S24A075P122," 122e em yoo aamdhoo kaa skool kilaa rood, kamaraa n0-3 ",aleegadh഼ ,aleegadh,122e em yoo aamdhoo skool kilaa rood kamaraa n03
ambedakar nagar,AC278_S24A278P311, 311praathamik vidyaalay aroosaa aajamapur ,aroosaa aajamapur ,aroosaa aajamapur,praathamik vidyaalay aroosaa aajamapur
barelee,AC121_S24A121P014, 14praa൦ paa൦ navadiyaa majaraa akhthyaarapur k0anam0൧ ,akhthyaarapur navadiyaa ,akhthyaarapur navadiyaa,praa paa navadiyaa majaraa akhthyaarapur k0anam0
gaajiyaabaad,AC053_S24A053P152, 152prakaas maardan p skool lakshmee gaarden ,loonee ,loonee,prakaas maardan skool lakshmee gaarden
phiroojaabaad,AC098_S24A098P362, 362praa0apaa0 n0apiparaanee k0an01 ,harihaa ,harihaa,praa0apaa0 n0apiparaanee k0an01
mirjaapur,AC399_S24A399P036, ३praa0avi0 laalaapur ,raamachandarapur ,raamachandarapur,praa0avi0 laalaapur
badaayoom,AC116_S24A116P228, 228praa0 vidhaalay malalaamaee k0anam01 ,khiriyaa vaakarapur ,khiriyaa vaakarapur,praa0 vidhaalay malalaamaee k0anam01
prathaapagadh,AC244_S24A244P257, 257praa0avi0amaneepur kaksh sam൦  1,maroohaar ,maroohaar,praa0avi0amaneepur sam
bulandasahar,AC070_S24A070P251, 251khurjaa sree seth gamgaasaagar jatiyaa poulitaikanik uththaree bhaag k.n.4 ,khurjaa ,khurjaa,khurjaa sree seth gamgaasaagar jatiyaa poulitaikanik uththaree bhaag kn4
saahajahaaapur,AC136_S24A136P298, 298praa0 skool guladaa urph nougavaam ,guladaa urph nougamvaa ,guladaa urph nougamvaa,praa0 skool guladaa urph nougavaam
kheeree,AC142_S24A142P013, 13saidharee ,saidharee ,saidharee,saidharee
goutham buddh nagar,AC063_S24A063P278, 278praa0 skool raamapur baamgar k0anam0  १,raamapur baamgar ,raamapur baamgar,praa0 skool raamapur baamgar k0anam0
raamapur,AC034_S24A034P136, 136praathamik vidyaalay dhanouree ditheey kaksh sam0-1 ,dhanouree ,dhanouree,praathamik vidyaalay dhanouree ditheey sam01
vaaraanasee,AC387_S24A387P355, 355praa0apaa0 roohaniyaam k0asam02 ,goovindapur ,goovindapur,praa0apaa0 roohaniyaam k0asam02
mahaaraajagamj,AC316_S24A316P243, 243praa0 paa0 mudalee nayaa bhavan ,raajapur we ,raajapur we,praa0 paa0 mudalee nayaa
aagaraa,AC089_S24A089P047, 47sundar laal uchchathar maa൦ vighaalay saaradaa vihaar boodalaa kann൦  3,aagaraa ,aagaraa,sundar laal uchchathar maa vighaalay saaradaa vihaar boodalaa kann
haapud,AC058_S24A058P210, 210praathamik vidhaalay bajhhaidaa kalaa kamaraa n0  5,bajhhedaakalaa ,bajhhedaakalaa,praathamik vidhaalay bajhhaidaa kalaa kamaraa n0
ambedakar nagar,AC279_S24A279P198, 198praathamik vidyaalay hathinaalaalaa ,hathinaalaalaa ,hathinaalaalaa,praathamik vidyaalay hathinaalaalaa
bulandasahar,AC065_S24A065P192, 192bulandasahar san‍th aathmaa raam aikedamik skool hams vihaar k.nam  1,bulandasahar ,bulandasahar,bulandasahar santh aathmaa raam aikedamik skool hams vihaar knam
aajamagadh,AC351_S24A351P312, 312islaamiyaa skool katoulee bujurg kaksh-1 ,aelelt Sat ,aelelt sat,islaamiyaa skool katoulee bujurg kaksh1
seethaapur,AC145_S24A145P371, 371praa0avi0 haajeepur k0anam0-2 ,haajeepur ,haajeepur,praa0avi0 haajeepur k0anam02
baliyaa,AC360_S24A360P073, 73raa0 kanyaa praa0apaa0 gad഼avaar ,gad഼avaar ,gadavaar,raa0 kanyaa praa0apaa0 gadavaar
ilaahaabaad,AC259_S24A259P258, 258praa0avi0 barahaa kalaa paschimee bhaag ,Rel Hol ,rel hol,praa0avi0 barahaa kalaa paschimee bhaag
kousaambee,AC252_S24A252P103, 103praa.vi sahaabanapur ,pindaraa sahaabanapur ,pindaraa sahaabanapur,praavi sahaabanapur
phiroojaabaad,AC096_S24A096P304, 304praapaa.jhhapaaraa k s  2,jhhapaaraa ,jhhapaaraa,praapaajhhapaaraa
peeleebheeth,AC130_S24A130P056, 56nageepur akhoolaa ,nageepur akhoooulaa ,nageepur akhoooulaa,nageepur akhoolaa
chandoulee,AC380_S24A380P054, 54n0apaa0ai0akaa0amugalasaraay kaksh sam൦൨ ,mugalasaraay ,mugalasaraay,n0apaa0ai0akaa0amugalasaraay sam
gaajiyaabaad,AC054_S24A054P159, 159praa0aevi0 badakaa aariphapur ,bad഼akaa aariphapur ,badakaa aariphapur,praa0aevi0 badakaa aariphapur
mahoobaa,AC231_S24A231P286, 286j0ai0akaa0 kulapahaad kaksh sam0  ४,kulapahaad ,kulapahaad,j0ai0akaa0 kulapahaad sam0
seethaapur,AC150_S24A150P177, 177praa0avi0 eeamtagaamv k0an0  2,eeamtagaaഁav ,eeamtagaaav,praa0avi0 eeamtagaamv k0an0
basthee,AC309_S24A309P379, 379praathamik vidyaalay kudiyaabaajaar pachaareekalaa paschimee ,pachaaree kalaa ,pachaaree kalaa,praathamik vidyaalay kudiyaabaajaar pachaareekalaa paschimee
peeleebheeth,AC128_S24A128P201, 201pamdaree khamariyaa ,pamdaree khamariyaa ,pamdaree khamariyaa,pamdaree khamariyaa
gaajeepur,AC376_S24A376P157, 157u0amaa0 vi0 mahamudapur ,baluaa thaa0 hasenapur ,baluaa thaa0 hasenapur,u0amaa0 vi0 mahamudapur
kannouj,AC196_S24A196P478, 478pamchaayathaghar majhhapurvaa ,majhhapurvaa ,majhhapurvaa,pamchaayathaghar majhhapurvaa
baliyaa,AC359_S24A359P133, 133praa0apaa0 purooshooththimapattee poo0 ,purushooththam patatee ,purushooththam patatee,praa0apaa0 purooshooththimapattee poo0
baaraabamkee,AC268_S24A268P004, 4praa0avi0 daaudapur kaksh sam0  2,daaudapur ,daaudapur,praa0avi0 daaudapur sam0
lakhanaoo,AC175_S24A175P269, 269praathamik vidyaalay udayagamj khatikaanaa kaksh sam0  1,AdAD ,adad,praathamik vidyaalay udayagamj khatikaanaa sam0
siddhaarthanagar,AC306_S24A306P447, 447saad഼eekhurd ,NA,NA,saadeekhurd
maoo,AC355_S24A355P112, 112praa0 paa0 k‍yaamapur ,muhammadaabaad goohanaa ,muhammadaabaad goohanaa,praa0 paa0 kyaamapur
vaaraanasee,AC386_S24A386P200, 200be0apraae0apaa0 ukathee k0asam0  2,ukathee ,ukathee,be0apraae0apaa0 ukathee k0asam0
baamdaa,AC234_S24A234P376, 376poorv maa0 vi0 theraa (b ,theraa (b ,theraa b,poorv maa0 vi0 theraa
mujaphpharanagar,AC011_S24A011P111, 111praathamik vidhaalay n0  2sapheepur patatee budhaanaa dehaath k0an0  2,sapheepur patatee ,sapheepur patatee,praathamik vidhaalay n0 2sapheepur patatee budhaanaa dehaath k0an0
saahajahaaapur,AC132_S24A132P349, 349praa0apaa൦ aaphis mem sadak ke kinaare baag alhaagamj kaksh-൨ ,alhaagamj ,alhaagamj,praa0apaa aaphis mem sadak kinaare baag alhaagamj kaksh
itaavaa,AC201_S24A201P132, 132praa0 paa0 hathanoulee ,hathanoulee ,hathanoulee,praa0 paa0 hathanoulee
peeleebheeth,AC130_S24A130P179, 179aaandaah ,andahaa ,andahaa,aaandaah
santh kabeer nagar,AC312_S24A312P245, 245praa0avi0 durgajooth kaksh samkhyaa-2 ,old ,old,praa0avi0 durgajooth samkhyaa2
aajamagadh,AC345_S24A345P217, 217sreesathyasevaa baa0 i0 kaa0 maalataaree kaksh sam0  २,barakoothaa ,barakoothaa,sreesathyasevaa baa0 i0 kaa0 maalataaree sam0
phararookhaabaad,AC195_S24A195P244, 244sekhapur roosthamapur ,saikhapur roosthamapur ,saikhapur roosthamapur,sekhapur roosthamapur
auraiyaa,AC202_S24A202P108, 108praa0avi൦ dhanavaalee poo൦ ,dhanavaalee ,dhanavaalee,praa0avi dhanavaalee poo
bijanour,AC017_S24A017P095, 95poo0amaa0avi0 mandaavalee kaksh nam൦  1,mandaavalee ,mandaavalee,poo0amaa0avi0 mandaavalee nam
etaa,AC104_S24A104P311, 311praa0apaa0 sarajanapur ,sarajanapur ,sarajanapur,praa0apaa0 sarajanapur
gaajeepur,AC376_S24A376P104, 104praa0 paa0 goovindapurakeerath (poo0 chhoor  ),goovindapur keerath ,goovindapur keerath,praa0 paa0 goovindapurakeerath poo0 chhoor
sulthaanapur,AC187_S24A187P364, 364praa൦avi൦ chandelepur ,devaraahar ,devaraahar,praaavi chandelepur
siddhaarthanagar,AC305_S24A305P134, 134ganavariyaa ,NA,NA,ganavariyaa
NA,AC277_S24A277P235, 235khemaraaj intar kaalej khemaapur kaksh samkhyaa-1 ,NA,NA,khemaraaj intar kaalej khemaapur samkhyaa1
baliyaa,AC363_S24A363P303, 303joo0ahaa0askool soobhaachhaparaa poorvee ,ibraahimaabaad uparavaar ,ibraahimaabaad uparavaar,joo0ahaa0askool soobhaachhaparaa poorvee
aajamagadh,AC351_S24A351P044, 44praa0avi൦ baravaam ,chakabaravaa remesagiree ,chakabaravaa remesagiree,praa0avi baravaam
haradooee,AC156_S24A156P187, 187k“൦ajoo൦ahaa൦ haradevagamj k൦n൦  ०९,haradooee ,haradooee,kajooahaa haradevagamj kn
badaayoom,AC114_S24A114P136, 136praa0 vi0 vaagarapur saagarapur k0anam0  1,baagarapur saagarapur ,baagarapur saagarapur,praa0 vi0 vaagarapur saagarapur k0anam0
raay barelee,AC180_S24A180P337, 337loodhavaaree ,loodhavaaree ,loodhavaaree,loodhavaaree
goorakhapur,AC324_S24A324P369, 369praa0avi0adevadaarathulaa ,devaraadathulaa ,devaraadathulaa,praa0avi0adevadaarathulaa
prathaapagadh,AC248_S24A248P196, 196praa൦ vi൦ dabepur k൦ Fo  1,sarooaaamvaa ,sarooaaamvaa,praa vi dabepur k fo
etaa,AC103_S24A103P105, 105praa0apaa൦ lakhanapuraa m൦ kachhiyaavaadaa ,kachhiyaavaadaa ,kachhiyaavaadaa,praa0apaa lakhanapuraa m kachhiyaavaadaa
aajamagadh,AC352_S24A352P409, 409praa0avi0 bahaloolapur ,bahaloolapur ,bahaloolapur,praa0avi0 bahaloolapur
saahajahaaapur,AC134_S24A134P028, 28praaepaa0 navadiyaa daaroodagaraa ,navadiyaa daroodagaraa ,navadiyaa daroodagaraa,praaepaa0 navadiyaa daaroodagaraa
phaijaabaad,AC275_S24A275P250, 250praathamik vidyaalay mirjaapur dharmapur ,dharmapur sahaadath ,dharmapur sahaadath,praathamik vidyaalay mirjaapur dharmapur
chithrakoot,AC236_S24A236P119, 119praathamik vidyaalay agarahandaa madhy bhaag ,agarahamdaa ,agarahamdaa,praathamik vidyaalay agarahandaa madhy bhaag
gaajeepur,AC378_S24A378P034, 34praa0apaa0 hassepur koothiyaa (p.chhoor ,hassepur koothiyaam ,hassepur koothiyaam,praa0apaa0 hassepur koothiyaa pchhoor
aagaraa,AC087_S24A087P128, 128samth kabeer intar kaalej khvaasapuraa k0 n0  2,aagaraa ,aagaraa,samth kabeer intar kaalej khvaasapuraa k0 n0
ilaahaabaad,AC257_S24A257P114, 114praathamik vidyaalay pyaarepur uth0abhaag ,badanapur ,badanapur,praathamik vidyaalay pyaarepur uth0abhaag
unnaav,AC166_S24A166P172, 172praa൦ paa൦ bhaisaee kooyal ,bhaisaeekooyal ,bhaisaeekooyal,praa paa bhaisaee kooyal
haradooee,AC159_S24A159P440, 440praa0apaa൦ pan‍nyoodee ,NA,NA,praa0apaa pannyoodee
raamapur,AC035_S24A035P274, 274uchch praathamik vidyaalay sanaeeyaa ahamad ,sanaeeyaa ahamad ,sanaeeyaa ahamad,uchch praathamik vidyaalay sanaeeyaa ahamad
bijanour,AC019_S24A019P296, 296praa0avi0 sivapuree kaksh s൦  १,sivapuree ,sivapuree,praa0avi0 sivapuree s
haradooee,AC160_S24A160P276, 276praa൦apaa൦ jnjaanapur kannam൦-൨ ,NA,NA,praaapaa jnjaanapur kannam
kaanapur nagar,AC210_S24A210P342, 342praa.paa behataa gambheerapur k0asam0  1,NA,NA,praapaa behataa gambheerapur k0asam0
gaajiyaabaad,AC057_S24A057P171, 171dayaavathee moodee kanyaa joo0 haa0 skool daleep paark ,moodeenagar ,moodeenagar,dayaavathee moodee kanyaa joo0 haa0 skool daleep paark
basthee,AC309_S24A309P169, 169praathamik vidyaalay banatikaraa paschimee ,banatikaraa ,banatikaraa,praathamik vidyaalay banatikaraa paschimee
balaraamapur,AC293_S24A293P069, 69praa0apaa൦ saahapur itaee athi൦ kaksh ,saahapur itaee ,saahapur itaee,praa0apaa saahapur itaee athi
ambedakar nagar,AC278_S24A278P236, 236sree raam naraayan uchch maadhyamik vidyaalay phoolapur uththaree kaksh ,ajamereebaadasaahapur ,ajamereebaadasaahapur,sree raam naraayan maadhyamik vidyaalay phoolapur uththaree
ilaahaabaad,AC255_S24A255P083, 83praathamik vidyaalay basaded഼ayaa ,basadedayaa ,basadedayaa,praathamik vidyaalay basadedayaa
saamalee,AC008_S24A008P305, 305jooniyar haaee skool k0 n0  3dadhudhaar ,gan ,gan,jooniyar haaee skool k0 n0 3dadhudhaar
barelee,AC120_S24A120P296, 296joo൦ glo teat maimoor k0 n0  २,maimoor ,maimoor,296joo glo teat maimoor k0 n0
mahoobaa,AC230_S24A230P212, 212akhand iam൦agkaa൦ kabaraee kaksh sam൦  -7,kabaraee ,kabaraee,akhand iamagkaa kabaraee sam
sraavasthee,AC289_S24A289P124, 124bhamgahaa ,bhamgahaa ,bhamgahaa,bhamgahaa
aleegadh,AC072_S24A072P042, 42intar k൉alej k0an0  1visaaraa ,bisaaraa ,bisaaraa,intar kalej k0an0 1visaaraa
haradooee,AC161_S24A161P120, 120k.joo.haa.skool.begamagamj kamaraa nam൦2 ,bagamagaj ,bagamagaj,kjoohaaskoolbegamagamj kamaraa nam2
chithrakoot,AC237_S24A237P226, 226praathamik vidyaalay aravaaraa ,aravaaraa ,aravaaraa,praathamik vidyaalay aravaaraa
sulthaanapur,AC189_S24A189P330, 330praa0avi0 moothigarapur kaksh sam0  १?,Alfa ,alfa,praa0avi0 moothigarapur sam0
seethaapur,AC149_S24A149P022, 22praaevi0 saahajalaalapur k0 nam0  2,saahajalaalapur ,saahajalaalapur,praaevi0 saahajalaalapur k0 nam0
lakhanaoo,AC170_S24A170P267, 267poorv maadhyamik vidyaalay maathee kaksh-2 ,Ald ,ald,poorv maadhyamik vidyaalay maathee kaksh2
ilaahaabaad,AC256_S24A256P052, 52jooniyar haaee skool kuthubapattee urph yaahiyaapur poorvee bhaag ,kuthubapatatee urph ,kuthubapatatee urph,jooniyar haaee skool kuthubapattee urph yaahiyaapur poorvee bhaag
goondaa,AC298_S24A298P027, 27kanyaa uchchathar maadhyamik vidyaalay k൦ n൦  1karanailagamj ,karanailagamj ,karanailagamj,kanyaa uchchathar maadhyamik vidyaalay k n 1karanailagamj
merath,AC049_S24A049P369, 369ke0ael0ai0anai0ap0askal jaagrathi vihaar k0anam0-4 ,ANS ,ans,ke0ael0ai0anai0ap0askal jaagrathi vihaar k0anam04
ilaahaabaad,AC258_S24A258P164, 164praathamik vidyaalay jaithaapur u൦ bhaag ,jaithaapur ,jaithaapur,praathamik vidyaalay jaithaapur u bhaag
aleegadh,AC073_S24A073P171, 171praaimaree FRA deenaapur k൦anam൦  १,deenaapur ,deenaapur,praaimaree fra deenaapur kanam
bijanour,AC023_S24A023P327, 327praa൦avi൦ thamgaraalaa ,thamgadoulaa ,thamgadoulaa,praaavi thamgaraalaa
jaaloun,AC219_S24A219P412, 412praaimaree skool barasesee ,varasesee ,varasesee,praaimaree skool barasesee
siddhaarthanagar,AC302_S24A302P190, 190imaliyaa janoobee ,NA,NA,imaliyaa janoobee
sahaaranapur,AC007_S24A007P081, 81praathamik vighaayal raniyaalaa dayaalapur nayaa bhavan kamaraa n൦-1 raniyaalaa dayaalapur ,raniyaalaa dayaalapur ,raniyaalaa dayaalapur,praathamik vighaayal raniyaalaa dayaalapur nayaa kamaraa n1 raniyaalaa dayaalapur
ilaahaabaad,AC262_S24A262P096, 96eesvar saran intar kaalej jooniyar seksan chaamdapur salooree kamaraa nam.-8 ,ilaahaabaad ,ilaahaabaad,eesvar saran intar kaalej jooniyar seksan chaamdapur salooree kamaraa nam8
vaaraanasee,AC385_S24A385P287, 287praa0apaa0 rajalaa k0asam0  2,chakadagarahaa ,chakadagarahaa,praa0apaa0 rajalaa k0asam0
bulandasahar,AC067_S24A067P191, 191dabakooouraa praaeemaree skool ,dabakouraa ,dabakouraa,dabakooouraa praaeemaree skool
mujaphpharanagar,AC011_S24A011P042, 42praathamik vidhaalay n02 paraasoulee k0an0  1,paraasoulee ,paraasoulee,praathamik vidhaalay n02 paraasoulee k0an0
gaajiyaabaad,AC057_S24A057P072, 72praa0 vi0 bisaa»akhar ,bisookhar ,bisookhar,praa0 vi0 bisaaakhar
kaanapur nagar,AC210_S24A210P302, 302praa skool gadh഼ee narval kaksh sam0  1,NA,NA,praa skool gadhee narval sam0
saahajahaaapur,AC135_S24A135P232," 232thakshasilraa pablik skool, kaksh sam0  4,bijaleepuraa ",saahajahaampur ,saahajahaampur,thakshasilraa pablik skool sam0 4bijaleepuraa
garaget,AC068_S24A068P012, 12harachandapur praaeemaree skool ,harachandapur ,harachandapur,harachandapur praaeemaree skool
amethee,AC186_S24A186P287, 287raa0ai0akaa0ateekaramaapheekakshasam03 ,teekaramaaphee ,teekaramaaphee,raa0ai0akaa0ateekaramaapheekakshasam03
auraiyaa,AC202_S24A202P201, 201pamchaayath ghar pusoulee ,Yale ,yale,pamchaayath pusoulee
phathehapur,AC238_S24A238P058, 58praa0avi0 haaphijapur harakaran ,chak haaphijapur ,chak haaphijapur,praa0avi0 haaphijapur harakaran
ilaahaabaad,AC261_S24A261P422, 422praathamik vidyaalay abdul bahaavapur urph baravaa ,bhagavathapur ,bhagavathapur,praathamik vidyaalay abdul bahaavapur urph baravaa
unnaav,AC164_S24A164P070, 70kanyaa praa0apaa0 bayaareegaamv k0as0  2,bayaareegaamv ,bayaareegaamv,kanyaa praa0apaa0 bayaareegaamv k0as0
phiroojaabaad,AC099_S24A099P187, 187praa.paa.saahapur ,saahapur ,saahapur,praapaasaahapur
baliyaa,AC360_S24A360P031, 31praa0apaa0 pachakhooraa kalaam (d0 ,pachakhaaooraakalaam ,pachakhaaooraakalaam,praa0apaa0 pachakhooraa kalaam d0
peeleebheeth,AC128_S24A128P101, 101mudailaa kalaam ,mudailaa kalaam mu0 ,mudailaa kalaam mu0,mudailaa kalaam
bulandasahar,AC064_S24A064P338, 338thaalabapur urph kanakapur praaeemaree skool k.n൑  1,thaalibapur oorph ,thaalibapur oorph,thaalabapur urph kanakapur praaeemaree skool kn
phathehapur,AC238_S24A238P275, 275praa0avi0 chiharapur ,chihrirapur ,chihrirapur,praa0avi0 chiharapur
bijanour,AC018_S24A018P398, 398praa൦avi0akasbaa kootaraa kaksh sam03 ,kasbaa kootaraa ,kasbaa kootaraa,praaavi0akasbaa kootaraa sam03
unnaav,AC164_S24A164P071, 71praaepaa0 hasanapur paschim baav k0anam0  1,hasanapur p0 baav ,hasanapur p0 baav,praaepaa0 hasanapur paschim baav k0anam0
santh kabeer nagar,AC314_S24A314P123, 123praa0avi0amaravatiyaa ,maravatiyaa ,maravatiyaa,praa0avi0amaravatiyaa
sulthaanapur,AC187_S24A187P246, 246praanavi൦ neerasahiyaa ,nirasihayaa ,nirasihayaa,praanavi neerasahiyaa
ilaahaabaad,AC263_S24A263P115, 115em0ael0akaanvemt skool karailaabaag kaksh sam-6 ,ilaahaabaad ,ilaahaabaad,em0ael0akaanvemt skool karailaabaag sam6
phiroojaabaad,AC095_S24A095P192, 192praa0avi0 usaayanee k0anam0  २,usaayanee ,usaayanee,praa0avi0 usaayanee k0anam0
baaraabamkee,AC270_S24A270P200, 200praa0 vi0 mamgaroumdaa athirikth kaksh ,magaraaoumdaa ,magaraaoumdaa,praa0 vi0 mamgaroumdaa athirikth
gaajeepur,AC374_S24A374P022, 22praa൦avi൦ sounaa poo൦achhoor ,sounaa ,sounaa,praaavi sounaa pooachhoor
mahoobaa,AC230_S24A230P017, 17poo൦amaa൦avi൦ atharaaramaaph kaksh sam൦-2 ,atharaaramaaph ,atharaaramaaph,pooamaaavi atharaaramaaph sam2
aleegadh,AC075_S24A075P150," 150dee e vee i kaa jee tee rood, kamaraa n0-൨ ",aleegadh഼ ,aleegadh,150dee vee jee tee rood kamaraa n0
bijanour,AC017_S24A017P098, 98praanavi൦0 manavalee kaksh nam0  2,mandaavalee ,mandaavalee,praanavi0 manavalee nam0
lakhanaoo,AC170_S24A170P201, 201praathamik vidyaalay daroogaakhedaa kaksh sam0  2,meeraanapur pinavat ,meeraanapur pinavat,praathamik vidyaalay daroogaakhedaa sam0
bijanour,AC023_S24A023P230, 230praa൦avi൦ baastaa kaksh  २,beebeepuraa ,beebeepuraa,praaavi baastaa
jaaloun,AC220_S24A220P284, 284naveen jooniyar haaee skool sadar baajaar kaalapee ,kaalapee ,kaalapee,naveen jooniyar haaee skool sadar baajaar kaalapee
phiroojaabaad,AC097_S24A097P079, 79praa൦ paathasaalaa seesagraan k൦ Aor ,phiroojaabaad ,phiroojaabaad,praa paathasaalaa seesagraan k aor
haapud,AC059_S24A059P105, 105saanthi nikethan joo0 haa0 skool haapud k0an0  3,eas ,eas,saanthi nikethan joo0 haa0 skool haapud k0an0
sahaaranapur,AC006_S24A006P190, 190praathamik vidhaalay kamaraa nambar  1amboolee ,amboolee ,amboolee,praathamik vidhaalay kamaraa nambar 1amboolee
aajamagadh,AC344_S24A344P308, 308praa0 vi0 siyarahaa kaksh sam0  2,bhaisoud഼aa ,bhaisoudaa,praa0 vi0 siyarahaa sam0
prathaapagadh,AC244_S24A244P203, 203praa0avi0agoodavaa kaksh sam൦  2,goodavaa ,goodavaa,praa0avi0agoodavaa sam
gaajiyaabaad,AC055_S24A055P444, 444kisan laal hindan p0 skool sarasvathee vihaar khoodaa ,khoodaa ,khoodaa,kisan laal hindan p0 skool sarasvathee vihaar khoodaa
gaajiyaabaad,AC053_S24A053P399, 399poo.maa.vi baagaraanap ,loonee ,loonee,poomaavi baagaraanap
gaajeepur,AC373_S24A373P163, 163praa0apaa0 jalaalaabaad poo0 chhoor ,jalaalaabaad ,jalaalaabaad,praa0apaa0 jalaalaabaad poo0 chhoor
mainapuree,AC110_S24A110P378, 378praa0 paa0 akabarapur auchhaa kaksh samkhyaa  2,akabarapur auchhaa ,akabarapur auchhaa,praa0 paa0 akabarapur auchhaa samkhyaa
badaayoom,AC113_S24A113P133, 133janathaa haaee skool poorvee bhaag khanduaa k0an0  1,khanduaa b ,khanduaa b,janathaa haaee skool poorvee bhaag khanduaa k0an0
baliyaa,AC361_S24A361P146, 146lakshmee raajadevee i0 kaa0 baliyaa (m0 ,baliyaa ,baliyaa,lakshmee raajadevee i0 kaa0 baliyaa m0
kannouj,AC196_S24A196P307, 307praa0apaa0 tikuriyan ,NA,NA,praa0apaa0 tikuriyan
aagaraa,AC088_S24A088P068," 68nyoo san phaloovar i,kaa, aleepur aajamam paadaa dourethaa rood k,nam,  ८",aagaraa ,aagaraa,nyoo san phaloovar ikaa aleepur aajamam paadaa dourethaa rood knam
aagaraa,AC091_S24A091P268, 268poo0 maa0 vi0 kachouraa k0 nam0  3,kachouraa ,kachouraa,poo0 maa0 vi0 kachouraa k0 nam0
sulthaanapur,AC191_S24A191P201, 201kanyaa praa0avi0 dasagarapaaraa kaksh sam0  1,dasagarapaaraa ,dasagarapaaraa,kanyaa praa0avi0 dasagarapaaraa sam0
vaaraanasee,AC385_S24A385P308, 308joo0ahaa0askool garathoulee k0asam01 ,garathoulee ,garathoulee,joo0ahaa0askool garathoulee k0asam01
aagaraa,AC089_S24A089P105, 105jee൦adee൦ pablik skool nagalaa ajeethaa kan൦ann൦  4,aagaraa ,aagaraa,jeeadee pablik skool nagalaa ajeethaa kanann
kaanapur nagar,AC210_S24A210P259, 259praa skool teekaramaghaee k0asam0  1,teekar maghaee ,teekar maghaee,praa skool teekaramaghaee k0asam0
gaajeepur,AC374_S24A374P390, 390praa൦avi൦ baasoochak d൦achhoor ,baasuchak ,baasuchak,praaavi baasoochak dachhoor
siddhaarthanagar,AC306_S24A306P448, 448pathed഼avaa ,NA,NA,pathedavaa
baharaaich,AC287_S24A287P145, 145praa0apaa൦ kaluee kam0anam൦-1 ,kaluee ,kaluee,praa0apaa kaluee kam0anam1
goondaa,AC299_S24A299P238, 238praaimaree paathasaalaa poo0 bhaag rethaadalasimh ,rethaadal simh ,rethaadal simh,praaimaree paathasaalaa poo0 bhaag rethaadalasimh
ilaahaabaad,AC262_S24A262P150, 150raajakeey kaarapentree skool nyoo kataraa kamaraa nam.-7 ,ilaahaabaad ,ilaahaabaad,raajakeey kaarapentree skool nyoo kataraa kamaraa nam7
siddhaarthanagar,AC302_S24A302P368, 368kulamgavaapur ,NA,NA,kulamgavaapur
aajamagadh,AC344_S24A344P280, 280joo0 haa0 skool ismaailapur gooriyaa ,ismaailapur gooriyaa ,ismaailapur gooriyaa,joo0 haa0 skool ismaailapur gooriyaa
goorakhapur,AC323_S24A323P332, 332joo0 haa0 skool jam0 raamagadh oorph rajaheek0anam02 ,jam0athinakooniyaa nam03 ,jam0athinakooniyaa nam03,joo0 haa0 skool jam0 raamagadh oorph rajaheek0anam02
raay barelee,AC183_S24A183P264, 264svaiyaadhanee ,svaiyaadhanee ,svaiyaadhanee,svaiyaadhanee
barelee,AC122_S24A122P123, 123praa0 paa0 sabdalapur ee0 jedh഼ ,sabdalapur i0 jed ,sabdalapur i0 jed,praa0 paa0 sabdalapur ee0 jedh
barelee,AC118_S24A118P193, 193praaevi൦ sakaras k0an0  ३,sakaras ,sakaras,praaevi sakaras k0an0
kaanapur nagar,AC209_S24A209P451, 451praa paa banee kaksh sam൦  १,banee ,banee,praa paa banee sam
barelee,AC119_S24A119P028, 28praa൦ paa൦ k൦anam൦  2jaapharapur ,jaapharapur ,jaapharapur,praa paa kanam 2jaapharapur
chandoulee,AC383_S24A383P294, 294pamchaayath bhavan bashaathee ,basaadadhee ,basaadadhee,pamchaayath bashaathee
devariyaa,AC342_S24A342P167, 167praa൦avi൦avaadeepur ,baadeepur ,baadeepur,praaaviavaadeepur
mathuraa,AC085_S24A085P287, 287praa0avi0 nagalaa raadhe kamjoolee ghaat ,heoilell ghaatabaagar ,heoilell ghaatabaagar,praa0avi0 nagalaa raadhe kamjoolee ghaat
merath,AC049_S24A049P321, 321praa0 vi0 kaajeepur k0anam0-1 ,merath ,merath,praa0 vi0 kaajeepur k0anam01
kuseenagar,AC335_S24A335P258, 258durgaa u൦ maa൦ vi൦ khootahee kaksh-2 ,khootahee ,khootahee,durgaa u maa vi khootahee kaksh2
balaraamapur,AC293_S24A293P064, 64praa0apaa൦ thakhtharavaa k0anam0  2,thakhtharavaa ,thakhtharavaa,praa0apaa thakhtharavaa k0anam0
muraadaabaad,AC027_S24A027P209, 209aadars graameen vidyaalay harathalaa kaksh-1 ,muraadaabaad ,muraadaabaad,aadars graameen vidyaalay harathalaa kaksh1
gaajiyaabaad,AC054_S24A054P442, 442kisaan aardas haa0 s൒0 skool saahapur bamhaitaa ,gaajiyaabaad ,gaajiyaabaad,kisaan aardas haa0 s0 skool saahapur bamhaitaa
seethaapur,AC150_S24A150P263, 263praa0avi0 patanee k0an0  1,patanee ,patanee,praa0avi0 patanee k0an0
aagaraa,AC092_S24A092P046, 46vee.en.sarsaph.intar kaalej jaganer poorvee bhaagak.n.2 ,jaganer ,jaganer,veeensarsaphintar kaalej jaganer poorvee bhaagakn2
baharaaich,AC286_S24A286P103, 103raa0abaa0avi൦-kaajeepuraa k0anam൦-൩ ,baharaaich ,baharaaich,raa0abaa0avikaajeepuraa k0anam
aajamagadh,AC344_S24A344P221, 221praa0 vi0 aakhaapur kaksh sam0  1,aakhaapur ,aakhaapur,praa0 vi0 aakhaapur sam0
baaraabamkee,AC268_S24A268P170, 170praa0avi0 khajooragaamv kamaraa nam0  2,khajooragaaഁav ,khajooragaaav,praa0avi0 khajooragaamv kamaraa nam0
bijanour,AC018_S24A018P362, 362praa0aevi൦aaleepur gamgaa kaksh sam02 ,nainapuraa ,nainapuraa,praa0aeviaaleepur gamgaa sam02
kousaambee,AC253_S24A253P362, 362praa0avi0 thilagoodee p0 bhaag ,thilagood഼ee ,thilagoodee,praa0avi0 thilagoodee p0 bhaag
jhhaamsee,AC225_S24A225P242, 242praa0avi0 nekeraa ,NA,NA,praa0avi0 nekeraa
goutham buddh nagar,AC063_S24A063P296, 296praa0 skool banavaareevaas k0anam0  २,banavaareevaas ,banavaareevaas,praa0 skool banavaareevaas k0anam0
ambedakar nagar,AC277_S24A277P247, 247praathamik vidyaalay thivaareepur sabanaa kaksh samkhyaa-2 ,sabanaa ,sabanaa,praathamik vidyaalay thivaareepur sabanaa samkhyaa2
kheeree,AC144_S24A144P094, 94n0apaa0ap0amoohammadee ,moohammadee ,moohammadee,n0apaa0ap0amoohammadee
mirjaapur,AC399_S24A399P338, 338praa0avi0 siloudee ,siloudee ,siloudee,praa0avi0 siloudee
gaajiyaabaad,AC053_S24A053P388, 388Aa staar p skool musthaphaabaad ,loonee ,loonee,388aa staar skool musthaphaabaad
mahoobaa,AC231_S24A231P220, 220praa0avi0 rahaniyaapuraa panavaadee ,panavaad഼ee ,panavaadee,praa0avi0 rahaniyaapuraa panavaadee
kheeree,AC137_S24A137P090, 90thaakhaa ,crea ,crea,thaakhaa
ilaahaabaad,AC265_S24A265P091, 91praa0aevi0 sujanee samoodhaa pas‌0achh bhaag ,sujanee samoodhaa ,sujanee samoodhaa,praa0aevi0 sujanee samoodhaa pas0achh bhaag
merath,AC046_S24A046P266, 266praa0 vi0 k0an0  -2namgalaamal ,namgalaa mal ,namgalaa mal,praa0 vi0 k0an0 2namgalaamal
baaraabamkee,AC266_S24A266P236, 236praa0 vi0 paalapaatan kaksh sam0  ९,paalapaatan ,paalapaatan,praa0 vi0 paalapaatan sam0
aajamagadh,AC348_S24A348P191, 191praa0avi0 moolanaapur kaksh sam0  २,paaindaapur ,paaindaapur,praa0avi0 moolanaapur sam0
aagaraa,AC087_S24A087P436, 436taigaaour pablik skool sevalaa saraay k0an0  5,aagaraa ,aagaraa,taigaaour pablik skool sevalaa saraay k0an0
phaijaabaad,AC276_S24A276P165, 165praathamik vidyaalay charaavaam kaksh samkhyaa  2,charaavaam ,charaavaam,praathamik vidyaalay charaavaam samkhyaa
maoo,AC353_S24A353P293, 293praa0apaa0 katagharaasamkar u0 bhaag ,katagharaasakar ,katagharaasakar,praa0apaa0 katagharaasamkar u0 bhaag
vaaraanasee,AC390_S24A390P197, 197sentral hindoo skool kamachchhaa k0as01 ,vaaraanasee ,vaaraanasee,sentral hindoo skool kamachchhaa k0as01
mujaphpharanagar,AC015_S24A015P087, 87praathamik vidyaalay nam0-2 hasainapur boopaadaa k0an0-1 ,hasainapur boopaadaa ,hasainapur boopaadaa,praathamik vidyaalay nam02 hasainapur boopaadaa k0an01
gaajiyaabaad,AC056_S24A056P001, 1poo0 maa0 vi0 akabarapur baharaamapur ,gaajiyaabaad ,gaajiyaabaad,poo0 maa0 vi0 akabarapur baharaamapur
phathehapur,AC243_S24A243P029," 29praa0avi0 maanookaa puravaa, khaagaa kaksh sam0-1 ",khaagaa ,khaagaa,praa0avi0 maanookaa puravaa khaagaa sam01
pharrookhaabaad,AC193_S24A193P063, 63aasamapur ,aasamapur ,aasamapur,aasamapur
mujaphpharanagar,AC012_S24A012P146," 146kisaan majadoor intar kaalej, kamaraa nam0-3, jasooee ",jasooee ,jasooee,kisaan majadoor intar kaalej kamaraa nam03 jasooee
phiroojaabaad,AC096_S24A096P291, 291praa.paa.navaadaa ,dial ,dial,praapaanavaadaa
haatharas,AC080_S24A080P082, 82jee0aes0ahindoo i0akaa0asi0araaoo k0an൦  ५,sikandaraa raaoo ,sikandaraa raaoo,jee0aes0ahindoo i0akaa0asi0araaoo k0an
pharrookhaabaad,AC192_S24A192P057, 57kampil taaun eriyaa ,kampil ,kampil,kampil taaun eriyaa
kaanapur dehaath,AC206_S24A206P307, 307praathamik vidyaalay gujaraaee ,gujaraaee ,gujaraaee,praathamik vidyaalay gujaraaee
aleegadh,AC075_S24A075P313," 313praa0 skool dheeradharapur gadiyaavalee  ,kamaraa n0-൧ ",dheeradharapur gadiyaavalee ,dheeradharapur gadiyaavalee,praa0 skool dheeradharapur gadiyaavalee kamaraa n0
ambedakar nagar,AC280_S24A280P100, 100praathamik vidyaalay jyootheepur samaisaa (paschimee ,samaisaa pookhthaa ,samaisaa pookhthaa,praathamik vidyaalay jyootheepur samaisaa paschimee
baaraabamkee,AC270_S24A270P099, 99praa0avi0 taamdaa majare itahaapoorab kaksh sam0  1,itahavaapurab ,itahavaapurab,praa0avi0 taamdaa majare itahaapoorab sam0
baharaaich,AC283_S24A283P078, 78poo0amaa0avi൦-banakuree k൦anam൦-൨ ,banakuree ,banakuree,poo0amaa0avibanakuree kanam
itaavaa,AC201_S24A201P284, 284joo0ahaa0 skool lakhanaa chathurth ,lakhanaa ,lakhanaa,joo0ahaa0 skool lakhanaa chathurth
basthee,AC307_S24A307P299, 299praathamik vidyaalay chhapiyaamaalik ,soonabarasaa ,soonabarasaa,praathamik vidyaalay chhapiyaamaalik
goutham buddh nagar,AC063_S24A063P097, 97praa0 skool peepalakaa soorathapur k0an0 ,NA,NA,praa0 skool peepalakaa soorathapur k0an0
baharaaich,AC287_S24A287P210, 210praa0apaa൦ rookanaapur (atharikath kaksh ,rookanaapur ,rookanaapur,praa0apaa rookanaapur atharikath
sambhal,AC111_S24A111P285, 285praa0apaa0ak0an൦2 maithoolee ,maidoolee ,maidoolee,praa0apaa0ak0an2 maithoolee
haatharas,AC079_S24A079P227, 227praa0 paa0 gurasootee ,gurasoutee ,gurasoutee,praa0 paa0 gurasootee
haapud,AC058_S24A058P198, 198praathamik vidhaalay paarapaa kamaraa n0  2,paarapaa ,paarapaa,praathamik vidhaalay paarapaa kamaraa n0
goondaa,AC300_S24A300P210, 210praaimaree paathasaalaa jnjaaneepur d0 bhaag ,j഼aaneepur raam prasaad ,jaaneepur raam prasaad,praaimaree paathasaalaa jnjaaneepur d0 bhaag
mirjaapur,AC398_S24A398P149, 149praa0 vi0 parasiyaa ,parasiyaa ,parasiyaa,praa0 vi0 parasiyaa
aagaraa,AC092_S24A092P223, 223praa.vi.kukaavar ,kukaavar ,kukaavar,praavikukaavar
haapud,AC059_S24A059P095, 95bhavaanee baalikaa haa0 sai0 skool haapud k0an0  2,eas ,eas,bhavaanee baalikaa haa0 sai0 skool haapud k0an0
muraadaabaad,AC029_S24A029P069, 69praa0 skool akkaa dilaaree kaksh-1 ,akkaa dilaaree ,akkaa dilaaree,praa0 skool akkaa dilaaree kaksh1
gaajiyaabaad,AC055_S24A055P774, 774praa0 vi0 arthalaa ,gaajiyaabaad ,gaajiyaabaad,praa0 vi0 arthalaa
badaayoom,AC112_S24A112P237, 237dhimarapuraa praa vi k nam.-൧ ,dhimarapuraa ,dhimarapuraa,dhimarapuraa praa vi nam
haatharas,AC079_S24A079P384, 384janathaa i0akaa0 sahapaoo k൦ nam൦  1,sahapaoo ,sahapaoo,janathaa i0akaa0 sahapaoo k nam
sulthaanapur,AC187_S24A187P016, 16sam.i.kaa bihee nidaraa ,biheenidooraa ,biheenidooraa,samikaa bihee nidaraa
muraadaabaad,AC026_S24A026P369, 369praa0 skool kaksh-2 bhagathapur t൉andaa ,bhagathapur taamdaa ,bhagathapur taamdaa,praa0 skool kaksh2 bhagathapur tandaa
ilaahaabaad,AC263_S24A263P239, 239naveen mahilaa sevaa sadan intar kaalej bairahanaa kaksh sam൦-1 ,ilaahaabaad ,ilaahaabaad,naveen mahilaa sevaa sadan intar kaalej bairahanaa sam1
barelee,AC124_S24A124P349, 349joo൦ haa൦ skool tiyooliyaa k0anam0൨ ,barelee ,barelee,349joo haa skool tiyooliyaa k0anam0
phaijaabaad,AC273_S24A273P420, 420praathamik vidyaalay sahijaanaa poorvee ,simdhouraa ,simdhouraa,praathamik vidyaalay sahijaanaa poorvee
goorakhapur,AC328_S24A328P264, 264praa0 vi0 raamakoolaa paschim ,sukaroooulee ,sukaroooulee,praa0 vi0 raamakoolaa paschim
barelee,AC119_S24A119P221, 221praa൦ paa൦ rasoolapur ,haraharee ,haraharee,praa paa rasoolapur
jaaloun,AC219_S24A219P335, 335praaimaree skool nadeegaamv ,nadeegaamv ,nadeegaamv,praaimaree skool nadeegaamv
jhhaamsee,AC225_S24A225P284, 284praa0avi0 ghatiyaaree ,ghatiyaaree ,ghatiyaaree,praa0avi0 ghatiyaaree
phiroojaabaad,AC095_S24A095P280, 280praa0avi0 sevalaa ,sevalaa raamapur ,sevalaa raamapur,praa0avi0 sevalaa
vaaraanasee,AC390_S24A390P301, 301gooyanakaa samskrith mahaavidyaalay assee samgam k0as06 ,vaaraanasee ,vaaraanasee,gooyanakaa samskrith mahaavidyaalay assee samgam k0as06
ilaahaabaad,AC262_S24A262P220, 220rishikul uchchathar maadhyamik vidyaalay myoor rood kamaraa nam.-14 ,ilaahaabaad ,ilaahaabaad,rishikul uchchathar maadhyamik vidyaalay myoor rood kamaraa nam14
ad,AC356_S24A356P171, 171m൦ahanaphiyaa ahale sunan‍nath vaharool uloom kheereebaag d൦ bhaag ,maoonaath bhamjan ,maoonaath bhamjan,mahanaphiyaa ahale sunannath vaharool uloom kheereebaag d bhaag
raay barelee,AC183_S24A183P089, 89charoohaar veek ,charoohaar veek ,charoohaar veek,charoohaar veek
basthee,AC308_S24A308P318, 318praathamik vidyaalay koud഼eekool khurd ,raamagadh urph ,raamagadh urph,praathamik vidyaalay koudeekool khurd
kuseenagar,AC332_S24A332P134, 134praanpaa൦ sapahee kaksh nam0  2,tadavaa ,tadavaa,praanpaa sapahee nam0
mujaphpharanagar,AC012_S24A012P057," 57praathamik vi0 nam0-1, k0anam0-1, choukadaa ",choukadaa ,choukadaa,praathamik vi0 nam01 k0anam01 choukadaa
etaa,AC103_S24A103P193, 193praa0apaa൦ aleegamj k൦ nam൦  १,aleegamj ,aleegamj,praa0apaa aleegamj k nam
kheeree,AC139_S24A139P105, 105rasoolapanaah ,rasoolapanaah ,rasoolapanaah,rasoolapanaah
kaanapur dehaath,AC207_S24A207P387, 387praathamik vidyaalay baijaamaoo baamgar ,baijaamaoo baamgar ,baijaamaoo baamgar,praathamik vidyaalay baijaamaoo baamgar
amethee,AC184_S24A184P193, 193praa0 paa0 kachanaav kaksh sam൦  २,kachanaamv ,kachanaamv,praa0 paa0 kachanaav sam
peeleebheeth,AC129_S24A129P332, 332baagar ,baamgar ,baamgar,baagar
badaayoom,AC116_S24A116P098, 98praa0 vidhaalay padooaa k0 nam02 ,naraoo khurd ,naraoo khurd,praa0 vidhaalay padooaa k0 nam02
mahaaraajagamj,AC319_S24A319P279, 279islaamiyaa skool satel HOA  2,bejoulee ,bejoulee,islaamiyaa skool satel hoa
aleegadh,AC074_S24A074P206, 206svaamee krishnaanamd i0 HO jalaalee k0 nam0  ७,jalaalee ,jalaalee,svaamee krishnaanamd i0 ho jalaalee k0 nam0
goondaa,AC300_S24A300P355, 355praaimaree paathasaalaa durgaagamj k0 n0  1,durgaagamj ,durgaagamj,praaimaree paathasaalaa durgaagamj k0 n0
siddhaarthanagar,AC304_S24A304P303, 303hamsavaapaar ,NA,NA,hamsavaapaar
badaayoom,AC114_S24A114P340, 340praa0 vidhaalay kilaakhed഼aa uh഼aanee k0anam0  3,ujjaanee ,ujjaanee,praa0 vidhaalay kilaakhedaa uhaanee k0anam0
haradooee,AC154_S24A154P219, 219joo0ahaa൦ skool barasoohiyaa k0an൦  3,barasaahayaa ,barasaahayaa,joo0ahaa skool barasoohiyaa k0an
lalithapur,AC226_S24A226P237, 237joo0ahaa0asakool d0abhaag mainavaaraa ,mainavaaraa ,mainavaaraa,joo0ahaa0asakool d0abhaag mainavaaraa
mathuraa,AC081_S24A081P347, 347praa0avi0 syaarahaa ,syaarahaa baamgar ,syaarahaa baamgar,praa0avi0 syaarahaa
maoo,AC353_S24A353P248, 248kanyaa joo0ahaa0 skool dubaaree d0 bhaag ,dubaaree ,dubaaree,kanyaa joo0ahaa0 skool dubaaree d0 bhaag
seethaapur,AC151_S24A151P103, 103praa0 vi0 saraiyaa baldev simh ,saraiyaabaldevasimh ,saraiyaabaldevasimh,praa0 vi0 saraiyaa baldev simh
badaayoom,AC114_S24A114P311, 311mahaathmaa gaamdhee paalikaa intar kaalej ujnjaanee uththaree bhaag k0anam0  4,ujjaanee ,ujjaanee,mahaathmaa gaamdhee paalikaa intar kaalej ujnjaanee uththaree bhaag k0anam0
NA,AC282_S24A282P317, 317praa0avi൦-nyoo bildimg raayaboojhhaa k0anam൦-൨ ,NA,NA,praa0avinyoo bildimg raayaboojhhaa k0anam
NA,AC171_S24A171P334, 334sent joojaph garls intar kaalej nyoo bildimg sapanaa kaaloonee sektar-6 raajaajeepuram lakhanaoo kaksh ,NA,NA,sent joojaph garls intar kaalej nyoo bildimg sapanaa kaaloonee sektar6 raajaajeepuram lakhanaoo
itaavaa,AC201_S24A201P256, 256joo0ahaa0 skool ahereepur kaksh nam0-2 ,ahereepur ,ahereepur,joo0ahaa0 skool ahereepur nam02
haradooee,AC158_S24A158P079, 79praa൦ paa൦ jaroulee Hell Ho ao  १,jaroulee kalaam seesaalaa ,jaroulee kalaam seesaalaa,praa paa jaroulee hell ho ao
prathaapagadh,AC247_S24A247P334, 334praa0avi0akaithaadaadee ,kaithaadaadee ,kaithaadaadee,praa0avi0akaithaadaadee
ilaahaabaad,AC256_S24A256P075, 75kaaryaa blaak samsaadhan kendr phoolapurakaaryaa blaak samsaadhan kendr phoolapur ,phoolapur ,phoolapur,kaaryaa blaak samsaadhan phoolapurakaaryaa blaak samsaadhan phoolapur
NA,AC123_S24A123P185, 185joo൦ haa൦ skool kaamdharapur kamaraa nam൦  02,NA,NA,185joo haa skool kaamdharapur kamaraa nam 02
ilaahaabaad,AC257_S24A257P157, 157praathamik vidyaalay basanaa khaas p0abhaag ,basanaakhaas ,basanaakhaas,praathamik vidyaalay basanaa khaas p0abhaag
lalithapur,AC226_S24A226P235, 235praa0apaa൦ aagar ,aagar ,aagar,praa0apaa aagar
baliyaa,AC358_S24A358P008, 8praa0 paa0 thiyaraa haidarapur (poo0 ,thiyaraa haidarapur ,thiyaraa haidarapur,praa0 paa0 thiyaraa haidarapur poo0
merath,AC044_S24A044P020, 20uchch praa0avi0 bhaamooree k0asam0  1,bhaagouree ,bhaagouree,uchch praa0avi0 bhaamooree k0asam0
basthee,AC309_S24A309P387, 387poorv maadhyamik vidyaalay andeuree poorvee ,andetharaa ,andetharaa,poorv maadhyamik vidyaalay andeuree poorvee
gaajeepur,AC378_S24A378P232, 232praa0apaa0 chaamdapur ,chaamdapur ,chaamdapur,praa0apaa0 chaamdapur
seethaapur,AC149_S24A149P214, 214kri0 de0 myoo0 garls i0 kaa0 bisavaam k0 nam0  5,bisav൉ ,bisav,kri0 de0 myoo0 garls i0 kaa0 bisavaam k0 nam0
bijanour,AC021_S24A021P006, 6praaevi0 kaasamapur kripaaraam urph sumdarapur ,PMA PUNTA ,pma punta,praaevi0 kaasamapur kripaaraam urph sumdarapur
balaraamapur,AC294_S24A294P108, 108praa0 paa0 chikanee HO AO  3,balaraamapur ,balaraamapur,praa0 paa0 chikanee ho ao
kaanapur nagar,AC218_S24A218P204, 204poorv maa vi0 ghaatamapur kaksh nam0  2,ghaatamapur ,ghaatamapur,poorv maa vi0 ghaatamapur nam0
gaajeepur,AC373_S24A373P217, 217praa0apaa0 koulaa jakhaniyaam d.chhoor ,koulaa jakhaniyaa ,koulaa jakhaniyaa,praa0apaa0 koulaa jakhaniyaam dchhoor
aajamagadh,AC346_S24A346P251, 251vi0akh0akaa0 jahaanaagamj kaksh sam0-൩ ,raamapur ,raamapur,vi0akh0akaa0 jahaanaagamj sam0
mirjaapur,AC398_S24A398P321, 321praa0avi0 pasahee ,pasahee ,pasahee,praa0avi0 pasahee
badaayoom,AC116_S24A116P011, 11praa0 vidhaalay jahaamnaabaad k0 nam01 ,moujamapur nehanagar ,moujamapur nehanagar,praa0 vidhaalay jahaamnaabaad k0 nam01
prathaapagadh,AC250_S24A250P342, 342praa0 vi0 kanevaraa poorekhusahaalee kaksh sam  2,kanevaraa prekhusahaalee ,kanevaraa prekhusahaalee,praa0 vi0 kanevaraa poorekhusahaalee sam
ilaahaabaad,AC263_S24A263P243, 243n0am൦apaa൦ajoo0ahaa0asak‌al bairahanaa kaksh sam൦-3 ,ilaahaabaad ,ilaahaabaad,n0amapaaajoo0ahaa0asakal bairahanaa sam3
chithrakoot,AC237_S24A237P321, 321praathamik vidyaalay maarakumdee pratham sthith kih൒aniyaa kamaraa n൦  १,kihaniyaa ,kihaniyaa,praathamik vidyaalay maarakumdee pratham kihaniyaa kamaraa n
saahajahaaapur,AC131_S24A131P336, 336praa0 skool viriyaa kalaam ,viriyaa kalaa ,viriyaa kalaa,praa0 skool viriyaa kalaam
mujaphpharanagar,AC016_S24A016P114, 114praathamik vidyaalay kam0anam0-5 behadaa saadaath ,behadaa saadaath ,behadaa saadaath,praathamik vidyaalay kam0anam05 behadaa saadaath
lakhanaoo,AC171_S24A171P279, 279lookamaany vidyaa mandir lakadamandee saaadathagamj kaksh samkhyaa-1 ,lakhanaoo ,lakhanaoo,lookamaany vidyaa lakadamandee saaadathagamj samkhyaa1
barelee,AC123_S24A123P323, 323praa൦ paa൦ kakaree ,kakaree ,kakaree,praa paa kakaree
phiroojaabaad,AC099_S24A099P059, 59praa.paa.soorakh ,sourakh ,sourakh,praapaasoorakh
basthee,AC311_S24A311P098, 98praathamik vidyaalay pharadaa ,pharadaa ,pharadaa,praathamik vidyaalay pharadaa
devariyaa,AC342_S24A342P314, 314praa൦avi൦abarejee ,barejee ,barejee,praaaviabarejee
ilaahaabaad,AC260_S24A260P065, 65praathamik vidyaalay chakagareebadaas kaksh sam0  1,chak gareebadaas ,chak gareebadaas,praathamik vidyaalay chakagareebadaas sam0
mahoobaa,AC231_S24A231P288, 288j0ai0akaa0 kulapahaad kaksh AO  ६,kulapahaad ,kulapahaad,j0ai0akaa0 kulapahaad ao
ilaahaabaad,AC257_S24A257P045, 45praathamik vidyaalay mubaarakapur poo0abhaag ,mubaarakapur ,mubaarakapur,praathamik vidyaalay mubaarakapur poo0abhaag
itaavaa,AC201_S24A201P165, 165praa0apaa0 nivaad഼eekalaam kaksh-2 ,nivaadeekalaam ,nivaadeekalaam,praa0apaa0 nivaadeekalaam kaksh2
prathaapagadh,AC244_S24A244P277, 277praa0avi0abatoolee ,batoulee ,batoulee,praa0avi0abatoolee
lakhanaoo,AC171_S24A171P217, 217kaajamain skool choupatiyaa kaksh samkhyaa-1 ,lakhanaoo ,lakhanaoo,kaajamain skool choupatiyaa samkhyaa1
mirjaapur,AC397_S24A397P357, 357praa0 vi0 bhevar karamanapur athirikth kaksh ,bhevarakaramanapur ,bhevarakaramanapur,praa0 vi0 bhevar karamanapur athirikth
baaraabamkee,AC266_S24A266P035, 35praa0 vi0 simgahaa kaksh sam0  ९,Taser ,taser,praa0 vi0 simgahaa sam0
phiroojaabaad,AC098_S24A098P346, 346praa0apaa0 dhouraoo himmathapur ,dhouraoo himmathapur ,dhouraoo himmathapur,praa0apaa0 dhouraoo himmathapur
kuseenagar,AC330_S24A330P211, 211praa൦paa൦ jamgal bakulahaa room n-2 ,jam0 bakulahoom ,jam0 bakulahoom,praapaa jamgal bakulahaa n2
gaajiyaabaad,AC057_S24A057P180, 180rookamani moodee praa0 vi0 thaane ke peechhe ,moodeenagar ,moodeenagar,rookamani moodee praa0 vi0 thaane peechhe
baamdaa,AC234_S24A234P213, 213hindoo intar kaalej Ba kaksh sam0  - 3,atharraa ,atharraa,hindoo intar kaalej ba sam0
baaraabamkee,AC271_S24A271P085, 85kanyaa jooniyar haaee skool dhemaa kaksh samkhyaa  ४,dhemaa ,dhemaa,kanyaa jooniyar haaee skool dhemaa samkhyaa
baharaaich,AC283_S24A283P320, 320praanvi൦agaranavaam k൦n൦-൨ ,aranavaa ,aranavaa,praanviagaranavaam kn
ilaahaabaad,AC265_S24A265P339, 339praa0avi0 bad഼ookhar nayee imaarath poo0 bhaag ,badookhar ,badookhar,praa0avi0 badookhar nayee imaarath poo0 bhaag
aajamagadh,AC352_S24A352P374, 374praa0avi0 pakad഼ee kalaa kaksh  -९,pakadee kalaa ,pakadee kalaa,praa0avi0 pakadee kalaa
jaaloun,AC221_S24A221P412, 412praathamik paathasaalaa dadaree ,dadaree ,dadaree,praathamik paathasaalaa dadaree
merath,AC047_S24A047P313, 313naanakachand digree kaalij sivaajee rood k0anam0-1 ,INO ,ino,naanakachand digree kaalij sivaajee rood k0anam01
seethaapur,AC147_S24A147P164, 164praa0avi0 phaththepur maaphee ,thenduvaa ,thenduvaa,praa0avi0 phaththepur maaphee
baaraabamkee,AC270_S24A270P350, 350praa.vi.ahamadapur ,devakalee ,devakalee,praaviahamadapur
barelee,AC125_S24A125P211, 211ravindr naath taigoor i0akaa൦ sadar baajaar k0anam൦  ७,barelee ,barelee,ravindr naath taigoor i0akaa sadar baajaar k0anam
ilaahaabaad,AC258_S24A258P108, 108praathamik vidyaalay maadhoopur balaapur poo0abhaag ,balaapur ,balaapur,praathamik vidyaalay maadhoopur balaapur poo0abhaag
peeleebheeth,AC128_S24A128P246, 246doulathapur pattee ,doulathapur patatee ,doulathapur patatee,doulathapur pattee
goorakhapur,AC325_S24A325P166, 166praa0 vi0 baareegaamv k0an03 ,baareegaav ,baareegaav,praa0 vi0 baareegaamv k0an03
lakhanaoo,AC168_S24A168P194, 194praa0 vi0 bhathooiyaa kaksh sam0-2 ,bhathooeeyaa ,bhathooeeyaa,praa0 vi0 bhathooiyaa sam02
gaajeepur,AC376_S24A376P246, 246praa0 paa0 mahaaaree (poo൦achhoor ,mahaaaree ,mahaaaree,praa0 paa0 mahaaaree pooachhoor
aagaraa,AC088_S24A088P048," 48ayoodhyaa prasaad ibhakaa, baalaajeepuram k,nam,൮ ",aagaraa ,aagaraa,ayoodhyaa prasaad ibhakaa baalaajeepuram knam
baharaaich,AC285_S24A285P210, 210praa൦avi൦-saaradaasimh puravaa (paandeyapuravaa k൦anam൦-൨ ,babhanoutee urph sahar ,babhanoutee urph sahar,praaavisaaradaasimh puravaa paandeyapuravaa kanam
kaanapur nagar,AC210_S24A210P180, 180poorv maa vidyaalay bagahaa kaksh sam  1,sen paschimapaaraa ,sen paschimapaaraa,poorv maa vidyaalay bagahaa sam
mujaphpharanagar,AC012_S24A012P239," 239praathamik vidyaalay k0anam0-3, harasoulee ",harasoolee ,harasoolee,praathamik vidyaalay k0anam03 harasoulee
sraavasthee,AC289_S24A289P055, 55patanaa ,patanaa ,patanaa,patanaa
chithrakoot,AC237_S24A237P160, 160poorv maadhyamik vidyaalay gaahar ,gaahar ,gaahar,poorv maadhyamik vidyaalay gaahar
goorakhapur,AC328_S24A328P289, 289praa0 vi0 davanaadeeh poorab ,kakarahee ,kakarahee,praa0 vi0 davanaadeeh poorab
phiroojaabaad,AC097_S24A097P047, 47raashteey sraamik vidhaalay karabalaa k൦ s൒  ०४,phiroojaabaad ,phiroojaabaad,raashteey sraamik vidhaalay karabalaa k s
kannouj,AC198_S24A198P435, 435praa0apaa0 bhakharoulee k0anam0-2 ,NA,NA,praa0apaa0 bhakharoulee k0anam02
kannouj,AC197_S24A197P386, 386baaraathaghar balepurvaa ,NA,NA,baaraathaghar balepurvaa
kaanapur dehaath,AC208_S24A208P255, 255poorv maadhyamik vidyaalay goopaalapur bhooganeepur ,goopaalapur bhooganeepur ,goopaalapur bhooganeepur,poorv maadhyamik vidyaalay goopaalapur bhooganeepur
jhhaamsee,AC224_S24A224P437, 437praa.vidyaalay simgaravaaraa ,simgaravaaraa ,simgaravaaraa,praavidyaalay simgaravaaraa
muraadaabaad,AC029_S24A029P325, 325joo0 haa0 skool majhhoulee khaas kaksh-1 ,majhhoulee khaas ,majhhoulee khaas,joo0 haa0 skool majhhoulee khaas kaksh1
phaijaabaad,AC273_S24A273P384, 384praathamik vidyaalay ghurehataa-poorvee ,ghurehataa ,ghurehataa,praathamik vidyaalay ghurehataapoorvee
prathaapagadh,AC249_S24A249P354, 354praa0avi0 roodaa pur k0asam0  -१,roodaapur ,roodaapur,praa0avi0 roodaa pur k0asam0
badaayoom,AC116_S24A116P373, 373praa0 vidhaalay bilaharee k0anam0  1,bilaharee ,bilaharee,praa0 vidhaalay bilaharee k0anam0
aleegadh,AC077_S24A077P357, 357praa0 skool vyouharaa kamaraa n0  २,n0 phalaahar ,n0 phalaahar,praa0 skool vyouharaa kamaraa n0
sambhal,AC031_S24A031P161, 161chandousee intar kaalej chandousee kaksh-1 ,chandousee ,chandousee,chandousee intar kaalej chandousee kaksh1
phiroojaabaad,AC095_S24A095P330, 330praa0avi0 roodhaoo ,pachavaan ,pachavaan,praa0avi0 roodhaoo
ilaahaabaad,AC263_S24A263P014, 14yaadagaar hasain i0 kaa0anakaas koonaa kaksh sam൦  8,ilaahaabaad ,ilaahaabaad,yaadagaar hasain i0 kaa0anakaas koonaa sam
sahaaranapur,AC007_S24A007P279, 279praathamik vighaalay k0an0-1 khaanapur aphagaan ,khaanapur aphagaan ,khaanapur aphagaan,praathamik vighaalay k0an01 khaanapur aphagaan
vaaraanasee,AC384_S24A384P201, 201joo0 haa0 skool puraaraghunaathapur aams ,puraaraghunaathapur ,puraaraghunaathapur,joo0 haa0 skool puraaraghunaathapur aams
phathehapur,AC238_S24A238P119, 119praa0avi0 eesepur ,eesepur ,eesepur,praa0avi0 eesepur
sraavasthee,AC289_S24A289P094, 94lakshmanapurabhagavaanapur ,lakshmanapurabhagavaanapur ,lakshmanapurabhagavaanapur,lakshmanapurabhagavaanapur
bulandasahar,AC065_S24A065P294, 294bulandasahar muslim intar kaalej k.n൑am  3,bulandasahar ,bulandasahar,bulandasahar muslim intar kaalej knam
gaajeepur,AC373_S24A373P110, 110sree mahanth raamabaran daas haa0ase0 bhudakudaa madhy ,bhrudakudaa ,bhrudakudaa,sree mahanth raamabaran daas haa0ase0 bhudakudaa madhy
goorakhapur,AC324_S24A324P314, 314poo0amaa0avi0 kandaraaee k0anam0  1,heats ,heats,poo0amaa0avi0 kandaraaee k0anam0
baamdaa,AC232_S24A232P296, 296poo0amaa0avi0amahookhar kaksh sam൦  ३,mahookhar ,mahookhar,poo0amaa0avi0amahookhar sam
aagaraa,AC090_S24A090P395, 395parishadeey poorv maa0 vi0 ethmaadapur madaraa k0an൦-൯ ,ethmaadapur madaraa ,ethmaadapur madaraa,parishadeey poorv maa0 vi0 ethmaadapur madaraa k0an
bulandasahar,AC065_S24A065P364, 364raamapur kaaloonee urph mirjaapur praaeemaree skool Hat.  1,raamapur kaalounee urph ,raamapur kaalounee urph,raamapur kaaloonee urph mirjaapur praaeemaree skool hat
sambhal,AC033_S24A033P282, 282jooniyar haaee skool navaabapuraa kaksh-൧ ,NA,NA,jooniyar haaee skool navaabapuraa kaksh
jounapur,AC365_S24A365P347, 347praa0apaa0ausaroooulee ,usaroulee ,usaroulee,praa0apaa0ausaroooulee
phathehapur,AC241_S24A241P146, 146praa0avi0 banakataa ,banakataa ,banakataa,praa0avi0 banakataa
mahaaraajagamj,AC315_S24A315P007, 7praa൦ vi൦ gurachihaa k൦ n൦  1,gurachihaa ,gurachihaa,praa vi gurachihaa k n
badaayoom,AC114_S24A114P004, 4joo0ahaa0askool gudhanee k0 n0  1,gudhanee ,gudhanee,joo0ahaa0askool gudhanee k0 n0
ambedakar nagar,AC279_S24A279P218, 218praathamik vidyaalay jahaamgeeragamj pratham seemaa navaagaamv poorvee kaksh ,navaagaamv ,navaagaamv,praathamik vidyaalay jahaamgeeragamj pratham seemaa navaagaamv poorvee
baagapath,AC050_S24A050P014, 14athi harijan chaaഁapaal kamaraa n0  1thugaanaa ,thugaanaa ,thugaanaa,athi harijan chaaapaal kamaraa n0 1thugaanaa
bulandasahar,AC064_S24A064P033, 33aasaphaabaad chandapuraa praaeemaree FRAT Hat.  1,aasaphaabaad chandapuraa ,aasaphaabaad chandapuraa,aasaphaabaad chandapuraa praaeemaree frat hat
kousaambee,AC253_S24A253P077, 77praa0avi0 kyaamudadeenapur ,kyaamavadhaddeenapur ,kyaamavadhaddeenapur,praa0avi0 kyaamudadeenapur
lakhanaoo,AC171_S24A171P038, 38green ve pablik skool ramanaa Ace kaksh samkhyaa-2 ,lakhanaoo ,lakhanaoo,green ve pablik skool ramanaa ace samkhyaa2
saahajahaaapur,AC134_S24A134P108, 108praaepaa0 charakhee devaree ,charakheedevaree ,charakheedevaree,praaepaa0 charakhee devaree
baaraabamkee,AC267_S24A267P398, 398poo0amaa0avi0 kootavaadhaam kaksh sam0-2 ,ariyaamaoo ,ariyaamaoo,poo0amaa0avi0 kootavaadhaam sam02
balaraamapur,AC293_S24A293P470, 470praa0apaa൦ laalapur bhaluhiyaa d൦ bhaag ,laalapur bhaluhiyaa ,laalapur bhaluhiyaa,praa0apaa laalapur bhaluhiyaa d bhaag
sraavasthee,AC290_S24A290P385, 385semaree tharahar ,semareetharahar ,semareetharahar,semaree tharahar
aagaraa,AC094_S24A094P166, 166praa0avi0 bichoolaa k0anam0-₹ ,bichoulaa ,bichoulaa,praa0avi0 bichoolaa k0anam0rs
aajamagadh,AC350_S24A350P291, 291u0apr0avi0 phareedaabaad ,phareedaabaad ,phareedaabaad,u0apr0avi0 phareedaabaad
baaraabamkee,AC268_S24A268P110, 110praa0avi0 taaeekalaa u0abhaag ,teraakaloom ,teraakaloom,praa0avi0 taaeekalaa u0abhaag
mathuraa,AC081_S24A081P091, 91praa0aevi0 hathaanaa k0 n0  ९,hathaanaa ,hathaanaa,praa0aevi0 hathaanaa k0 n0
kheeree,AC140_S24A140P025, 25bhavadooraa ,Hal ,hal,bhavadooraa
baaraabamkee,AC266_S24A266P146, 146praa0 vi0 rasoolapanaah athirikth kaksh sam0  १,rasoolapanaah ,rasoolapanaah,praa0 vi0 rasoolapanaah athirikth sam0
jhhaamsee,AC222_S24A222P328, 328kaint skool babeenaa bhaag-1 ,babeenaa ,babeenaa,kaint skool babeenaa bhaag1
phaijaabaad,AC275_S24A275P016, 16raajakeey baalikaa intar kaalej phaijaabaad dakshinee madhy ,phaijaabaad ,phaijaabaad,raajakeey baalikaa intar kaalej phaijaabaad dakshinee madhy
badaayoom,AC112_S24A112P301, 301naagapur noorapur praa vi k nam.-൧ poorvee bhaag ,naagapur noorapur ,naagapur noorapur,naagapur noorapur praa vi nam poorvee bhaag
vaaraanasee,AC388_S24A388P107, 107baal nikethan seeniyar sekendaree skool khajuree kaksh sam0  8,vaaraanasee ,vaaraanasee,baal nikethan seeniyar sekendaree skool khajuree sam0
baamdaa,AC233_S24A233P288, 288poo0amaa0avi0 amalooharaa kaksh sam0-1 ,amalooharaa ,amalooharaa,poo0amaa0avi0 amalooharaa sam01
balaraamapur,AC294_S24A294P224, 224praa0 paa0 laalaajooth k0 n0  २,laalaajooth ,laalaajooth,praa0 paa0 laalaajooth k0 n0
mirjaapur,AC397_S24A397P152, 152praa0 vi0 sandavaa ,sandavaa ,sandavaa,praa0 vi0 sandavaa
goorakhapur,AC321_S24A321P157, 157 3030kaa0 p0 imaarath u0 baalaapaar HO nam0  2,baalaapaar ,baalaapaar,3030kaa0 p0 imaarath u0 baalaapaar ho nam0
mujaphpharanagar,AC011_S24A011P080, 80kanyaa joo0ahaa0 skool budhaanaa k0an0  1,budhaanaa ,budhaanaa,kanyaa joo0ahaa0 skool budhaanaa k0an0
sahaaranapur,AC004_S24A004P192," 192praathamik vidyaalay kamaraa nambar  -१,dathooleemugal ",dathoulee mugal ,dathoulee mugal,praathamik vidyaalay kamaraa nambar dathooleemugal
aagaraa,AC094_S24A094P083, 83praa0avi0 suthaaharee k0anam0-൧ ,suthaaharee ,suthaaharee,praa0avi0 suthaaharee k0anam0
sahaaranapur,AC006_S24A006P258, 258praathamik vidhaalay kamaraa nambar  2joulaa dimdoulee ,jaalaa dimdoolee ,jaalaa dimdoolee,praathamik vidhaalay kamaraa nambar 2joulaa dimdoulee
bulandasahar,AC066_S24A066P386, 386ghumgharaavalee intar kaalij ,ghugharaavalee ,ghugharaavalee,ghumgharaavalee intar kaalij
phiroojaabaad,AC095_S24A095P302, 302praa0avi0 gathee loukee ,naarakhee thaalal‍lukaa ,naarakhee thaalallukaa,praa0avi0 gathee loukee
haapud,AC059_S24A059P081, 81es0 es0 vee0 i0 kaalij haapud k0an0  6,haapud ,haapud,es0 es0 vee0 i0 kaalij haapud k0an0
pharrookhaabaad,AC193_S24A193P317, 317putharee ,putharee ,putharee,putharee
kaanapur nagar,AC216_S24A216P070, 70chhaavanee parishad baalikaa joo haa skool paanee kee tamkee ke paas meerapur kaksh sam  ९,kaanapur chhaavanee parishad ,kaanapur chhaavanee parishad,chhaavanee parishad baalikaa joo haa skool paanee tamkee meerapur sam
goutham buddh nagar,AC062_S24A062P235, 235praa0 paa0 daadaree k0anam0  3,daadaree ,daadaree,praa0 paa0 daadaree k0anam0
ilaahaabaad,AC254_S24A254P323, 323praathamik vidyaalay hathigahaam d൦ bhaag ,rasoolapur ch൉adhan ,rasoolapur chadhan,praathamik vidyaalay hathigahaam d bhaag
kaanapur dehaath,AC207_S24A207P303, 303praathamik vidyaalay mad഼aadev ,mood഼aadev ,moodaadev,praathamik vidyaalay madaadev
lakhanaoo,AC171_S24A171P278, 278altraa maardan maantesaree skool lakadamandee saaadathagamj kaksh samkhyaa-2 ,lakhanaoo ,lakhanaoo,altraa maardan maantesaree skool lakadamandee saaadathagamj samkhyaa2
ilaahaabaad,AC256_S24A256P386, 386joo0 haa0 skool jamuneepur paschimee bhaag ,jamuneepur ,jamuneepur,joo0 haa0 skool jamuneepur paschimee bhaag
haradooee,AC157_S24A157P208, 208praa0apaa൦ kapoorapur choudhee ,kaakoopur choudhee ,kaakoopur choudhee,praa0apaa kapoorapur choudhee
gaajeepur,AC376_S24A376P139, 139praa0 paa0 sahaabudadeenapur (poo0achhoor ,sahaabuddeenapur ,sahaabuddeenapur,praa0 paa0 sahaabudadeenapur poo0achhoor
baharaaich,AC286_S24A286P153, 153mahaaraaj simh iam0akaa൦-naveen bhavan kaanoonagoopuraa k0anam൦-2 ,baharaaich ,baharaaich,mahaaraaj simh iam0akaanaveen kaanoonagoopuraa k0anam2
haradooee,AC158_S24A158P002, 2ho Fo glo akhavelapur malavaa ,malavaa akhavelapur ,malavaa akhavelapur,2ho fo glo akhavelapur malavaa
phaijaabaad,AC274_S24A274P418, 418poorv maadhyamik vidyaalay mahaavaam kaksh samkhyaa  2,mahaavaa ,mahaavaa,poorv maadhyamik vidyaalay mahaavaam samkhyaa
sambhal,AC111_S24A111P104, 104praa0apaa൦ k0an0൧ thumariyaa khaadar ,thumariyaa khaadar ,thumariyaa khaadar,praa0apaa k0an0 thumariyaa khaadar
baaraabamkee,AC270_S24A270P016, 16praa0avi0 kevalaapur kaksh sam0  1,kevalaapur ,kevalaapur,praa0avi0 kevalaapur sam0
sulthaanapur,AC187_S24A187P269, 269praa൦avi൦ ooഁachagaamv ,uchagaamv ,uchagaamv,praaavi ooachagaamv
phararookhaabaad,AC195_S24A195P298, 298jaraaree ,jaraaree ,jaraaree,jaraaree
gaajeepur,AC373_S24A373P012, 12janathaa intar kaa0 bhaalaa khurd (d.chhoor ,Wen we ,wen we,janathaa intar kaa0 bhaalaa khurd dchhoor
ilaahaabaad,AC264_S24A264P193, 193ranajeeth pamdith i൦akaa൦ loohagaraa kaksh sam  २,neebee ,neebee,ranajeeth pamdith iakaa loohagaraa sam
kuseenagar,AC334_S24A334P361, 361pam0abh0amoo0aj0 sikatiyaa ,moohamdaajameen ,moohamdaajameen,pam0abh0amoo0aj0 sikatiyaa
phiroojaabaad,AC098_S24A098P212, 212praa0apaa0 nagalaa raghool ,naavalee ,naavalee,praa0apaa0 nagalaa raghool
bijanour,AC022_S24A022P395, 395praa0 vi0 khaaree kaksh  2,khaaree ,khaaree,praa0 vi0 khaaree
ilaahaabaad,AC257_S24A257P124, 124praathamik vidyaalay souraa d0 bhaag ,souraa ,souraa,praathamik vidyaalay souraa d0 bhaag
gaajeepur,AC379_S24A379P083, 83praa൦paa൦ nariyaamv oorph umaragamj (madhy ,nariyaaഁav urph ,nariyaaav urph,praapaa nariyaamv oorph umaragamj madhy
ilaahaabaad,AC262_S24A262P010, 10raajakeey baalikaa intar kaalej phaaphaamaoo dakshinee bhaag-3 ,ilaahaabaad ,ilaahaabaad,raajakeey baalikaa intar kaalej phaaphaamaoo dakshinee bhaag3
aajamagadh,AC351_S24A351P011, 11praa00avi൦ mah൒avaaree kaksh-൯ ,mah൒avaaree ,mahavaaree,praa00avi mahavaaree kaksh
aleegadh,AC073_S24A073P197, 197praaimaree skool doodhamaa k൦nam൦  -२,dadhamaa ,dadhamaa,praaimaree skool doodhamaa knam
aleegadh,AC077_S24A077P373, 373praa0 skool jeevanapur ,SRN ANG ,srn ang,praa0 skool jeevanapur
haradooee,AC157_S24A157P322, 322praa0apaa൦ thookakhaalaa k0anam൦  २,thookakhaalaa ,thookakhaalaa,praa0apaa thookakhaalaa k0anam
baaraabamkee,AC267_S24A267P042, 42praa0 vi0 laalapur karaathaa kaksh sam0  2,kuthaloopur ,kuthaloopur,praa0 vi0 laalapur karaathaa sam0
aajamagadh,AC351_S24A351P322, 322praa0avi0 salemapur kaksh-2 ,jiganee ,jiganee,praa0avi0 salemapur kaksh2
barelee,AC126_S24A126P231, 231praa0apaa0 goothaa Wess HO ato  1,goothaa khan‍duaa ,goothaa khanduaa,praa0apaa0 goothaa wess ho ato
kannouj,AC197_S24A197P004, 4praa0apaa0 nayaa bhavan sourikh ,sourikh ,sourikh,praa0apaa0 nayaa sourikh
haapud,AC059_S24A059P281, 281navabhaarath uchchathar maa0avi0 chhapakoulee k0an0  2,chhapakoulee ,chhapakoulee,navabhaarath uchchathar maa0avi0 chhapakoulee k0an0
basthee,AC307_S24A307P421, 421praathamik vidyaalay khamhariyaagamgaaraam ,paneraabhaaree ,paneraabhaaree,praathamik vidyaalay khamhariyaagamgaaraam
auraiyaa,AC202_S24A202P113, 113praaevi൦ khaanajahaapur chhichirakuaa k0an൦  2,khaamnajahaapur chirakuaa ,khaamnajahaapur chirakuaa,praaevi khaanajahaapur chhichirakuaa k0an
kousaambee,AC253_S24A253P078, 78praa0avi0 mirjaapur gous poo0 bhaag ,WAG uparahaar ,wag uparahaar,praa0avi0 mirjaapur gous poo0 bhaag
phararookhaabaad,AC195_S24A195P214, 214medhaasyaamapur ,medhaa syaamapur ,medhaa syaamapur,medhaasyaamapur
merath,AC047_S24A047P345, 345kanoohar laal gals iam0akaa0 saaketh k0anam-3 ,INO ,ino,kanoohar laal gals iam0akaa0 saaketh k0anam3
amethee,AC185_S24A185P045, 45praa0 paa0 jaakhaasivapur kaksh sam൦  1,jaakhaa sivapur ,jaakhaa sivapur,praa0 paa0 jaakhaasivapur sam
gaajeepur,AC375_S24A375P257, 257sarasvathee sisu mandir navaabagamj sthith chehalasathun k0an04 ,gaajeepur ,gaajeepur,sarasvathee sisu navaabagamj chehalasathun k0an04
merath,AC045_S24A045P122, 122praa0 vi0 kudee kamaalapur ,Hel HAM ,hel ham,praa0 vi0 kudee kamaalapur
bhadoohee,AC392_S24A392P294, 294em൦ae൦ samad iamtar kaalej bhadoohee uththaree chhoor ,bhadoohee ,bhadoohee,emae samad iamtar kaalej bhadoohee uththaree chhoor
mahaaraajagamj,AC318_S24A318P374, 374praa0avi0agoopaalaa k0anam൦2 ,goopaalaa ,goopaalaa,praa0avi0agoopaalaa k0anam2
gaajeepur,AC376_S24A376P013, 13praa0 paa0 koor (poo൦achhoor ,koor ,koor,praa0 paa0 koor pooachhoor
baliyaa,AC363_S24A363P128, 128praa0apaa0 raamapur misr sthith jagadevaa p0 ,jagadevaa ,jagadevaa,praa0apaa0 raamapur misr jagadevaa p0
baagapath,AC052_S24A052P246, 246harijan choupaal athi saamkaroooud ,saakaroumd ,saakaroumd,harijan choupaal athi saamkaroooud
barelee,AC124_S24A124P019, 19gulaabaraay i൦ kaalej k0anam:൪൦  १,barelee ,barelee,gulaabaraay i kaalej k0anam
ilaahaabaad,AC258_S24A258P155, 155pamchaayathaghar kukudaa d0abhaag ,kukudhaa ,kukudhaa,pamchaayathaghar kukudaa d0abhaag
goondaa,AC297_S24A297P179, 179pamchaayath ghar banagaav k൦ n൦  01,banagaamv ,banagaamv,pamchaayath banagaav k n 01
amethee,AC185_S24A185P245, 245praa0 paa0 nevaadaakisunagadh kaksh sam01 ,nevaadaakasunagadh ,nevaadaakasunagadh,praa0 paa0 nevaadaakisunagadh sam01
barelee,AC120_S24A120P019, 19praa0 paa0 kaavarakhaas k0 n0  1,seragadh ,seragadh,praa0 paa0 kaavarakhaas k0 n0
etaa,AC103_S24A103P319, 319praa0apaa൦ vichapuree imaadapur ,vichapuree imaadapur ,vichapuree imaadapur,praa0apaa vichapuree imaadapur
baagapath,AC050_S24A050P301, 301praaeemaree paathasaalaa sirasalagadh ,sirasal darakaavadaa ,sirasal darakaavadaa,praaeemaree paathasaalaa sirasalagadh
aajamagadh,AC352_S24A352P117, 117praa0avi0 rahilaa ,rahilaa ,rahilaa,praa0avi0 rahilaa
gaajeepur,AC375_S24A375P294, 294praa0apaa0 chakamubaarak moohiuddeen urph jamjeerapur ,chakamubaarak ,chakamubaarak,praa0apaa0 chakamubaarak moohiuddeen urph jamjeerapur
sulthaanapur,AC187_S24A187P297, 297praa൦avi൦ narahee ,axel ,axel,praaavi narahee
phathehapur,AC242_S24A242P196, 196praa0avi0 aleemaoo majare maoopaaraa kaksh sam0  2,maoopaaraa ,maoopaaraa,praa0avi0 aleemaoo majare maoopaaraa sam0
lakhanaoo,AC174_S24A174P087, 87kaalej aaph teechar ejukesanal see0atee0aee0 kaksh samkhyaa-1 ,lakhanaoo ,lakhanaoo,kaalej aaph teechar ejukesanal see0atee0aee0 samkhyaa1
jounapur,AC364_S24A364P091, 91praa0avi0 saahapur saanee ,saahapur saahanee ,saahapur saahanee,praa0avi0 saahapur saanee
NA,AC096_S24A096P310, 310praapaa.chidaraee khaas kas  २,NA,NA,praapaachidaraee khaas kas
baharaaich,AC283_S24A283P227, 227p0amaa0avi൦-badhaiyaa kalaam k0anam൦-൧ ,bhavaniyaapur banaghasaree ,bhavaniyaapur banaghasaree,p0amaa0avibadhaiyaa kalaam k0anam
baaraabamkee,AC266_S24A266P088, 88praa0 vi0 mithavaaraa paschimee bhaag ,mithavaaraa ,mithavaaraa,praa0 vi0 mithavaaraa paschimee bhaag
saahajahaaapur,AC136_S24A136P388, 388praa0 skool nusarathapur urph baadeegaamv kaksh s൦  १,nusarathapur urph ,nusarathapur urph,praa0 skool nusarathapur urph baadeegaamv s
aagaraa,AC093_S24A093P229, 229praa0avi0athaaഁasapuraa k.n.1 ,thaasapuraa ,thaasapuraa,praa0avi0athaaasapuraa kn1
muraadaabaad,AC028_S24A028P093, 93sarasvathee mandir kataghar kaksh-1 ,muraadaabaad ,muraadaabaad,sarasvathee kataghar kaksh1
goutham buddh nagar,AC062_S24A062P198, 198agresan i0akaa0 daadaree k0an0  3,daadaree ,daadaree,agresan i0akaa0 daadaree k0an0
barelee,AC119_S24A119P001, 1rij൦ kaas൦ai൦ skool seesagadh k൦anam൦  १,seesagadh ,seesagadh,1rij kaasai skool seesagadh kanam
mujaphpharanagar,AC013_S24A013P225, 225jay bhaarath intar k൉alej dakshinee bhaag mem poorv kaa kamaraa nambar  5chhapaar ,chhapaar ,chhapaar,225jay bhaarath intar kalej dakshinee bhaag mem poorv kamaraa nambar 5chhapaar
badaayoom,AC114_S24A114P059, 59joo0ahaa0 skool simarraa bhoojapur k0anam0  2,simaraa bhoojapur ,simaraa bhoojapur,joo0ahaa0 skool simarraa bhoojapur k0anam0
kuseenagar,AC335_S24A335P063, 63praa0 paa0 gagaraaee kaksh-3 ,gamgaraaee ,gamgaraaee,praa0 paa0 gagaraaee kaksh3
haradooee,AC154_S24A154P076, 76praa0apaa൦ malikaapur ,NA,NA,praa0apaa malikaapur
bulandasahar,AC066_S24A066P377, 377gesoopur praaeemaree skool k0 nam0-2 ,gesoopur ,gesoopur,gesoopur praaeemaree skool k0 nam02
haatharas,AC080_S24A080P317, 317praa0 paa0 baravaanaa k0an0  02,barabaanaa ,barabaanaa,praa0 paa0 baravaanaa k0an0 02
NA,AC282_S24A282P301, 301praa0avi൦-paragahavaa k0anam൦-൧ ,NA,NA,praa0aviparagahavaa k0anam
chandoulee,AC380_S24A380P278, 278joo൦ haa൦ skool baburee kaksh sam൦൩ ,baburee ,baburee,278joo haa skool baburee sam
mahaaraajagamj,AC317_S24A317P007, 7raadhaa ku0ai0akaa0ath6atheebaaree kamaraa nam0-4 ,ththeebaaree ,ththeebaaree,raadhaa ku0ai0akaa0ath6atheebaaree kamaraa nam04
bhadoohee,AC393_S24A393P235, 235praa0avi0 duhiyaaഁ k0asam0-1 ,daaneepattee uparavaar ,daaneepattee uparavaar,praa0avi0 duhiyaa k0asam01
vaaraanasee,AC391_S24A391P107, 107joo0 haa0 skool ghoosilaa ,Gag ,gag,joo0 haa0 skool ghoosilaa
ilaahaabaad,AC259_S24A259P271, 271praa0avi0-payaagapur u0abhaag ,payaagapur ,payaagapur,praa0avi0payaagapur u0abhaag
phaijaabaad,AC275_S24A275P125, 125audyoogik prasikshan samsthaan phaijaabaad kaksh sakhyaa-2 ,phaijaabaad ,phaijaabaad,audyoogik prasikshan samsthaan phaijaabaad sakhyaa2
NA,AC209_S24A209P083, 83praa vidyaalay devakalee bilhour kaksh sam  १,devakalee bilhour ,devakalee bilhour,praa vidyaalay devakalee bilhour sam
aajamagadh,AC345_S24A345P294, 294praa0 vi0 bhoovanaa bujurg kaksh sam0  2,bhruvanaa bujurg ,bhruvanaa bujurg,praa0 vi0 bhoovanaa bujurg sam0
kheeree,AC137_S24A137P350, 350punabhoogrant ,Yay grant ,yay grant,punabhoogrant
phiroojaabaad,AC097_S24A097P329, 329raamaanand i൦akaa൦ booddhaaasram taampaakalaa rood sukhamalapur nijaamaabaad kan൦n൦  2,phiroojaabaad ,phiroojaabaad,raamaanand iakaa booddhaaasram taampaakalaa rood sukhamalapur nijaamaabaad kann
aajamagadh,AC347_S24A347P242, 242praa0 vi0 Hach (kaksh sam0  -2),bhadulee ,bhadulee,praa0 vi0 hach sam0
aleegadh,AC072_S24A072P072, 72praa0apaa0 kan‍hooee ,hess ,hess,praa0apaa0 kanhooee
auraiyaa,AC204_S24A204P283, 283kanyaa poo0amaa0avi0 khaanderaab thaalaab auraiyaa k0anam0  1,auraiyaa ,auraiyaa,kanyaa poo0amaa0avi0 khaanderaab thaalaab auraiyaa k0anam0
aajamagadh,AC350_S24A350P346, 346praa0avi0 amoudaa moohiuddeenapur ,amoud഼aa moohiuddeenapur ,amoudaa moohiuddeenapur,praa0avi0 amoudaa moohiuddeenapur
saamalee,AC009_S24A009P095, 95praaimaree paathasaalaa k0 n0  -1chamdenaamaal ,chandenaamaal ,chandenaamaal,praaimaree paathasaalaa k0 n0 1chamdenaamaal
gaajeepur,AC379_S24A379P323, 323madarasaa gousiyaa masthaanabaag mahaaaree (d0achhoor ,baaraa a ,baaraa a,madarasaa gousiyaa masthaanabaag mahaaaree d0achhoor
haradooee,AC158_S24A158P199, 199praa൦ paa൦ simdhuvaamaoo k൦ nam൦  २,simdhuaamaoo ,simdhuaamaoo,praa paa simdhuvaamaoo k nam
vaaraanasee,AC391_S24A391P017, 17praa0apaa൦ bajaradeehaa k0asam0  1,haribhaanapur ,haribhaanapur,praa0apaa bajaradeehaa k0asam0
ilaahaabaad,AC254_S24A254P048, 48praathamik vidyaalay malaak payaagee bhaag-൨ ,malraak payaagee ,malraak payaagee,praathamik vidyaalay malaak payaagee bhaag
lakhanaoo,AC170_S24A170P434, 434aadars uchchathar maadhyimak vidyaalay ahamaamaoo kaksh sam0  २,ahamaamath ,ahamaamath,aadars uchchathar maadhyimak vidyaalay ahamaamaoo sam0
itaavaa,AC200_S24A200P391, 391praa0apaa0 nagalaa haviliyaa ,kaameth ,kaameth,praa0apaa0 nagalaa haviliyaa
gaajeepur,AC378_S24A378P262, 262be0apraa0 surathaapur khaas (madhy ,sarathaapur khaas ,sarathaapur khaas,be0apraa0 surathaapur khaas madhy
gaajeepur,AC377_S24A377P005, 5praae0apaa0 bahathuraa p0achhoor ,bahathuraa ,bahathuraa,praae0apaa0 bahathuraa p0achhoor
goondaa,AC300_S24A300P074, 74praaimaree paathasaalaa d0 bhaag ramaraaeepur ,ramaraaeepur ,ramaraaeepur,praaimaree paathasaalaa d0 bhaag ramaraaeepur
unnaav,AC167_S24A167P092, 92praa0apaa0 mamjhhakhooriyaa ,atharasaee ,atharasaee,praa0apaa0 mamjhhakhooriyaa
aagaraa,AC087_S24A087P407, 407p0 hoothee laal i0akaa0 diphens k൉aloonee souhallaa k0 n0  3,aagaraa ,aagaraa,p0 hoothee laal i0akaa0 diphens kaloonee souhallaa k0 n0
ambedakar nagar,AC280_S24A280P431, 431poorv maadhyamik vidyaalay goopareechaamdapur (pischimee ,goopareechaamdapur ,goopareechaamdapur,poorv maadhyamik vidyaalay goopareechaamdapur pischimee
muraadaabaad,AC028_S24A028P365, 365ke0ajee0ake0 digree kaa0 kaksh-1 ,muraadaabaad ,muraadaabaad,ke0ajee0ake0 digree kaa0 kaksh1
itaavaa,AC200_S24A200P332, 332praa0 paa0 maanikapur visoo kaksh  2,maanikapur vis ,maanikapur vis,praa0 paa0 maanikapur visoo
gaajeepur,AC375_S24A375P235, 235oriyantal chasmerahamath skool (k0an02 ,gaajeepur ,gaajeepur,oriyantal chasmerahamath skool k0an02
ambedakar nagar,AC280_S24A280P293, 293praathamik vidyaalay khaalisapur goodaam (uththaree ,khaalisapur goodaam ,khaalisapur goodaam,praathamik vidyaalay khaalisapur goodaam uththaree
badaayoom,AC117_S24A117P272, 272praa0 vi0 k0 nam0  1kaimee ,bay ,bay,praa0 vi0 k0 nam0 1kaimee
prathaapagadh,AC248_S24A248P071, 71jilaa parishad haal kaksh samkhyaa  ०1,belhaa prathaapagadh ,belhaa prathaapagadh,jilaa parishad haal samkhyaa 1
bijanour,AC020_S24A020P259, 259praa൦avi0 namgalaa bhajjaa kaksh  1,namgalaa bhajjaa ,namgalaa bhajjaa,praaavi0 namgalaa bhajjaa
kuseenagar,AC333_S24A333P166, 166praaimaree paathasaalaa piparaajataamapur kaksh n  ००४,piparaa jataamapur ,piparaa jataamapur,praaimaree paathasaalaa piparaajataamapur
muraadaabaad,AC026_S24A026P146, 146muslim i0akaa0 kaksh-10 n0apaa0apari0 thaakuradavaaraa ,thaakuradavaaraa ,thaakuradavaaraa,muslim i0akaa0 kaksh10 n0apaa0apari0 thaakuradavaaraa
goorakhapur,AC325_S24A325P272, 272poo0amaa0avi0 sikareegamj k0an04 ,sikareedeeh bu0 ,sikareedeeh bu0,poo0amaa0avi0 sikareegamj k0an04
goondaa,AC296_S24A296P356, 356kanyaa joo൦ahaa൦ skool banaghusaraa k0 AO  3,banaghusaraa ,banaghusaraa,kanyaa jooahaa skool banaghusaraa k0 ao
kheeree,AC137_S24A137P328, 328kukaraa ,kukaraa ,kukaraa,kukaraa
ambedakar nagar,AC280_S24A280P267, 267praathamik vidyaalay nimatinee (madhy ,nimatinee ,nimatinee,praathamik vidyaalay nimatinee madhy
kannouj,AC198_S24A198P474, 474praa0apaa0akripaalapuravaa ,NA,NA,praa0apaa0akripaalapuravaa
barelee,AC125_S24A125P180, 180aajaad intar kaalej syaamagamj k0anam൦  १२,barelee ,barelee,aajaad intar kaalej syaamagamj k0anam
phathehapur,AC238_S24A238P160, 160aa0as0 simh aa0ai൩0akaa0 kasbaa koodaa jahaanaabaad kaksh  - 1,koodaa jahaanaabaad ,koodaa jahaanaabaad,aa0as0 simh aa0ai0akaa0 kasbaa koodaa jahaanaabaad
unnaav,AC167_S24A167P261, 261uchch praathamik vighaalay beroo ,ae ,NA,uchch praathamik vighaalay beroo
auraiyaa,AC202_S24A202P219, 219praa0avi൦ kalyaanapur jaagoo poo൦ ,kalyaanapur jaagoo ,kalyaanapur jaagoo,praa0avi kalyaanapur jaagoo poo
barelee,AC125_S24A125P263, 263gaamdhee maimoo൦ skool bihaareepur sivil laaeens Ho nam൦  ३,barelee ,barelee,gaamdhee maimoo skool bihaareepur sivil laaeens ho nam
baamdaa,AC234_S24A234P233, 233raajakeey baalikaa intar kaalej athars kaksh sam0  - 3,atharraa ,atharraa,raajakeey baalikaa intar kaalej athars sam0
unnaav,AC164_S24A164P175, 175praa0apaa0 raaneekhedaa khaalasaa ,raaneekhed഼aa khaalasaa ,raaneekhedaa khaalasaa,praa0apaa0 raaneekhedaa khaalasaa
merath,AC046_S24A046P198, 198jay javaan joo0ahaa0 skool k0an0  -4sikhedaa ,sikhedaa ,sikhedaa,198jay javaan joo0ahaa0 skool k0an0 4sikhedaa
prathaapagadh,AC248_S24A248P327, 327praa൦avi൦ parasoopur k൦asam൦  १,kataaree ,kataaree,praaavi parasoopur kasam
mathuraa,AC082_S24A082P384, 384poorv maa൦agvi൦ soonaee kann൦  1,thookajnjaan ,thookajnjaan,poorv maaagvi soonaee kann
seethaapur,AC152_S24A152P230, 230praa൦anavi൦ bahaadurapur k൦n൦-1 ,sidhoolee ,sidhoolee,praaanavi bahaadurapur kn1
baharaaich,AC283_S24A283P099, 99praa0avi൦-koodarailaa daa൦agabarakhaa k൦an൦-൧൯ ,gavarakhaa ,gavarakhaa,praa0avikoodarailaa daaagabarakhaa kan
ad,AC356_S24A356P238, 238khagasvi൦akaaryaathray paradamhaa u൦abhaag-1 ,maoonaath bhamjan ,maoonaath bhamjan,khagasviakaaryaathray paradamhaa uabhaag1
aagaraa,AC087_S24A087P438, 438tal pablik skool sevalaa saraay k0an0  7,aagaraa ,aagaraa,438tal pablik skool sevalaa saraay k0an0
vaaraanasee,AC385_S24A385P254, 254praa0apaa0 thaad഼ee k0asam02 ,dist ,dist,praa0apaa0 thaadee k0asam02
seethaapur,AC149_S24A149P275, 275praa0 vi0 haraiyaa baajaar sthith haraiyaa m0 piparaakhurd arjunasimh ,piparaa khurd arjun ,piparaa khurd arjun,praa0 vi0 haraiyaa baajaar haraiyaa m0 piparaakhurd arjunasimh
goondaa,AC300_S24A300P234, 234praaimaree paathasaalaa upaadhyaayapur grant k0 nam0  २,upaadhyaayapur Gee ,upaadhyaayapur gee,praaimaree paathasaalaa upaadhyaayapur grant k0 nam0
peeleebheeth,AC130_S24A130P103, 103karanapur chak ,karanapur chak ,karanapur chak,karanapur chak
ilaahaabaad,AC259_S24A259P114, 114praa0avi0 soonaaee uththaree bhaag ,Ales ,ales,praa0avi0 soonaaee uththaree bhaag
mainapuree,AC109_S24A109P118, 118praa paa atiyaa ,ilaahaabaad ,ilaahaabaad,praa paa atiyaa
goutham buddh nagar,AC063_S24A063P274, 274intar kaalej dayaanathapur k0anam0  ३,dayaanathapur ,dayaanathapur,intar kaalej dayaanathapur k0anam0
sulthaanapur,AC189_S24A189P385, 385praa0avi0 raaeebeegoo kaksh sam0  २,raaeebeegoo ,raaeebeegoo,praa0avi0 raaeebeegoo sam0
bulandasahar,AC065_S24A065P286, 286bulandasahar khaalasaa intar kaalej Hick.  2,bulandasahar ,bulandasahar,bulandasahar khaalasaa intar kaalej hick
gaajeepur,AC375_S24A375P356, 356praa0apaa0 saithaapattee poo0achhoor ,saithaapattee uparavaar ,saithaapattee uparavaar,praa0apaa0 saithaapattee poo0achhoor
baamdaa,AC235_S24A235P168, 168praanvinpalharee kaksh sam൦  १,palharee ,palharee,praanvinpalharee sam
saahajahaaapur,AC135_S24A135P338," 338praathamik vidhaalay, p0 kaksh, udayapur kataiyaa ",udayapur kataiyaa ,udayapur kataiyaa,praathamik vidhaalay p0 udayapur kataiyaa
gaajeepur,AC376_S24A376P292, 292praa0 paa0 misrouliyaa (poo0achhoor ,misravaliyaa ,misravaliyaa,praa0 paa0 misrouliyaa poo0achhoor
pharrookhaabaad,AC193_S24A193P280, 280pakhanaa ,pakhanaa ,pakhanaa,pakhanaa
haatharas,AC079_S24A079P262, 262baasadev joo൦ahaa൦ skool saadaabaad k0anam0  01,saathadathaabaad ,saathadathaabaad,baasadev jooahaa skool saadaabaad k0anam0 01
barelee,AC121_S24A121P336, 336joo൦ haa൦ skool madhunagalaa k0anam0൧ ,madhoonagalaa ,madhoonagalaa,336joo haa skool madhunagalaa k0anam0
raamapur,AC034_S24A034P052, 52praathamik vidyaalay noorapur ,khedaa paarasal ,khedaa paarasal,praathamik vidyaalay noorapur
phathehapur,AC241_S24A241P078, 78kanyaa praa0 vi0 sidhaamv kaksh s01 ,sidhaamv ,sidhaamv,kanyaa praa0 vi0 sidhaamv s01
maoo,AC354_S24A354P327, 327mis൦abaa൦ u൦ vi൦ skool koopaagamjam൦ bhaag  -5,koopaagamj ,koopaagamj,misabaa u vi skool koopaagamjam bhaag
saahajahaaapur,AC131_S24A131P213, 213praa0apaa0 kootaakhaas ,kootaa khaas ,kootaa khaas,praa0apaa0 kootaakhaas
baaraabamkee,AC266_S24A266P155, 155praa0 vi0 hasanapur taadaa kaksh sam0  २,hasanapur taandaa ,hasanapur taandaa,praa0 vi0 hasanapur taadaa sam0
badaayoom,AC115_S24A115P280, 280praa0 vidhaalay muhammadapur vyaar k0anam0  1,muhammadapur byour ,muhammadapur byour,praa0 vidhaalay muhammadapur vyaar k0anam0
aleegadh,AC073_S24A073P129, 129praaimaree skool nouaree ,nouaree ,nouaree,praaimaree skool nouaree
raay barelee,AC177_S24A177P122, 122dehalee ,dehalee ,dehalee,dehalee
baaraabamkee,AC270_S24A270P429, 429praa.vi choureealaadaadapur nayaa bhavan k.n.1 ,chouree aalaadaadapur ,chouree aalaadaadapur,praavi choureealaadaadapur nayaa kn1
mahaaraajagamj,AC315_S24A315P252, 252praa൦ vi൦ prithveepaalagadh഼ uththar ,prithveepaalagadh ,prithveepaalagadh,praa vi prithveepaalagadh uththar
jaaloun,AC221_S24A221P391, 391raajakeey baalikaa intar kaalej uraee nayaa bhavan uraee ,uraee ,uraee,raajakeey baalikaa intar kaalej uraee nayaa uraee
phiroojaabaad,AC097_S24A097P159, 159moulaanaaaajaad nisvaagarls i.kaa gadhaiyaa k.n  5,phiroojaabaad ,phiroojaabaad,moulaanaaaajaad nisvaagarls ikaa gadhaiyaa kn
siddhaarthanagar,AC303_S24A303P233, 233gadahamaravaa ,gadahamaravaa ,gadahamaravaa,gadahamaravaa
phararookhaabaad,AC195_S24A195P113, 113malookhar majaraa Ale ,maaഁadhaa ,maaadhaa,malookhar majaraa ale
mathuraa,AC083_S24A083P107, 107joo൦ahaa൦askool paithaa k൦n൦൧ ,paithaa ,paithaa,jooahaaaskool paithaa kn
wed kabeer nagar,AC312_S24A312P251, 251joo0ahaa0asak‌al nan‍dour kaksh samkhyaa-1 ,acalt ,acalt,joo0ahaa0asakal nandour samkhyaa1
aajamagadh,AC349_S24A349P123, 123joo0ahaa0 skool oril kaksh  2,NA,NA,joo0ahaa0 skool oril
garaget,AC069_S24A069P185, 185doumalaa hasanagadh praaeemaree skool k0anam0  2,doomalaa hamsanagadh ,doomalaa hamsanagadh,doumalaa hasanagadh praaeemaree skool k0anam0
aagaraa,AC088_S24A088P308, 308ahamadiyaa haneephiyaa i൦ kaa൦ dhooleekhaar k൦ n൦  3,aagaraa ,aagaraa,ahamadiyaa haneephiyaa i kaa dhooleekhaar k n
baagapath,AC052_S24A052P156, 156jooniyar haaee skool k0an0  2muraagaaഁav urph roosanagadh ,muthuraadagaamv urph ,muthuraadagaamv urph,jooniyar haaee skool k0an0 2muraagaaav urph roosanagadh
aajamagadh,AC351_S24A351P128, 128praa0avi0 badagahan kaksh-1 ,badagahan ,badagahan,praa0avi0 badagahan kaksh1
sambhal,AC111_S24A111P266, 266poorv maadhyamik vi൦ k0an൦൨ sulthaanagadh ,sulthaanagadh ,sulthaanagadh,poorv maadhyamik vi k0an sulthaanagadh
aajamagadh,AC346_S24A346P139, 139praa0avi0 neebee bujurg ,neebee bujurg ,neebee bujurg,praa0avi0 neebee bujurg
pharookhaabaad,AC195_S24A195P147, 147maanikapur ,maanikapur ,maanikapur,maanikapur
lakhanaoo,AC173_S24A173P023, 23kaamaakhyaa baal vidyaa mandir kalyaan pur kaksh sam0-4 ,NA,NA,kaamaakhyaa baal vidyaa kalyaan pur sam04
phathehapur,AC242_S24A242P054, 54praa0avi0 naroulee bujurg ,naroulee bujurg ,naroulee bujurg,praa0avi0 naroulee bujurg
kheeree,AC144_S24A144P331, 331n0apam0abarabar ,Wat ,wat,n0apam0abarabar
unnaav,AC167_S24A167P258, 258praa0apaa0 samkarabaks khedaa ,jabarelaa ,jabarelaa,praa0apaa0 samkarabaks khedaa
kaanapur nagar,AC210_S24A210P374, 374praa.paa eetaarooraa kaksh sam0  1,NA,NA,praapaa eetaarooraa sam0
goorakhapur,AC320_S24A320P330, 330praa0apaa0 nayaagaamv k0asam01 ,nayaagaamv ,nayaagaamv,praa0apaa0 nayaagaamv k0asam01
goutham buddh nagar,AC063_S24A063P273, 273intar kaalej dayaanathapur k0anam0  २,dayaanathapur ,dayaanathapur,intar kaalej dayaanathapur k0anam0
phiroojaabaad,AC098_S24A098P347, 347praa0apaa0 vadanapur karkhaa ,badanapur karkhaa ,badanapur karkhaa,praa0apaa0 vadanapur karkhaa
baliyaa,AC358_S24A358P250, 250praa0 paa0 deharee (m0 ,deharee ,deharee,praa0 paa0 deharee m0
kuseenagar,AC333_S24A333P321, 321praaimaree paathasaalaa mathoulee kaksh n of ,mathoulee ,mathoulee,praaimaree paathasaalaa mathoulee of
merath,AC043_S24A043P072, 72uchch praa0 vi0 khirvaa nouaabaad k0as0  1,khirvaa nouaabaad ,khirvaa nouaabaad,uchch praa0 vi0 khirvaa nouaabaad k0as0
mujaphpharanagar,AC011_S24A011P032, 32sree paarsvanaath jain i0 kaa0 joulaa k0an0  4,joulaa ,joulaa,sree paarsvanaath jain i0 kaa0 joulaa k0an0
goorakhapur,AC328_S24A328P186, 186poo0 maa0 vi0 goolaa madhy  १,byooree mu0 ,byooree mu0,poo0 maa0 vi0 goolaa madhy
lalithapur,AC227_S24A227P385, 385praa0 paa0 simgaravaaraa ,simgaravaaraa ,simgaravaaraa,praa0 paa0 simgaravaaraa
phiroojaabaad,AC095_S24A095P405, 405u0apraa0avi0 milik bheekanapur ,bheekanapur meghapur ,bheekanapur meghapur,u0apraa0avi0 milik bheekanapur
aleegadh,AC077_S24A077P189, 189praa0 skool maamthee ,maamthee ,maamthee,praa0 skool maamthee
gaajiyaabaad,AC053_S24A053P019, 19dee.pee maardan sekendee skool raamapaark visthaar ,hakeekathapur khudaabaams ,hakeekathapur khudaabaams,deepee maardan sekendee skool raamapaark visthaar
sambhal,AC032_S24A032P241, 241praathamik skool raamapur urph഼ yaarapur ,raamapur urph yaarapur ,raamapur urph yaarapur,praathamik skool raamapur urph yaarapur
merath,AC049_S24A049P377, 377e0aaaee0aem0aintaranesanal ekaademee daamoodar kaaloonee k0anam0-2 ,ANS ,ans,e0aaaee0aem0aintaranesanal ekaademee daamoodar kaaloonee k0anam02
gaajeepur,AC374_S24A374P242, 242praa൦anavi൦agkootisaa p൦achhoor ,gooraaree ,gooraaree,praaanaviagkootisaa pachhoor
basthee,AC308_S24A308P158, 158praathamik vidyaalay had഼ahee ,rathanapurakhaas ,rathanapurakhaas,praathamik vidyaalay hadahee
unnaav,AC165_S24A165P318, 318praa0 vi0 masavaasee athirikth kaksh ,NA,NA,praa0 vi0 masavaasee athirikth
aajamagadh,AC348_S24A348P266, 266praa0avi0 badahariyaa kaksh sam0  - १,bad഼ahariyaa ,badahariyaa,praa0avi0 badahariyaa sam0
raamapur,AC038_S24A038P246, 246praathamik vidyaalay bhourakee jadeed ,bhourakee jadeed ,bhourakee jadeed,praathamik vidyaalay bhourakee jadeed
gaajeepur,AC373_S24A373P327, 327joo0 haa0 skool raamapur balabhadr athirikth kaksh ,raamapur balabhadr ,raamapur balabhadr,joo0 haa0 skool raamapur balabhadr athirikth
phaijaabaad,AC273_S24A273P288, 288praathamik vidyaalay kuraavan kaksh sam1-1 ,kuraavan ,kuraavan,praathamik vidyaalay kuraavan sam11
gaajeepur,AC373_S24A373P035, 35praa0 paa0 gahanee p.chhoor ,gahanee ,gahanee,praa0 paa0 gahanee pchhoor
badaayoom,AC112_S24A112P016, 16syaamapur praa vi k nam.-൧ ,syaamapur ,syaamapur,syaamapur praa vi nam
ilaahaabaad,AC259_S24A259P063, 63praa0avi0-devahataa ,devahataa uparahaar ,devahataa uparahaar,praa0avi0devahataa
aajamagadh,AC351_S24A351P269, 269sree krishn geethaa raa0 i0akaa0 laalagamj kaksh-1 ,kataghar laalagamj ,kataghar laalagamj,sree krishn geethaa raa0 i0akaa0 laalagamj kaksh1
jaaloun,AC221_S24A221P185, 185jooniyar haaee skool kharoosaa ,kharoosaa ,kharoosaa,jooniyar haaee skool kharoosaa
kuseenagar,AC332_S24A332P247, 247praa൦ paa൦ baravaasukadev ,belavaa sukadev ,belavaa sukadev,praa paa baravaasukadev
barelee,AC124_S24A124P171, 171kanyaa paathasaalaa hajiyaapur k0anam൦൯ ,barelee ,barelee,kanyaa paathasaalaa hajiyaapur k0anam
muraadaabaad,AC025_S24A025P080, 80k0 ju0 haa0 skool mukhthyaarapur navaadaa kaksh-2 ,mukhthyaarapur navaadaa ,mukhthyaarapur navaadaa,k0 ju0 haa0 skool mukhthyaarapur navaadaa kaksh2
maoo,AC354_S24A354P207, 207praa0apaa0 sikarour ,sikarour ,sikarour,praa0apaa0 sikarour
sraavasthee,AC290_S24A290P138, 138gujaravaaraa ,gujaravaaraa ,gujaravaaraa,gujaravaaraa
kaanapur dehaath,AC205_S24A205P043, 43praathamik paathasaalaa munabbarapur rasoolaabaad ,mumunabbarapur ,mumunabbarapur,praathamik paathasaalaa munabbarapur rasoolaabaad
badaayoom,AC112_S24A112P145, 145khajuriyaa praa vi k nam.-൧ ,Gara ,gara,khajuriyaa praa vi nam
aagaraa,AC093_S24A093P121, 121praa0avi0ajaaroulee k.n.1 ,jaarouleee ,jaarouleee,praa0avi0ajaaroulee kn1
garaget,AC069_S24A069P329, 329risaathr‌ praa0aeskool k0anam0  1,risaaloo ,risaaloo,risaathr praa0aeskool k0anam0
balaraamapur,AC292_S24A292P356, 356praa0 paa0 majagavooaaഁ d0 bhaag ,majagamvaa ,majagamvaa,praa0 paa0 majagavooaa d0 bhaag
saahajahaaapur,AC134_S24A134P347, 347sarasvathee si0am0 vivekaanandak0asam02 puvaayaaഁ ,puvaayaam ,puvaayaam,sarasvathee si0am0 vivekaanandak0asam02 puvaayaa
muraadaabaad,AC028_S24A028P328, 328aaee0atee0aaaee0 maoo kaksh-3 ,muraadaabaad ,muraadaabaad,aaee0atee0aaaee0 maoo kaksh3
siddhaarthanagar,AC303_S24A303P245, 245baroohiyaa Grea ,deuraa jamgal ,deuraa jamgal,baroohiyaa grea
haradooee,AC157_S24A157P188, 188praa0apaa൦ jarelee k0anam൦  ९,jarelee ,jarelee,praa0apaa jarelee k0anam
seethaapur,AC148_S24A148P180, 180praa0 vi0 takelee k൦anam൦  2,takelee ,takelee,praa0 vi0 takelee kanam
baaraabamkee,AC272_S24A272P241, 241praanvi൦ bahathaa p൦abhaag ,bahathaa ,bahathaa,praanvi bahathaa pabhaag
