stratum,n_gps,n_treated,n_open,state,wave,outcome
AJMER_ARAIN.GEN,7,2,5,raj,2005,linked_wife_share
AJMER_BHINAY.GEN,2,0,2,raj,2005,linked_wife_share
AJMER_JAWAJA.GEN,9,2,7,raj,2005,linked_wife_share
AJMER_KISHANGARH (SILORA).GEN,17,5,12,raj,2005,linked_wife_share
AJMER_MASOODA.GEN,8,3,5,raj,2005,linked_wife_share
AJMER_PISANGAN.GEN,9,4,5,raj,2005,linked_wife_share
AJMER_SRINAGAR.GEN,5,3,2,raj,2005,linked_wife_share
ALWAR_BANSUR.GEN,4,0,4,raj,2005,linked_wife_share
ALWAR_BEHROR.GEN,1,0,1,raj,2005,linked_wife_share
ALWAR_KATHUMAR.GEN,17,5,12,raj,2005,linked_wife_share
ALWAR_KISHANGARH BAS.GEN,7,2,5,raj,2005,linked_wife_share
ALWAR_KOTKASIM.GEN,1,0,1,raj,2005,linked_wife_share
ALWAR_LAXMANGARH.GEN,9,3,6,raj,2005,linked_wife_share
ALWAR_MANDAWAR.GEN,6,2,4,raj,2005,linked_wife_share
ALWAR_NEEMRANA.GEN,2,0,2,raj,2005,linked_wife_share
ALWAR_RAJGARH.GEN,6,2,4,raj,2005,linked_wife_share
ALWAR_RAMGARH.GEN,15,5,10,raj,2005,linked_wife_share
ALWAR_RENI.GEN,8,2,6,raj,2005,linked_wife_share
ALWAR_THANAGAZI.GEN,10,3,7,raj,2005,linked_wife_share
ALWAR_TIJARA.GEN,9,3,6,raj,2005,linked_wife_share
ALWAR_UMREN.GEN,6,1,5,raj,2005,linked_wife_share
BARAN_ANTA.GEN,10,5,5,raj,2005,linked_wife_share
BARAN_ATRU.GEN,17,5,12,raj,2005,linked_wife_share
BARAN_BARAN (FULL).GEN,9,4,5,raj,2005,linked_wife_share
BARAN_CHHABRA.GEN,11,3,8,raj,2005,linked_wife_share
BARAN_CHHIPABAROD.GEN,11,5,6,raj,2005,linked_wife_share
BARAN_KISHANGANJ.GEN,12,5,7,raj,2005,linked_wife_share
BARAN_SHAHBAD.GEN,10,4,6,raj,2005,linked_wife_share
BARMER_BALOTRA.GEN,2,1,1,raj,2005,linked_wife_share
BARMER_BARMER.GEN,12,6,6,raj,2005,linked_wife_share
BARMER_CHOHTAN.GEN,10,5,5,raj,2005,linked_wife_share
BARMER_DHORIMANNA.GEN,8,2,6,raj,2005,linked_wife_share
BARMER_SHEO.GEN,6,2,4,raj,2005,linked_wife_share
BARMER_SINDHARI.GEN,2,0,2,raj,2005,linked_wife_share
BARMER_SIWANA.GEN,2,0,2,raj,2005,linked_wife_share
BHARATPUR_BAYANA.GEN,20,7,13,raj,2005,linked_wife_share
BHARATPUR_NADBAI.GEN,15,5,10,raj,2005,linked_wife_share
BHARATPUR_RUPBAS.GEN,14,4,10,raj,2005,linked_wife_share
BHARATPUR_SEWAR.GEN,13,3,10,raj,2005,linked_wife_share
BHARATPUR_WEIR.GEN,11,3,8,raj,2005,linked_wife_share
BHILWARA_ASIND.GEN,9,3,6,raj,2005,linked_wife_share
BHILWARA_HURDA.GEN,8,3,5,raj,2005,linked_wife_share
BHILWARA_MANDAL.GEN,11,4,7,raj,2005,linked_wife_share
BHILWARA_MANDALGARH.GEN,13,4,9,raj,2005,linked_wife_share
BHILWARA_RAIPUR.GEN,10,3,7,raj,2005,linked_wife_share
BHILWARA_SAHARA.GEN,13,3,10,raj,2005,linked_wife_share
BHILWARA_SUWANA.GEN,17,6,11,raj,2005,linked_wife_share
BIKANER_BIKANER.GEN,9,1,8,raj,2005,linked_wife_share
BIKANER_KOLAYAT.GEN,8,3,5,raj,2005,linked_wife_share
BIKANER_LUNKARANSAR.GEN,16,6,10,raj,2005,linked_wife_share
BIKANER_NOKHA.GEN,16,4,12,raj,2005,linked_wife_share
BIKANER_SRI DUNGARGARH.GEN,11,4,7,raj,2005,linked_wife_share
BUNDI_HINDOLI.GEN,19,7,12,raj,2005,linked_wife_share
BUNDI_KESHORAIPATAN.GEN,22,8,14,raj,2005,linked_wife_share
BUNDI_NAINWA.GEN,13,5,8,raj,2005,linked_wife_share
BUNDI_TALERA.GEN,9,4,5,raj,2005,linked_wife_share
CHITTAURGARH_BARI SADRI.GEN,2,1,1,raj,2005,linked_wife_share
CHITTAURGARH_BEGUN.GEN,9,6,3,raj,2005,linked_wife_share
CHITTAURGARH_BHADESAR.GEN,1,0,1,raj,2005,linked_wife_share
CHITTAURGARH_BHAINSRORGARH.GEN,9,3,6,raj,2005,linked_wife_share
CHITTAURGARH_CHITTORGARH.GEN,2,2,0,raj,2005,linked_wife_share
CHITTAURGARH_GANGRAR.GEN,9,4,5,raj,2005,linked_wife_share
CHURU_CHURU.GEN,15,5,10,raj,2005,linked_wife_share
CHURU_RAJGARH.GEN,23,7,16,raj,2005,linked_wife_share
CHURU_RATANGARH.GEN,9,1,8,raj,2005,linked_wife_share
CHURU_SARDARSHAHAR.GEN,22,7,15,raj,2005,linked_wife_share
CHURU_SUJANGARH.GEN,15,4,11,raj,2005,linked_wife_share
CHURU_TARANAGAR.GEN,13,3,10,raj,2005,linked_wife_share
DAUSA_BANDIKUI.GEN,9,4,5,raj,2005,linked_wife_share
DAUSA_DAUSA.GEN,4,2,2,raj,2005,linked_wife_share
DAUSA_LALSOT.GEN,11,4,7,raj,2005,linked_wife_share
DAUSA_MAHWA.GEN,12,4,8,raj,2005,linked_wife_share
DAUSA_SIKRAI.GEN,8,2,6,raj,2005,linked_wife_share
DHAULPUR_BARI.GEN,9,3,6,raj,2005,linked_wife_share
DHAULPUR_BASERI.GEN,9,4,5,raj,2005,linked_wife_share
DHAULPUR_DHAULPUR.GEN,9,4,5,raj,2005,linked_wife_share
DHAULPUR_RAJAKHERA.GEN,15,5,10,raj,2005,linked_wife_share
GANGANAGAR_ANUPGARH.GEN,1,0,1,raj,2005,linked_wife_share
GANGANAGAR_GANGANAGAR.GEN,5,2,3,raj,2005,linked_wife_share
GANGANAGAR_KARANPUR.GEN,1,1,0,raj,2005,linked_wife_share
GANGANAGAR_RAISINGHNAGAR.GEN,1,0,1,raj,2005,linked_wife_share
GANGANAGAR_SADULSHAHAR.GEN,5,1,4,raj,2005,linked_wife_share
GANGANAGAR_SURATGARH.GEN,13,6,7,raj,2005,linked_wife_share
HANUMANGARH_BHADRA.GEN,21,8,13,raj,2005,linked_wife_share
HANUMANGARH_HANUMANGARH.GEN,2,0,2,raj,2005,linked_wife_share
HANUMANGARH_NOHAR.GEN,10,4,6,raj,2005,linked_wife_share
JAIPUR_AMBER.GEN,5,1,4,raj,2005,linked_wife_share
JAIPUR_BASSI.GEN,6,3,3,raj,2005,linked_wife_share
JAIPUR_CHAKSU.GEN,2,0,2,raj,2005,linked_wife_share
JAIPUR_GOVINDGARH.GEN,14,3,11,raj,2005,linked_wife_share
JAIPUR_JAMWA RAMGARH.GEN,12,5,7,raj,2005,linked_wife_share
JAIPUR_JHOTWARA.GEN,4,0,4,raj,2005,linked_wife_share
JAIPUR_KOTPUTLI.GEN,4,2,2,raj,2005,linked_wife_share
JAIPUR_PHAGI.GEN,1,0,1,raj,2005,linked_wife_share
JAIPUR_SAMBHAR.GEN,2,1,1,raj,2005,linked_wife_share
JAIPUR_SANGANER.GEN,8,2,6,raj,2005,linked_wife_share
JAIPUR_SHAHPURA.GEN,4,1,3,raj,2005,linked_wife_share
JAIPUR_VIRATNAGAR.GEN,5,2,3,raj,2005,linked_wife_share
JAISALMER_JAISALMER.GEN,7,2,5,raj,2005,linked_wife_share
JAISALMER_SAM.GEN,12,4,8,raj,2005,linked_wife_share
JAISALMER_SANKRA.GEN,9,1,8,raj,2005,linked_wife_share
JHALAWAR_BAKANI.GEN,3,1,2,raj,2005,linked_wife_share
JHALAWAR_DAG.GEN,12,4,8,raj,2005,linked_wife_share
JHALAWAR_JHALRAPATAN.GEN,10,3,7,raj,2005,linked_wife_share
JHALAWAR_KHANPUR.GEN,12,3,9,raj,2005,linked_wife_share
JHALAWAR_MANOHARTHANA.GEN,8,6,2,raj,2005,linked_wife_share
JHALAWAR_PIRAWA (SUNEL).GEN,19,6,13,raj,2005,linked_wife_share
JHUNJHUNUN_KHETRI.GEN,1,1,0,raj,2005,linked_wife_share
JODHPUR_BALESAR.GEN,7,1,6,raj,2005,linked_wife_share
JODHPUR_BHOPALGARH.GEN,5,1,4,raj,2005,linked_wife_share
JODHPUR_BILARA.GEN,10,4,6,raj,2005,linked_wife_share
JODHPUR_LUNI.GEN,9,3,6,raj,2005,linked_wife_share
JODHPUR_MANDOR.GEN,6,1,5,raj,2005,linked_wife_share
JODHPUR_OSIAN.GEN,1,0,1,raj,2005,linked_wife_share
JODHPUR_PHALODI.GEN,5,1,4,raj,2005,linked_wife_share
JODHPUR_SHERGARH.GEN,12,4,8,raj,2005,linked_wife_share
KARAULI_HINDAUN.GEN,16,5,11,raj,2005,linked_wife_share
KARAULI_KARAULI.GEN,10,4,6,raj,2005,linked_wife_share
KARAULI_NADAUTI.GEN,3,1,2,raj,2005,linked_wife_share
KARAULI_SAPOTRA.GEN,10,4,6,raj,2005,linked_wife_share
KARAULI_TODABHIM.GEN,5,2,3,raj,2005,linked_wife_share
KOTA_ITAWA.GEN,7,1,6,raj,2005,linked_wife_share
KOTA_KHAIRABAD.GEN,10,3,7,raj,2005,linked_wife_share
KOTA_LADPURA.GEN,8,4,4,raj,2005,linked_wife_share
KOTA_SANGOD.GEN,15,6,9,raj,2005,linked_wife_share
KOTA_SULTANPUR.GEN,14,4,10,raj,2005,linked_wife_share
NAGAUR_DEGANA.GEN,12,3,9,raj,2005,linked_wife_share
NAGAUR_DIDWANA.GEN,1,0,1,raj,2005,linked_wife_share
NAGAUR_JAYAL.GEN,15,7,8,raj,2005,linked_wife_share
NAGAUR_MERTA.GEN,14,3,11,raj,2005,linked_wife_share
NAGAUR_MUNDWA.GEN,10,1,9,raj,2005,linked_wife_share
NAGAUR_NAGAUR.GEN,12,5,7,raj,2005,linked_wife_share
NAGAUR_PARBATSAR.GEN,2,1,1,raj,2005,linked_wife_share
NAGAUR_RIYAN BADI.GEN,10,3,7,raj,2005,linked_wife_share
PALI_BALI.GEN,14,4,10,raj,2005,linked_wife_share
PALI_DESURI.GEN,10,3,7,raj,2005,linked_wife_share
PALI_JAITARAN.GEN,5,3,2,raj,2005,linked_wife_share
PALI_KHARCHI(MAR.JUN).GEN,18,8,10,raj,2005,linked_wife_share
PALI_PALI.GEN,12,4,8,raj,2005,linked_wife_share
PALI_RAIPUR.GEN,4,2,2,raj,2005,linked_wife_share
PALI_RANI STATION.GEN,11,5,6,raj,2005,linked_wife_share
PALI_ROHAT.GEN,11,3,8,raj,2005,linked_wife_share
PALI_SOJAT.GEN,16,6,10,raj,2005,linked_wife_share
PALI_SUMERPUR.GEN,12,4,8,raj,2005,linked_wife_share
RAJSAMAND_AMET.GEN,7,2,5,raj,2005,linked_wife_share
RAJSAMAND_BHIM.GEN,13,4,9,raj,2005,linked_wife_share
RAJSAMAND_DEOGARH.GEN,8,3,5,raj,2005,linked_wife_share
RAJSAMAND_KHAMNOR.GEN,13,4,9,raj,2005,linked_wife_share
RAJSAMAND_KUMBHALGARH.GEN,14,6,8,raj,2005,linked_wife_share
RAJSAMAND_RAILMAGRA.GEN,11,3,8,raj,2005,linked_wife_share
RAJSAMAND_RAJSAMAND.GEN,9,3,6,raj,2005,linked_wife_share
SAWAI MADHOPUR_BAMANWAS.GEN,9,5,4,raj,2005,linked_wife_share
SAWAI MADHOPUR_BONLI.GEN,11,1,10,raj,2005,linked_wife_share
SAWAI MADHOPUR_GANGAPUR CITY.GEN,5,2,3,raj,2005,linked_wife_share
SAWAI MADHOPUR_KHANDAR.GEN,14,7,7,raj,2005,linked_wife_share
SAWAI MADHOPUR_SAWAI MADHOPUR.GEN,13,5,8,raj,2005,linked_wife_share
SIKAR_DANTA RAMGARH.GEN,16,3,13,raj,2005,linked_wife_share
SIKAR_DHOD.GEN,15,4,11,raj,2005,linked_wife_share
SIKAR_FATEHPUR.GEN,15,7,8,raj,2005,linked_wife_share
SIKAR_KHANDELA.GEN,16,4,12,raj,2005,linked_wife_share
SIKAR_LACHHMANGARH.GEN,10,3,7,raj,2005,linked_wife_share
SIKAR_PIPRALI.GEN,9,1,8,raj,2005,linked_wife_share
SIROHI_PINDWARA.GEN,12,6,6,raj,2005,linked_wife_share
SIROHI_REODAR.GEN,18,7,11,raj,2005,linked_wife_share
SIROHI_SHEOGANJ.GEN,11,4,7,raj,2005,linked_wife_share
SIROHI_SIROHI.GEN,12,5,7,raj,2005,linked_wife_share
TONK_DEOLI.GEN,15,6,9,raj,2005,linked_wife_share
TONK_MALPURA.GEN,15,5,10,raj,2005,linked_wife_share
TONK_NEWAI.GEN,14,4,10,raj,2005,linked_wife_share
TONK_TONK.GEN,12,3,9,raj,2005,linked_wife_share
TONK_UNIARA.GEN,11,3,8,raj,2005,linked_wife_share
UDAIPUR_BARGAON.GEN,8,4,4,raj,2005,linked_wife_share
UDAIPUR_BHINDER.GEN,11,3,8,raj,2005,linked_wife_share
UDAIPUR_GIRWA.GEN,1,0,1,raj,2005,linked_wife_share
UDAIPUR_GOGUNDA.GEN,5,2,3,raj,2005,linked_wife_share
UDAIPUR_MAVLI.GEN,9,3,6,raj,2005,linked_wife_share
AJMER_ARAIN.OBC,3,1,2,raj,2005,linked_wife_share
AJMER_JAWAJA.OBC,2,1,1,raj,2005,linked_wife_share
AJMER_KISHANGARH (SILORA).OBC,7,2,5,raj,2005,linked_wife_share
AJMER_MASOODA.OBC,3,1,2,raj,2005,linked_wife_share
AJMER_PISANGAN.OBC,6,3,3,raj,2005,linked_wife_share
AJMER_SRINAGAR.OBC,2,1,1,raj,2005,linked_wife_share
ALWAR_BANSUR.OBC,1,1,0,raj,2005,linked_wife_share
ALWAR_BEHROR.OBC,1,1,0,raj,2005,linked_wife_share
ALWAR_KATHUMAR.OBC,4,1,3,raj,2005,linked_wife_share
ALWAR_KISHANGARH BAS.OBC,2,0,2,raj,2005,linked_wife_share
ALWAR_LAXMANGARH.OBC,2,1,1,raj,2005,linked_wife_share
ALWAR_MANDAWAR.OBC,1,1,0,raj,2005,linked_wife_share
ALWAR_RAMGARH.OBC,4,1,3,raj,2005,linked_wife_share
ALWAR_THANAGAZI.OBC,4,2,2,raj,2005,linked_wife_share
ALWAR_TIJARA.OBC,2,1,1,raj,2005,linked_wife_share
ALWAR_UMREN.OBC,1,0,1,raj,2005,linked_wife_share
BARAN_ANTA.OBC,2,0,2,raj,2005,linked_wife_share
BARAN_ATRU.OBC,3,1,2,raj,2005,linked_wife_share
BARAN_BARAN (FULL).OBC,1,0,1,raj,2005,linked_wife_share
BARAN_CHHABRA.OBC,1,0,1,raj,2005,linked_wife_share
BARAN_CHHIPABAROD.OBC,4,1,3,raj,2005,linked_wife_share
BARAN_KISHANGANJ.OBC,1,0,1,raj,2005,linked_wife_share
BARAN_SHAHBAD.OBC,1,0,1,raj,2005,linked_wife_share
BARMER_BALOTRA.OBC,3,3,0,raj,2005,linked_wife_share
BARMER_BARMER.OBC,3,1,2,raj,2005,linked_wife_share
BARMER_CHOHTAN.OBC,2,0,2,raj,2005,linked_wife_share
BARMER_DHORIMANNA.OBC,3,1,2,raj,2005,linked_wife_share
BARMER_SHEO.OBC,2,1,1,raj,2005,linked_wife_share
BARMER_SIWANA.OBC,1,0,1,raj,2005,linked_wife_share
BHARATPUR_BAYANA.OBC,7,2,5,raj,2005,linked_wife_share
BHARATPUR_KAMAN.OBC,1,1,0,raj,2005,linked_wife_share
BHARATPUR_NADBAI.OBC,3,1,2,raj,2005,linked_wife_share
BHARATPUR_RUPBAS.OBC,2,1,1,raj,2005,linked_wife_share
BHARATPUR_SEWAR.OBC,4,1,3,raj,2005,linked_wife_share
BHARATPUR_WEIR.OBC,2,2,0,raj,2005,linked_wife_share
BHILWARA_ASIND.OBC,3,1,2,raj,2005,linked_wife_share
BHILWARA_HURDA.OBC,3,1,2,raj,2005,linked_wife_share
BHILWARA_MANDAL.OBC,5,2,3,raj,2005,linked_wife_share
BHILWARA_MANDALGARH.OBC,2,0,2,raj,2005,linked_wife_share
BHILWARA_RAIPUR.OBC,4,2,2,raj,2005,linked_wife_share
BHILWARA_SAHARA.OBC,6,2,4,raj,2005,linked_wife_share
BHILWARA_SHAHPURA.OBC,1,1,0,raj,2005,linked_wife_share
BHILWARA_SUWANA.OBC,5,1,4,raj,2005,linked_wife_share
BIKANER_BIKANER.OBC,5,2,3,raj,2005,linked_wife_share
BIKANER_KOLAYAT.OBC,3,2,1,raj,2005,linked_wife_share
BIKANER_LUNKARANSAR.OBC,3,2,1,raj,2005,linked_wife_share
BIKANER_NOKHA.OBC,5,1,4,raj,2005,linked_wife_share
BIKANER_SRI DUNGARGARH.OBC,4,2,2,raj,2005,linked_wife_share
BUNDI_HINDOLI.OBC,4,2,2,raj,2005,linked_wife_share
BUNDI_KESHORAIPATAN.OBC,1,0,1,raj,2005,linked_wife_share
BUNDI_NAINWA.OBC,3,1,2,raj,2005,linked_wife_share
BUNDI_TALERA.OBC,1,0,1,raj,2005,linked_wife_share
CHITTAURGARH_BARI SADRI.OBC,1,1,0,raj,2005,linked_wife_share
CHITTAURGARH_BEGUN.OBC,4,1,3,raj,2005,linked_wife_share
CHITTAURGARH_BHAINSRORGARH.OBC,1,0,1,raj,2005,linked_wife_share
CHITTAURGARH_CHITTORGARH.OBC,1,0,1,raj,2005,linked_wife_share
CHITTAURGARH_GANGRAR.OBC,4,1,3,raj,2005,linked_wife_share
CHURU_CHURU.OBC,5,1,4,raj,2005,linked_wife_share
CHURU_RAJGARH.OBC,9,1,8,raj,2005,linked_wife_share
CHURU_RATANGARH.OBC,4,2,2,raj,2005,linked_wife_share
CHURU_SARDARSHAHAR.OBC,8,3,5,raj,2005,linked_wife_share
CHURU_SUJANGARH.OBC,4,0,4,raj,2005,linked_wife_share
CHURU_TARANAGAR.OBC,5,1,4,raj,2005,linked_wife_share
DAUSA_BANDIKUI.OBC,2,0,2,raj,2005,linked_wife_share
DAUSA_DAUSA.OBC,1,0,1,raj,2005,linked_wife_share
DAUSA_LALSOT.OBC,1,0,1,raj,2005,linked_wife_share
DAUSA_MAHWA.OBC,1,0,1,raj,2005,linked_wife_share
DHAULPUR_BARI.OBC,3,1,2,raj,2005,linked_wife_share
DHAULPUR_BASERI.OBC,2,0,2,raj,2005,linked_wife_share
DHAULPUR_DHAULPUR.OBC,2,0,2,raj,2005,linked_wife_share
DHAULPUR_RAJAKHERA.OBC,5,2,3,raj,2005,linked_wife_share
GANGANAGAR_GANGANAGAR.OBC,1,0,1,raj,2005,linked_wife_share
GANGANAGAR_RAISINGHNAGAR.OBC,1,0,1,raj,2005,linked_wife_share
GANGANAGAR_SADULSHAHAR.OBC,1,0,1,raj,2005,linked_wife_share
GANGANAGAR_SURATGARH.OBC,5,2,3,raj,2005,linked_wife_share
HANUMANGARH_BHADRA.OBC,6,0,6,raj,2005,linked_wife_share
HANUMANGARH_HANUMANGARH.OBC,1,0,1,raj,2005,linked_wife_share
HANUMANGARH_NOHAR.OBC,2,0,2,raj,2005,linked_wife_share
JAIPUR_AMBER.OBC,3,1,2,raj,2005,linked_wife_share
JAIPUR_GOVINDGARH.OBC,4,0,4,raj,2005,linked_wife_share
JAIPUR_JAMWA RAMGARH.OBC,1,0,1,raj,2005,linked_wife_share
JAIPUR_JHOTWARA.OBC,3,1,2,raj,2005,linked_wife_share
JAIPUR_SAMBHAR.OBC,1,0,1,raj,2005,linked_wife_share
JAIPUR_SANGANER.OBC,3,2,1,raj,2005,linked_wife_share
JAIPUR_SHAHPURA.OBC,2,1,1,raj,2005,linked_wife_share
JAIPUR_VIRATNAGAR.OBC,1,1,0,raj,2005,linked_wife_share
JAISALMER_JAISALMER.OBC,2,0,2,raj,2005,linked_wife_share
JAISALMER_SAM.OBC,4,1,3,raj,2005,linked_wife_share
JAISALMER_SANKRA.OBC,4,2,2,raj,2005,linked_wife_share
JHALAWAR_BAKANI.OBC,1,0,1,raj,2005,linked_wife_share
JHALAWAR_DAG.OBC,6,3,3,raj,2005,linked_wife_share
JHALAWAR_JHALRAPATAN.OBC,3,1,2,raj,2005,linked_wife_share
JHALAWAR_KHANPUR.OBC,5,2,3,raj,2005,linked_wife_share
JHALAWAR_MANOHARTHANA.OBC,4,1,3,raj,2005,linked_wife_share
JHALAWAR_PIRAWA (SUNEL).OBC,6,1,5,raj,2005,linked_wife_share
JHUNJHUNUN_SURAJGARH.OBC,1,0,1,raj,2005,linked_wife_share
JODHPUR_BALESAR.OBC,1,0,1,raj,2005,linked_wife_share
JODHPUR_BAP.OBC,2,0,2,raj,2005,linked_wife_share
JODHPUR_BHOPALGARH.OBC,6,2,4,raj,2005,linked_wife_share
JODHPUR_BILARA.OBC,7,3,4,raj,2005,linked_wife_share
JODHPUR_LUNI.OBC,3,1,2,raj,2005,linked_wife_share
JODHPUR_MANDOR.OBC,1,0,1,raj,2005,linked_wife_share
JODHPUR_OSIAN.OBC,4,0,4,raj,2005,linked_wife_share
JODHPUR_PHALODI.OBC,1,1,0,raj,2005,linked_wife_share
JODHPUR_SHERGARH.OBC,2,0,2,raj,2005,linked_wife_share
KARAULI_KARAULI.OBC,2,1,1,raj,2005,linked_wife_share
KARAULI_SAPOTRA.OBC,1,0,1,raj,2005,linked_wife_share
KARAULI_TODABHIM.OBC,1,0,1,raj,2005,linked_wife_share
KOTA_KHAIRABAD.OBC,3,1,2,raj,2005,linked_wife_share
KOTA_LADPURA.OBC,3,1,2,raj,2005,linked_wife_share
KOTA_SANGOD.OBC,6,2,4,raj,2005,linked_wife_share
KOTA_SULTANPUR.OBC,3,1,2,raj,2005,linked_wife_share
NAGAUR_DEGANA.OBC,5,2,3,raj,2005,linked_wife_share
NAGAUR_DIDWANA.OBC,5,1,4,raj,2005,linked_wife_share
NAGAUR_JAYAL.OBC,8,3,5,raj,2005,linked_wife_share
NAGAUR_MERTA.OBC,3,1,2,raj,2005,linked_wife_share
NAGAUR_MUNDWA.OBC,2,0,2,raj,2005,linked_wife_share
NAGAUR_NAGAUR.OBC,7,2,5,raj,2005,linked_wife_share
NAGAUR_PARBATSAR.OBC,1,0,1,raj,2005,linked_wife_share
NAGAUR_RIYAN BADI.OBC,2,2,0,raj,2005,linked_wife_share
PALI_BALI.OBC,2,1,1,raj,2005,linked_wife_share
PALI_DESURI.OBC,4,1,3,raj,2005,linked_wife_share
PALI_JAITARAN.OBC,3,2,1,raj,2005,linked_wife_share
PALI_KHARCHI(MAR.JUN).OBC,8,2,6,raj,2005,linked_wife_share
PALI_PALI.OBC,5,2,3,raj,2005,linked_wife_share
PALI_RAIPUR.OBC,1,0,1,raj,2005,linked_wife_share
PALI_RANI STATION.OBC,5,2,3,raj,2005,linked_wife_share
PALI_ROHAT.OBC,5,2,3,raj,2005,linked_wife_share
PALI_SOJAT.OBC,4,3,1,raj,2005,linked_wife_share
PALI_SUMERPUR.OBC,4,2,2,raj,2005,linked_wife_share
RAJSAMAND_AMET.OBC,1,1,0,raj,2005,linked_wife_share
RAJSAMAND_BHIM.OBC,5,2,3,raj,2005,linked_wife_share
RAJSAMAND_DEOGARH.OBC,4,1,3,raj,2005,linked_wife_share
RAJSAMAND_KHAMNOR.OBC,3,1,2,raj,2005,linked_wife_share
RAJSAMAND_KUMBHALGARH.OBC,6,2,4,raj,2005,linked_wife_share
RAJSAMAND_RAILMAGRA.OBC,3,0,3,raj,2005,linked_wife_share
RAJSAMAND_RAJSAMAND.OBC,3,0,3,raj,2005,linked_wife_share
SAWAI MADHOPUR_BONLI.OBC,2,1,1,raj,2005,linked_wife_share
SAWAI MADHOPUR_KHANDAR.OBC,2,1,1,raj,2005,linked_wife_share
SAWAI MADHOPUR_SAWAI MADHOPUR.OBC,1,0,1,raj,2005,linked_wife_share
SIKAR_DANTA RAMGARH.OBC,1,0,1,raj,2005,linked_wife_share
SIKAR_DHOD.OBC,5,2,3,raj,2005,linked_wife_share
SIKAR_FATEHPUR.OBC,6,2,4,raj,2005,linked_wife_share
SIKAR_KHANDELA.OBC,5,3,2,raj,2005,linked_wife_share
SIKAR_LACHHMANGARH.OBC,6,2,4,raj,2005,linked_wife_share
SIKAR_PIPRALI.OBC,4,1,3,raj,2005,linked_wife_share
SIROHI_PINDWARA.OBC,1,0,1,raj,2005,linked_wife_share
SIROHI_REODAR.OBC,2,1,1,raj,2005,linked_wife_share
SIROHI_SHEOGANJ.OBC,1,0,1,raj,2005,linked_wife_share
SIROHI_SIROHI.OBC,7,2,5,raj,2005,linked_wife_share
TONK_DEOLI.OBC,3,1,2,raj,2005,linked_wife_share
TONK_MALPURA.OBC,5,2,3,raj,2005,linked_wife_share
TONK_NEWAI.OBC,1,0,1,raj,2005,linked_wife_share
TONK_TONK.OBC,3,1,2,raj,2005,linked_wife_share
UDAIPUR_BHINDER.OBC,4,1,3,raj,2005,linked_wife_share
UDAIPUR_GOGUNDA.OBC,1,0,1,raj,2005,linked_wife_share
UDAIPUR_MAVLI.OBC,5,2,3,raj,2005,linked_wife_share
AJMER_ARAIN.SC,3,0,3,raj,2005,linked_wife_share
AJMER_BHINAY.SC,1,0,1,raj,2005,linked_wife_share
AJMER_KEKRI.SC,2,0,2,raj,2005,linked_wife_share
AJMER_KISHANGARH (SILORA).SC,3,2,1,raj,2005,linked_wife_share
AJMER_MASOODA.SC,2,0,2,raj,2005,linked_wife_share
AJMER_PISANGAN.SC,4,1,3,raj,2005,linked_wife_share
AJMER_SRINAGAR.SC,1,1,0,raj,2005,linked_wife_share
ALWAR_BEHROR.SC,1,1,0,raj,2005,linked_wife_share
ALWAR_KATHUMAR.SC,9,2,7,raj,2005,linked_wife_share
ALWAR_KISHANGARH BAS.SC,1,0,1,raj,2005,linked_wife_share
ALWAR_LAXMANGARH.SC,3,0,3,raj,2005,linked_wife_share
ALWAR_MANDAWAR.SC,1,0,1,raj,2005,linked_wife_share
ALWAR_RAJGARH.SC,5,2,3,raj,2005,linked_wife_share
ALWAR_RAMGARH.SC,1,1,0,raj,2005,linked_wife_share
ALWAR_RENI.SC,3,1,2,raj,2005,linked_wife_share
ALWAR_THANAGAZI.SC,4,2,2,raj,2005,linked_wife_share
ALWAR_TIJARA.SC,1,1,0,raj,2005,linked_wife_share
ALWAR_UMREN.SC,3,1,2,raj,2005,linked_wife_share
BARAN_ANTA.SC,2,0,2,raj,2005,linked_wife_share
BARAN_ATRU.SC,6,3,3,raj,2005,linked_wife_share
BARAN_BARAN (FULL).SC,5,2,3,raj,2005,linked_wife_share
BARAN_CHHABRA.SC,4,1,3,raj,2005,linked_wife_share
BARAN_CHHIPABAROD.SC,5,2,3,raj,2005,linked_wife_share
BARAN_KISHANGANJ.SC,4,1,3,raj,2005,linked_wife_share
BARAN_SHAHBAD.SC,3,1,2,raj,2005,linked_wife_share
BARMER_BALOTRA.SC,2,1,1,raj,2005,linked_wife_share
BARMER_BARMER.SC,4,1,3,raj,2005,linked_wife_share
BARMER_BAYTOO.SC,1,0,1,raj,2005,linked_wife_share
BARMER_CHOHTAN.SC,4,0,4,raj,2005,linked_wife_share
BARMER_DHORIMANNA.SC,3,1,2,raj,2005,linked_wife_share
BARMER_SHEO.SC,3,1,2,raj,2005,linked_wife_share
BARMER_SIWANA.SC,2,1,1,raj,2005,linked_wife_share
BHARATPUR_BAYANA.SC,10,3,7,raj,2005,linked_wife_share
BHARATPUR_DEEG.SC,1,1,0,raj,2005,linked_wife_share
BHARATPUR_NADBAI.SC,9,3,6,raj,2005,linked_wife_share
BHARATPUR_RUPBAS.SC,6,1,5,raj,2005,linked_wife_share
BHARATPUR_SEWAR.SC,5,1,4,raj,2005,linked_wife_share
BHARATPUR_WEIR.SC,5,0,5,raj,2005,linked_wife_share
BHILWARA_ASIND.SC,4,2,2,raj,2005,linked_wife_share
BHILWARA_HURDA.SC,2,1,1,raj,2005,linked_wife_share
BHILWARA_MANDAL.SC,3,1,2,raj,2005,linked_wife_share
BHILWARA_MANDALGARH.SC,5,2,3,raj,2005,linked_wife_share
BHILWARA_RAIPUR.SC,1,0,1,raj,2005,linked_wife_share
BHILWARA_SAHARA.SC,5,2,3,raj,2005,linked_wife_share
BHILWARA_SUWANA.SC,3,1,2,raj,2005,linked_wife_share
BIKANER_BIKANER.SC,9,3,6,raj,2005,linked_wife_share
BIKANER_KOLAYAT.SC,6,3,3,raj,2005,linked_wife_share
BIKANER_LUNKARANSAR.SC,5,2,3,raj,2005,linked_wife_share
BIKANER_NOKHA.SC,5,3,2,raj,2005,linked_wife_share
BIKANER_SRI DUNGARGARH.SC,5,2,3,raj,2005,linked_wife_share
BUNDI_HINDOLI.SC,8,3,5,raj,2005,linked_wife_share
BUNDI_KESHORAIPATAN.SC,6,3,3,raj,2005,linked_wife_share
BUNDI_NAINWA.SC,5,1,4,raj,2005,linked_wife_share
BUNDI_TALERA.SC,5,2,3,raj,2005,linked_wife_share
CHITTAURGARH_BARI SADRI.SC,1,1,0,raj,2005,linked_wife_share
CHITTAURGARH_BEGUN.SC,3,1,2,raj,2005,linked_wife_share
CHITTAURGARH_BHAINSRORGARH.SC,2,1,1,raj,2005,linked_wife_share
CHITTAURGARH_GANGRAR.SC,3,1,2,raj,2005,linked_wife_share
CHITTAURGARH_NIMBAHERA.SC,1,1,0,raj,2005,linked_wife_share
CHURU_CHURU.SC,7,2,5,raj,2005,linked_wife_share
CHURU_RAJGARH.SC,7,3,4,raj,2005,linked_wife_share
CHURU_RATANGARH.SC,3,1,2,raj,2005,linked_wife_share
CHURU_SARDARSHAHAR.SC,9,2,7,raj,2005,linked_wife_share
CHURU_SUJANGARH.SC,8,3,5,raj,2005,linked_wife_share
CHURU_TARANAGAR.SC,5,2,3,raj,2005,linked_wife_share
DAUSA_DAUSA.SC,6,2,4,raj,2005,linked_wife_share
DAUSA_LALSOT.SC,5,1,4,raj,2005,linked_wife_share
DAUSA_MAHWA.SC,5,1,4,raj,2005,linked_wife_share
DAUSA_SIKRAI.SC,5,2,3,raj,2005,linked_wife_share
DHAULPUR_BARI.SC,6,2,4,raj,2005,linked_wife_share
DHAULPUR_BASERI.SC,3,1,2,raj,2005,linked_wife_share
DHAULPUR_DHAULPUR.SC,1,0,1,raj,2005,linked_wife_share
DHAULPUR_RAJAKHERA.SC,5,2,3,raj,2005,linked_wife_share
GANGANAGAR_GANGANAGAR.SC,3,0,3,raj,2005,linked_wife_share
GANGANAGAR_KARANPUR.SC,3,1,2,raj,2005,linked_wife_share
GANGANAGAR_PADAMPUR.SC,4,0,4,raj,2005,linked_wife_share
GANGANAGAR_SADULSHAHAR.SC,1,0,1,raj,2005,linked_wife_share
GANGANAGAR_SURATGARH.SC,9,4,5,raj,2005,linked_wife_share
HANUMANGARH_BHADRA.SC,8,4,4,raj,2005,linked_wife_share
HANUMANGARH_HANUMANGARH.SC,1,1,0,raj,2005,linked_wife_share
HANUMANGARH_NOHAR.SC,3,2,1,raj,2005,linked_wife_share
JAIPUR_AMBER.SC,4,2,2,raj,2005,linked_wife_share
JAIPUR_BASSI.SC,2,0,2,raj,2005,linked_wife_share
JAIPUR_GOVINDGARH.SC,3,2,1,raj,2005,linked_wife_share
JAIPUR_JAMWA RAMGARH.SC,3,1,2,raj,2005,linked_wife_share
JAIPUR_JHOTWARA.SC,3,1,2,raj,2005,linked_wife_share
JAIPUR_SAMBHAR.SC,1,0,1,raj,2005,linked_wife_share
JAIPUR_SANGANER.SC,2,1,1,raj,2005,linked_wife_share
JAIPUR_SHAHPURA.SC,3,2,1,raj,2005,linked_wife_share
JAISALMER_JAISALMER.SC,2,0,2,raj,2005,linked_wife_share
JAISALMER_SAM.SC,4,1,3,raj,2005,linked_wife_share
JAISALMER_SANKRA.SC,2,0,2,raj,2005,linked_wife_share
JHALAWAR_BAKANI.SC,2,1,1,raj,2005,linked_wife_share
JHALAWAR_DAG.SC,2,0,2,raj,2005,linked_wife_share
JHALAWAR_JHALRAPATAN.SC,3,2,1,raj,2005,linked_wife_share
JHALAWAR_KHANPUR.SC,3,1,2,raj,2005,linked_wife_share
JHALAWAR_MANOHARTHANA.SC,1,0,1,raj,2005,linked_wife_share
JHALAWAR_PIRAWA (SUNEL).SC,7,3,4,raj,2005,linked_wife_share
JHUNJHUNUN_CHIRAWA.SC,1,0,1,raj,2005,linked_wife_share
JODHPUR_BALESAR.SC,2,1,1,raj,2005,linked_wife_share
JODHPUR_BAP.SC,1,0,1,raj,2005,linked_wife_share
JODHPUR_BHOPALGARH.SC,5,1,4,raj,2005,linked_wife_share
JODHPUR_BILARA.SC,4,2,2,raj,2005,linked_wife_share
JODHPUR_LUNI.SC,4,2,2,raj,2005,linked_wife_share
JODHPUR_MANDOR.SC,3,1,2,raj,2005,linked_wife_share
JODHPUR_SHERGARH.SC,2,1,1,raj,2005,linked_wife_share
KARAULI_HINDAUN.SC,6,4,2,raj,2005,linked_wife_share
KARAULI_KARAULI.SC,6,1,5,raj,2005,linked_wife_share
KARAULI_NADAUTI.SC,2,1,1,raj,2005,linked_wife_share
KARAULI_SAPOTRA.SC,6,3,3,raj,2005,linked_wife_share
KOTA_ITAWA.SC,6,3,3,raj,2005,linked_wife_share
KOTA_KHAIRABAD.SC,6,2,4,raj,2005,linked_wife_share
KOTA_LADPURA.SC,4,1,3,raj,2005,linked_wife_share
KOTA_SANGOD.SC,8,3,5,raj,2005,linked_wife_share
KOTA_SULTANPUR.SC,6,3,3,raj,2005,linked_wife_share
NAGAUR_DEGANA.SC,8,3,5,raj,2005,linked_wife_share
NAGAUR_JAYAL.SC,8,3,5,raj,2005,linked_wife_share
NAGAUR_MERTA.SC,6,2,4,raj,2005,linked_wife_share
NAGAUR_MUNDWA.SC,3,2,1,raj,2005,linked_wife_share
NAGAUR_NAGAUR.SC,5,2,3,raj,2005,linked_wife_share
NAGAUR_RIYAN BADI.SC,2,0,2,raj,2005,linked_wife_share
PALI_BALI.SC,4,1,3,raj,2005,linked_wife_share
PALI_DESURI.SC,4,2,2,raj,2005,linked_wife_share
PALI_JAITARAN.SC,3,1,2,raj,2005,linked_wife_share
PALI_KHARCHI(MAR.JUN).SC,8,2,6,raj,2005,linked_wife_share
PALI_PALI.SC,3,1,2,raj,2005,linked_wife_share
PALI_RAIPUR.SC,1,0,1,raj,2005,linked_wife_share
PALI_RANI STATION.SC,3,0,3,raj,2005,linked_wife_share
PALI_ROHAT.SC,5,2,3,raj,2005,linked_wife_share
PALI_SOJAT.SC,8,3,5,raj,2005,linked_wife_share
PALI_SUMERPUR.SC,5,2,3,raj,2005,linked_wife_share
RAJSAMAND_AMET.SC,2,1,1,raj,2005,linked_wife_share
RAJSAMAND_BHIM.SC,2,0,2,raj,2005,linked_wife_share
RAJSAMAND_DEOGARH.SC,3,0,3,raj,2005,linked_wife_share
RAJSAMAND_KHAMNOR.SC,3,2,1,raj,2005,linked_wife_share
RAJSAMAND_KUMBHALGARH.SC,1,0,1,raj,2005,linked_wife_share
RAJSAMAND_RAILMAGRA.SC,2,1,1,raj,2005,linked_wife_share
RAJSAMAND_RAJSAMAND.SC,4,2,2,raj,2005,linked_wife_share
SAWAI MADHOPUR_BAMANWAS.SC,1,0,1,raj,2005,linked_wife_share
SAWAI MADHOPUR_BONLI.SC,4,2,2,raj,2005,linked_wife_share
SAWAI MADHOPUR_GANGAPUR CITY.SC,5,2,3,raj,2005,linked_wife_share
SAWAI MADHOPUR_KHANDAR.SC,7,2,5,raj,2005,linked_wife_share
SAWAI MADHOPUR_SAWAI MADHOPUR.SC,2,0,2,raj,2005,linked_wife_share
SIKAR_DANTA RAMGARH.SC,4,1,3,raj,2005,linked_wife_share
SIKAR_DHOD.SC,5,0,5,raj,2005,linked_wife_share
SIKAR_FATEHPUR.SC,4,1,3,raj,2005,linked_wife_share
SIKAR_KHANDELA.SC,2,0,2,raj,2005,linked_wife_share
SIKAR_LACHHMANGARH.SC,3,1,2,raj,2005,linked_wife_share
SIKAR_PIPRALI.SC,4,2,2,raj,2005,linked_wife_share
SIROHI_PINDWARA.SC,3,1,2,raj,2005,linked_wife_share
SIROHI_REODAR.SC,11,4,7,raj,2005,linked_wife_share
SIROHI_SHEOGANJ.SC,5,2,3,raj,2005,linked_wife_share
SIROHI_SIROHI.SC,7,2,5,raj,2005,linked_wife_share
TONK_DEOLI.SC,4,2,2,raj,2005,linked_wife_share
TONK_MALPURA.SC,6,3,3,raj,2005,linked_wife_share
TONK_NEWAI.SC,4,3,1,raj,2005,linked_wife_share
TONK_TONK.SC,5,2,3,raj,2005,linked_wife_share
TONK_UNIARA.SC,6,2,4,raj,2005,linked_wife_share
UDAIPUR_BHINDER.SC,1,0,1,raj,2005,linked_wife_share
UDAIPUR_GOGUNDA.SC,2,0,2,raj,2005,linked_wife_share
UDAIPUR_MAVLI.SC,1,0,1,raj,2005,linked_wife_share
AJMER_ARAIN.ST,1,0,1,raj,2005,linked_wife_share
AJMER_KEKRI.ST,1,0,1,raj,2005,linked_wife_share
ALWAR_KATHUMAR.ST,3,1,2,raj,2005,linked_wife_share
ALWAR_LAXMANGARH.ST,3,1,2,raj,2005,linked_wife_share
ALWAR_RAJGARH.ST,8,2,6,raj,2005,linked_wife_share
ALWAR_RAMGARH.ST,1,0,1,raj,2005,linked_wife_share
ALWAR_RENI.ST,7,2,5,raj,2005,linked_wife_share
ALWAR_THANAGAZI.ST,3,1,2,raj,2005,linked_wife_share
ALWAR_UMREN.ST,1,0,1,raj,2005,linked_wife_share
BANSWARA_ANANDPURI.ST,22,7,15,raj,2005,linked_wife_share
BANSWARA_BAGIDORA.ST,18,4,14,raj,2005,linked_wife_share
BANSWARA_GARHI.ST,26,8,18,raj,2005,linked_wife_share
BANSWARA_GHATOL.ST,30,14,16,raj,2005,linked_wife_share
BANSWARA_KUSHALGARH.ST,16,6,10,raj,2005,linked_wife_share
BANSWARA_SAJJANGARH.ST,23,6,17,raj,2005,linked_wife_share
BARAN_ANTA.ST,3,1,2,raj,2005,linked_wife_share
BARAN_ATRU.ST,5,2,3,raj,2005,linked_wife_share
BARAN_BARAN (FULL).ST,3,0,3,raj,2005,linked_wife_share
BARAN_CHHABRA.ST,4,2,2,raj,2005,linked_wife_share
BARAN_CHHIPABAROD.ST,4,0,4,raj,2005,linked_wife_share
BARAN_KISHANGANJ.ST,11,4,7,raj,2005,linked_wife_share
BARAN_SHAHBAD.ST,7,3,4,raj,2005,linked_wife_share
BARMER_BALOTRA.ST,2,0,2,raj,2005,linked_wife_share
BARMER_BARMER.ST,1,1,0,raj,2005,linked_wife_share
BARMER_CHOHTAN.ST,3,1,2,raj,2005,linked_wife_share
BARMER_DHORIMANNA.ST,1,1,0,raj,2005,linked_wife_share
BARMER_SHEO.ST,1,0,1,raj,2005,linked_wife_share
BHARATPUR_BAYANA.ST,1,0,1,raj,2005,linked_wife_share
BHARATPUR_NADBAI.ST,1,0,1,raj,2005,linked_wife_share
BHARATPUR_SEWAR.ST,1,0,1,raj,2005,linked_wife_share
BHARATPUR_WEIR.ST,2,0,2,raj,2005,linked_wife_share
BHILWARA_ASIND.ST,2,0,2,raj,2005,linked_wife_share
BHILWARA_MANDAL.ST,1,1,0,raj,2005,linked_wife_share
BHILWARA_MANDALGARH.ST,3,2,1,raj,2005,linked_wife_share
BHILWARA_SAHARA.ST,2,1,1,raj,2005,linked_wife_share
BHILWARA_SUWANA.ST,1,0,1,raj,2005,linked_wife_share
BUNDI_HINDOLI.ST,7,2,5,raj,2005,linked_wife_share
BUNDI_KESHORAIPATAN.ST,11,4,7,raj,2005,linked_wife_share
BUNDI_NAINWA.ST,6,2,4,raj,2005,linked_wife_share
BUNDI_TALERA.ST,6,1,5,raj,2005,linked_wife_share
CHITTAURGARH_BEGUN.ST,2,0,2,raj,2005,linked_wife_share
CHITTAURGARH_BHAINSRORGARH.ST,7,3,4,raj,2005,linked_wife_share
CHITTAURGARH_CHITTORGARH.ST,1,1,0,raj,2005,linked_wife_share
CHITTAURGARH_GANGRAR.ST,1,0,1,raj,2005,linked_wife_share
CHURU_RAJGARH.ST,1,0,1,raj,2005,linked_wife_share
DAUSA_BANDIKUI.ST,1,0,1,raj,2005,linked_wife_share
DAUSA_DAUSA.ST,6,0,6,raj,2005,linked_wife_share
DAUSA_LALSOT.ST,8,1,7,raj,2005,linked_wife_share
DAUSA_MAHWA.ST,3,1,2,raj,2005,linked_wife_share
DAUSA_SIKRAI.ST,3,2,1,raj,2005,linked_wife_share
DHAULPUR_BARI.ST,1,0,1,raj,2005,linked_wife_share
DUNGARPUR_ASPUR.ST,22,8,14,raj,2005,linked_wife_share
DUNGARPUR_BICHIWARA.ST,13,3,10,raj,2005,linked_wife_share
DUNGARPUR_DUNGARPUR.ST,2,0,2,raj,2005,linked_wife_share
DUNGARPUR_SAGWARA.ST,31,11,20,raj,2005,linked_wife_share
DUNGARPUR_SIMALWARA.ST,17,6,11,raj,2005,linked_wife_share
JAIPUR_AMBER.ST,4,1,3,raj,2005,linked_wife_share
JAIPUR_BASSI.ST,3,0,3,raj,2005,linked_wife_share
JAIPUR_CHAKSU.ST,1,1,0,raj,2005,linked_wife_share
JAIPUR_GOVINDGARH.ST,1,1,0,raj,2005,linked_wife_share
JAIPUR_JAMWA RAMGARH.ST,3,1,2,raj,2005,linked_wife_share
JAIPUR_KOTPUTLI.ST,1,0,1,raj,2005,linked_wife_share
JAIPUR_SAMBHAR.ST,1,0,1,raj,2005,linked_wife_share
JAIPUR_SANGANER.ST,2,1,1,raj,2005,linked_wife_share
JAIPUR_SHAHPURA.ST,1,0,1,raj,2005,linked_wife_share
JAISALMER_JAISALMER.ST,1,1,0,raj,2005,linked_wife_share
JAISALMER_SANKRA.ST,1,0,1,raj,2005,linked_wife_share
JHALAWAR_JHALRAPATAN.ST,5,1,4,raj,2005,linked_wife_share
JHALAWAR_KHANPUR.ST,3,1,2,raj,2005,linked_wife_share
JHALAWAR_MANOHARTHANA.ST,9,3,6,raj,2005,linked_wife_share
JHALAWAR_PIRAWA (SUNEL).ST,3,1,2,raj,2005,linked_wife_share
JODHPUR_BALESAR.ST,1,0,1,raj,2005,linked_wife_share
JODHPUR_SHERGARH.ST,1,0,1,raj,2005,linked_wife_share
KARAULI_HINDAUN.ST,2,0,2,raj,2005,linked_wife_share
KARAULI_KARAULI.ST,6,3,3,raj,2005,linked_wife_share
KARAULI_NADAUTI.ST,1,0,1,raj,2005,linked_wife_share
KARAULI_SAPOTRA.ST,6,2,4,raj,2005,linked_wife_share
KARAULI_TODABHIM.ST,6,4,2,raj,2005,linked_wife_share
KOTA_ITAWA.ST,5,2,3,raj,2005,linked_wife_share
KOTA_KHAIRABAD.ST,3,1,2,raj,2005,linked_wife_share
KOTA_LADPURA.ST,2,1,1,raj,2005,linked_wife_share
KOTA_SANGOD.ST,4,1,3,raj,2005,linked_wife_share
KOTA_SULTANPUR.ST,5,1,4,raj,2005,linked_wife_share
PALI_BALI.ST,9,3,6,raj,2005,linked_wife_share
PALI_DESURI.ST,1,0,1,raj,2005,linked_wife_share
PALI_PALI.ST,2,1,1,raj,2005,linked_wife_share
PALI_RANI STATION.ST,1,0,1,raj,2005,linked_wife_share
PALI_ROHAT.ST,1,0,1,raj,2005,linked_wife_share
PALI_SUMERPUR.ST,4,1,3,raj,2005,linked_wife_share
RAJSAMAND_AMET.ST,2,1,1,raj,2005,linked_wife_share
RAJSAMAND_DEOGARH.ST,1,0,1,raj,2005,linked_wife_share
RAJSAMAND_KHAMNOR.ST,3,0,3,raj,2005,linked_wife_share
RAJSAMAND_KUMBHALGARH.ST,6,2,4,raj,2005,linked_wife_share
RAJSAMAND_RAJSAMAND.ST,3,1,2,raj,2005,linked_wife_share
SAWAI MADHOPUR_BAMANWAS.ST,1,0,1,raj,2005,linked_wife_share
SAWAI MADHOPUR_BONLI.ST,5,2,3,raj,2005,linked_wife_share
SAWAI MADHOPUR_GANGAPUR CITY.ST,2,0,2,raj,2005,linked_wife_share
SAWAI MADHOPUR_KHANDAR.ST,4,1,3,raj,2005,linked_wife_share
SAWAI MADHOPUR_SAWAI MADHOPUR.ST,9,1,8,raj,2005,linked_wife_share
SIKAR_DHOD.ST,1,0,1,raj,2005,linked_wife_share
SIKAR_KHANDELA.ST,1,0,1,raj,2005,linked_wife_share
SIROHI_ABU ROAD.ST,21,8,13,raj,2005,linked_wife_share
SIROHI_PINDWARA.ST,13,4,9,raj,2005,linked_wife_share
SIROHI_REODAR.ST,4,1,3,raj,2005,linked_wife_share
SIROHI_SHEOGANJ.ST,4,1,3,raj,2005,linked_wife_share
SIROHI_SIROHI.ST,2,1,1,raj,2005,linked_wife_share
TONK_DEOLI.ST,7,3,4,raj,2005,linked_wife_share
TONK_MALPURA.ST,1,0,1,raj,2005,linked_wife_share
TONK_NEWAI.ST,6,2,4,raj,2005,linked_wife_share
TONK_TONK.ST,1,0,1,raj,2005,linked_wife_share
TONK_UNIARA.ST,7,2,5,raj,2005,linked_wife_share
UDAIPUR_BARGAON.ST,6,1,5,raj,2005,linked_wife_share
UDAIPUR_BHINDER.ST,2,2,0,raj,2005,linked_wife_share
UDAIPUR_GIRWA.ST,11,2,9,raj,2005,linked_wife_share
UDAIPUR_GOGUNDA.ST,6,2,4,raj,2005,linked_wife_share
UDAIPUR_JHADOL.ST,12,4,8,raj,2005,linked_wife_share
UDAIPUR_KHERWARA.ST,14,7,7,raj,2005,linked_wife_share
UDAIPUR_KOTRA.ST,12,2,10,raj,2005,linked_wife_share
UDAIPUR_MAVLI.ST,4,3,1,raj,2005,linked_wife_share
UDAIPUR_SALUMBAR.ST,2,1,1,raj,2005,linked_wife_share
UDAIPUR_SARADA.ST,3,1,2,raj,2005,linked_wife_share
AJMER_ARAIN.GEN,8,3,5,raj,2010,linked_wife_share
AJMER_BHINAY.GEN,3,0,3,raj,2010,linked_wife_share
AJMER_JAWAJA.GEN,7,4,3,raj,2010,linked_wife_share
AJMER_KEKRI.GEN,2,2,0,raj,2010,linked_wife_share
AJMER_KISHANGARH (SILORA).GEN,14,6,8,raj,2010,linked_wife_share
AJMER_MASOODA.GEN,9,4,5,raj,2010,linked_wife_share
AJMER_PISANGAN.GEN,11,7,4,raj,2010,linked_wife_share
AJMER_SRINAGAR.GEN,5,4,1,raj,2010,linked_wife_share
ALWAR_BANSUR.GEN,2,1,1,raj,2010,linked_wife_share
ALWAR_BEHROR.GEN,3,1,2,raj,2010,linked_wife_share
ALWAR_KATHUMAR.GEN,17,9,8,raj,2010,linked_wife_share
ALWAR_KISHANGARH BAS.GEN,4,2,2,raj,2010,linked_wife_share
ALWAR_LAXMANGARH.GEN,5,4,1,raj,2010,linked_wife_share
ALWAR_MANDAWAR.GEN,6,3,3,raj,2010,linked_wife_share
ALWAR_RAJGARH.GEN,9,6,3,raj,2010,linked_wife_share
ALWAR_RAMGARH.GEN,10,5,5,raj,2010,linked_wife_share
ALWAR_RENI.GEN,7,5,2,raj,2010,linked_wife_share
ALWAR_THANAGAZI.GEN,10,6,4,raj,2010,linked_wife_share
ALWAR_TIJARA.GEN,10,5,5,raj,2010,linked_wife_share
ALWAR_UMREN.GEN,8,3,5,raj,2010,linked_wife_share
BARAN_ANTA.GEN,7,2,5,raj,2010,linked_wife_share
BARAN_ATRU.GEN,14,8,6,raj,2010,linked_wife_share
BARAN_BARAN (FULL).GEN,9,4,5,raj,2010,linked_wife_share
BARAN_CHHABRA.GEN,10,5,5,raj,2010,linked_wife_share
BARAN_CHHIPABAROD.GEN,11,5,6,raj,2010,linked_wife_share
BARAN_KISHANGANJ.GEN,14,7,7,raj,2010,linked_wife_share
BARAN_SHAHBAD.GEN,12,5,7,raj,2010,linked_wife_share
BARMER_BALOTRA.GEN,7,3,4,raj,2010,linked_wife_share
BARMER_BARMER.GEN,12,5,7,raj,2010,linked_wife_share
BARMER_BAYTOO.GEN,1,0,1,raj,2010,linked_wife_share
BARMER_CHOHTAN.GEN,11,3,8,raj,2010,linked_wife_share
BARMER_DHORIMANNA.GEN,6,1,5,raj,2010,linked_wife_share
BARMER_SHEO.GEN,6,1,5,raj,2010,linked_wife_share
BARMER_SIWANA.GEN,4,1,3,raj,2010,linked_wife_share
BHARATPUR_BAYANA.GEN,19,12,7,raj,2010,linked_wife_share
BHARATPUR_KAMAN.GEN,1,0,1,raj,2010,linked_wife_share
BHARATPUR_NADBAI.GEN,15,8,7,raj,2010,linked_wife_share
BHARATPUR_RUPBAS.GEN,8,4,4,raj,2010,linked_wife_share
BHARATPUR_SEWAR.GEN,13,7,6,raj,2010,linked_wife_share
BHARATPUR_WEIR.GEN,10,6,4,raj,2010,linked_wife_share
BHILWARA_ASIND.GEN,10,4,6,raj,2010,linked_wife_share
BHILWARA_HURDA.GEN,7,2,5,raj,2010,linked_wife_share
BHILWARA_MANDAL.GEN,13,6,7,raj,2010,linked_wife_share
BHILWARA_MANDALGARH.GEN,9,6,3,raj,2010,linked_wife_share
BHILWARA_RAIPUR.GEN,9,5,4,raj,2010,linked_wife_share
BHILWARA_SAHARA.GEN,13,6,7,raj,2010,linked_wife_share
BHILWARA_SHAHPURA.GEN,1,1,0,raj,2010,linked_wife_share
BHILWARA_SUWANA.GEN,15,8,7,raj,2010,linked_wife_share
BIKANER_BIKANER.GEN,13,7,6,raj,2010,linked_wife_share
BIKANER_KOLAYAT.GEN,11,6,5,raj,2010,linked_wife_share
BIKANER_LUNKARANSAR.GEN,7,2,5,raj,2010,linked_wife_share
BIKANER_NOKHA.GEN,15,6,9,raj,2010,linked_wife_share
BIKANER_SRI DUNGARGARH.GEN,12,6,6,raj,2010,linked_wife_share
BUNDI_HINDOLI.GEN,19,11,8,raj,2010,linked_wife_share
BUNDI_KESHORAIPATAN.GEN,20,10,10,raj,2010,linked_wife_share
BUNDI_NAINWA.GEN,15,7,8,raj,2010,linked_wife_share
BUNDI_TALERA.GEN,13,7,6,raj,2010,linked_wife_share
CHITTAURGARH_BARI SADRI.GEN,2,1,1,raj,2010,linked_wife_share
CHITTAURGARH_BEGUN.GEN,9,3,6,raj,2010,linked_wife_share
CHITTAURGARH_BHADESAR.GEN,1,0,1,raj,2010,linked_wife_share
CHITTAURGARH_BHAINSRORGARH.GEN,9,3,6,raj,2010,linked_wife_share
CHITTAURGARH_CHITTORGARH.GEN,2,0,2,raj,2010,linked_wife_share
CHITTAURGARH_GANGRAR.GEN,10,6,4,raj,2010,linked_wife_share
CHURU_CHURU.GEN,16,7,9,raj,2010,linked_wife_share
CHURU_RAJGARH.GEN,18,8,10,raj,2010,linked_wife_share
CHURU_RATANGARH.GEN,11,6,5,raj,2010,linked_wife_share
CHURU_SARDARSHAHAR.GEN,21,10,11,raj,2010,linked_wife_share
CHURU_SUJANGARH.GEN,15,7,8,raj,2010,linked_wife_share
CHURU_TARANAGAR.GEN,15,8,7,raj,2010,linked_wife_share
DAUSA_BANDIKUI.GEN,5,1,4,raj,2010,linked_wife_share
DAUSA_DAUSA.GEN,8,3,5,raj,2010,linked_wife_share
DAUSA_LALSOT.GEN,11,6,5,raj,2010,linked_wife_share
DAUSA_MAHWA.GEN,8,4,4,raj,2010,linked_wife_share
DAUSA_SIKRAI.GEN,6,2,4,raj,2010,linked_wife_share
DHAULPUR_BARI.GEN,9,7,2,raj,2010,linked_wife_share
DHAULPUR_BASERI.GEN,7,4,3,raj,2010,linked_wife_share
DHAULPUR_DHAULPUR.GEN,8,3,5,raj,2010,linked_wife_share
DHAULPUR_RAJAKHERA.GEN,13,7,6,raj,2010,linked_wife_share
GANGANAGAR_GANGANAGAR.GEN,7,3,4,raj,2010,linked_wife_share
GANGANAGAR_KARANPUR.GEN,4,2,2,raj,2010,linked_wife_share
GANGANAGAR_PADAMPUR.GEN,3,0,3,raj,2010,linked_wife_share
GANGANAGAR_SADULSHAHAR.GEN,1,0,1,raj,2010,linked_wife_share
GANGANAGAR_SURATGARH.GEN,11,5,6,raj,2010,linked_wife_share
HANUMANGARH_BHADRA.GEN,22,16,6,raj,2010,linked_wife_share
HANUMANGARH_HANUMANGARH.GEN,2,2,0,raj,2010,linked_wife_share
HANUMANGARH_NOHAR.GEN,8,3,5,raj,2010,linked_wife_share
JAIPUR_AMBER.GEN,6,3,3,raj,2010,linked_wife_share
JAIPUR_BASSI.GEN,4,3,1,raj,2010,linked_wife_share
JAIPUR_CHAKSU.GEN,1,1,0,raj,2010,linked_wife_share
JAIPUR_GOVINDGARH.GEN,15,9,6,raj,2010,linked_wife_share
JAIPUR_JAMWA RAMGARH.GEN,9,2,7,raj,2010,linked_wife_share
JAIPUR_JHOTWARA.GEN,6,4,2,raj,2010,linked_wife_share
JAIPUR_KOTPUTLI.GEN,4,0,4,raj,2010,linked_wife_share
JAIPUR_PHAGI.GEN,1,0,1,raj,2010,linked_wife_share
JAIPUR_SAMBHAR.GEN,5,1,4,raj,2010,linked_wife_share
JAIPUR_SANGANER.GEN,9,5,4,raj,2010,linked_wife_share
JAIPUR_SHAHPURA.GEN,6,2,4,raj,2010,linked_wife_share
JAIPUR_VIRATNAGAR.GEN,2,2,0,raj,2010,linked_wife_share
JAISALMER_JAISALMER.GEN,6,4,2,raj,2010,linked_wife_share
JAISALMER_SAM.GEN,14,9,5,raj,2010,linked_wife_share
JAISALMER_SANKRA.GEN,8,3,5,raj,2010,linked_wife_share
JHALAWAR_BAKANI.GEN,4,1,3,raj,2010,linked_wife_share
JHALAWAR_DAG.GEN,11,4,7,raj,2010,linked_wife_share
JHALAWAR_JHALRAPATAN.GEN,6,4,2,raj,2010,linked_wife_share
JHALAWAR_KHANPUR.GEN,9,6,3,raj,2010,linked_wife_share
JHALAWAR_MANOHARTHANA.GEN,15,8,7,raj,2010,linked_wife_share
JHALAWAR_PIRAWA (SUNEL).GEN,18,10,8,raj,2010,linked_wife_share
JHUNJHUNUN_SURAJGARH.GEN,1,0,1,raj,2010,linked_wife_share
JODHPUR_BALESAR.GEN,5,1,4,raj,2010,linked_wife_share
JODHPUR_BAP.GEN,1,0,1,raj,2010,linked_wife_share
JODHPUR_BHOPALGARH.GEN,11,6,5,raj,2010,linked_wife_share
JODHPUR_BILARA.GEN,10,5,5,raj,2010,linked_wife_share
JODHPUR_LUNI.GEN,9,5,4,raj,2010,linked_wife_share
JODHPUR_MANDOR.GEN,7,3,4,raj,2010,linked_wife_share
JODHPUR_OSIAN.GEN,1,0,1,raj,2010,linked_wife_share
JODHPUR_PHALODI.GEN,2,1,1,raj,2010,linked_wife_share
JODHPUR_SHERGARH.GEN,9,4,5,raj,2010,linked_wife_share
KARAULI_HINDAUN.GEN,14,7,7,raj,2010,linked_wife_share
KARAULI_KARAULI.GEN,12,6,6,raj,2010,linked_wife_share
KARAULI_NADAUTI.GEN,5,3,2,raj,2010,linked_wife_share
KARAULI_SAPOTRA.GEN,10,4,6,raj,2010,linked_wife_share
KARAULI_TODABHIM.GEN,7,2,5,raj,2010,linked_wife_share
KOTA_ITAWA.GEN,11,7,4,raj,2010,linked_wife_share
KOTA_KHAIRABAD.GEN,11,5,6,raj,2010,linked_wife_share
KOTA_LADPURA.GEN,7,3,4,raj,2010,linked_wife_share
KOTA_SANGOD.GEN,17,9,8,raj,2010,linked_wife_share
KOTA_SULTANPUR.GEN,14,7,7,raj,2010,linked_wife_share
NAGAUR_DEGANA.GEN,15,7,8,raj,2010,linked_wife_share
NAGAUR_DIDWANA.GEN,4,4,0,raj,2010,linked_wife_share
NAGAUR_JAYAL.GEN,16,8,8,raj,2010,linked_wife_share
NAGAUR_MERTA.GEN,14,7,7,raj,2010,linked_wife_share
NAGAUR_MUNDWA.GEN,7,3,4,raj,2010,linked_wife_share
NAGAUR_NAGAUR.GEN,13,6,7,raj,2010,linked_wife_share
NAGAUR_PARBATSAR.GEN,2,1,1,raj,2010,linked_wife_share
NAGAUR_RIYAN BADI.GEN,8,4,4,raj,2010,linked_wife_share
PALI_BALI.GEN,16,8,8,raj,2010,linked_wife_share
PALI_DESURI.GEN,11,6,5,raj,2010,linked_wife_share
PALI_JAITARAN.GEN,6,3,3,raj,2010,linked_wife_share
PALI_KHARCHI(MAR.JUN).GEN,20,11,9,raj,2010,linked_wife_share
PALI_PALI.GEN,11,6,5,raj,2010,linked_wife_share
PALI_RAIPUR.GEN,4,1,3,raj,2010,linked_wife_share
PALI_RANI STATION.GEN,11,6,5,raj,2010,linked_wife_share
PALI_ROHAT.GEN,12,6,6,raj,2010,linked_wife_share
PALI_SOJAT.GEN,16,10,6,raj,2010,linked_wife_share
PALI_SUMERPUR.GEN,12,5,7,raj,2010,linked_wife_share
RAJSAMAND_AMET.GEN,5,3,2,raj,2010,linked_wife_share
RAJSAMAND_BHIM.GEN,14,9,5,raj,2010,linked_wife_share
RAJSAMAND_DEOGARH.GEN,10,4,6,raj,2010,linked_wife_share
RAJSAMAND_KHAMNOR.GEN,8,3,5,raj,2010,linked_wife_share
RAJSAMAND_KUMBHALGARH.GEN,14,6,8,raj,2010,linked_wife_share
RAJSAMAND_RAILMAGRA.GEN,8,2,6,raj,2010,linked_wife_share
RAJSAMAND_RAJSAMAND.GEN,10,5,5,raj,2010,linked_wife_share
SAWAI MADHOPUR_BAMANWAS.GEN,3,0,3,raj,2010,linked_wife_share
SAWAI MADHOPUR_BONLI.GEN,8,4,4,raj,2010,linked_wife_share
SAWAI MADHOPUR_GANGAPUR CITY.GEN,5,2,3,raj,2010,linked_wife_share
SAWAI MADHOPUR_KHANDAR.GEN,16,8,8,raj,2010,linked_wife_share
SAWAI MADHOPUR_SAWAI MADHOPUR.GEN,14,5,9,raj,2010,linked_wife_share
SIKAR_DANTA RAMGARH.GEN,12,3,9,raj,2010,linked_wife_share
SIKAR_DHOD.GEN,15,8,7,raj,2010,linked_wife_share
SIKAR_FATEHPUR.GEN,17,9,8,raj,2010,linked_wife_share
SIKAR_KHANDELA.GEN,14,5,9,raj,2010,linked_wife_share
SIKAR_LACHHMANGARH.GEN,14,6,8,raj,2010,linked_wife_share
SIKAR_PIPRALI.GEN,13,6,7,raj,2010,linked_wife_share
SIROHI_PINDWARA.GEN,14,6,8,raj,2010,linked_wife_share
SIROHI_REODAR.GEN,18,8,10,raj,2010,linked_wife_share
SIROHI_SHEOGANJ.GEN,11,6,5,raj,2010,linked_wife_share
SIROHI_SIROHI.GEN,16,8,8,raj,2010,linked_wife_share
TONK_DEOLI.GEN,14,7,7,raj,2010,linked_wife_share
TONK_MALPURA.GEN,16,8,8,raj,2010,linked_wife_share
TONK_NEWAI.GEN,11,4,7,raj,2010,linked_wife_share
TONK_TONK.GEN,15,7,8,raj,2010,linked_wife_share
TONK_UNIARA.GEN,12,5,7,raj,2010,linked_wife_share
UDAIPUR_BARGAON.GEN,6,2,4,raj,2010,linked_wife_share
UDAIPUR_BHINDER.GEN,11,6,5,raj,2010,linked_wife_share
UDAIPUR_GIRWA.GEN,1,0,1,raj,2010,linked_wife_share
UDAIPUR_GOGUNDA.GEN,8,3,5,raj,2010,linked_wife_share
UDAIPUR_MAVLI.GEN,12,7,5,raj,2010,linked_wife_share
AJMER_ARAIN.OBC,3,1,2,raj,2010,linked_wife_share
AJMER_JAWAJA.OBC,4,2,2,raj,2010,linked_wife_share
AJMER_KEKRI.OBC,1,1,0,raj,2010,linked_wife_share
AJMER_KISHANGARH (SILORA).OBC,7,3,4,raj,2010,linked_wife_share
AJMER_MASOODA.OBC,3,2,1,raj,2010,linked_wife_share
AJMER_PISANGAN.OBC,5,2,3,raj,2010,linked_wife_share
AJMER_SRINAGAR.OBC,1,0,1,raj,2010,linked_wife_share
ALWAR_BANSUR.OBC,1,0,1,raj,2010,linked_wife_share
ALWAR_KATHUMAR.OBC,4,2,2,raj,2010,linked_wife_share
ALWAR_KISHANGARH BAS.OBC,4,2,2,raj,2010,linked_wife_share
ALWAR_KOTKASIM.OBC,1,0,1,raj,2010,linked_wife_share
ALWAR_LAXMANGARH.OBC,4,1,3,raj,2010,linked_wife_share
ALWAR_MANDAWAR.OBC,1,0,1,raj,2010,linked_wife_share
ALWAR_RAJGARH.OBC,1,0,1,raj,2010,linked_wife_share
ALWAR_RAMGARH.OBC,6,3,3,raj,2010,linked_wife_share
ALWAR_THANAGAZI.OBC,4,2,2,raj,2010,linked_wife_share
ALWAR_UMREN.OBC,1,0,1,raj,2010,linked_wife_share
BARAN_ANTA.OBC,2,0,2,raj,2010,linked_wife_share
BARAN_ATRU.OBC,4,0,4,raj,2010,linked_wife_share
BARAN_BARAN (FULL).OBC,1,0,1,raj,2010,linked_wife_share
BARAN_CHHABRA.OBC,3,0,3,raj,2010,linked_wife_share
BARAN_CHHIPABAROD.OBC,3,1,2,raj,2010,linked_wife_share
BARAN_KISHANGANJ.OBC,1,0,1,raj,2010,linked_wife_share
BARMER_BALOTRA.OBC,2,1,1,raj,2010,linked_wife_share
BARMER_BARMER.OBC,5,3,2,raj,2010,linked_wife_share
BARMER_DHORIMANNA.OBC,5,2,3,raj,2010,linked_wife_share
BARMER_SHEO.OBC,3,3,0,raj,2010,linked_wife_share
BARMER_SINDHARI.OBC,1,1,0,raj,2010,linked_wife_share
BHARATPUR_BAYANA.OBC,8,4,4,raj,2010,linked_wife_share
BHARATPUR_DEEG.OBC,1,1,0,raj,2010,linked_wife_share
BHARATPUR_NADBAI.OBC,6,2,4,raj,2010,linked_wife_share
BHARATPUR_RUPBAS.OBC,8,3,5,raj,2010,linked_wife_share
BHARATPUR_SEWAR.OBC,4,2,2,raj,2010,linked_wife_share
BHARATPUR_WEIR.OBC,3,2,1,raj,2010,linked_wife_share
BHILWARA_ASIND.OBC,5,2,3,raj,2010,linked_wife_share
BHILWARA_HURDA.OBC,4,2,2,raj,2010,linked_wife_share
BHILWARA_MANDAL.OBC,7,3,4,raj,2010,linked_wife_share
BHILWARA_MANDALGARH.OBC,4,1,3,raj,2010,linked_wife_share
BHILWARA_RAIPUR.OBC,4,2,2,raj,2010,linked_wife_share
BHILWARA_SAHARA.OBC,6,3,3,raj,2010,linked_wife_share
BHILWARA_SUWANA.OBC,6,2,4,raj,2010,linked_wife_share
BIKANER_BIKANER.OBC,4,2,2,raj,2010,linked_wife_share
BIKANER_KOLAYAT.OBC,3,1,2,raj,2010,linked_wife_share
BIKANER_LUNKARANSAR.OBC,10,2,8,raj,2010,linked_wife_share
BIKANER_NOKHA.OBC,6,5,1,raj,2010,linked_wife_share
BIKANER_SRI DUNGARGARH.OBC,4,2,2,raj,2010,linked_wife_share
BUNDI_HINDOLI.OBC,6,3,3,raj,2010,linked_wife_share
BUNDI_KESHORAIPATAN.OBC,2,1,1,raj,2010,linked_wife_share
BUNDI_NAINWA.OBC,2,0,2,raj,2010,linked_wife_share
BUNDI_TALERA.OBC,1,1,0,raj,2010,linked_wife_share
CHITTAURGARH_BARI SADRI.OBC,1,0,1,raj,2010,linked_wife_share
CHITTAURGARH_BEGUN.OBC,3,2,1,raj,2010,linked_wife_share
CHITTAURGARH_BHAINSRORGARH.OBC,1,0,1,raj,2010,linked_wife_share
CHITTAURGARH_CHITTORGARH.OBC,1,1,0,raj,2010,linked_wife_share
CHITTAURGARH_GANGRAR.OBC,3,2,1,raj,2010,linked_wife_share
CHITTAURGARH_NIMBAHERA.OBC,1,1,0,raj,2010,linked_wife_share
CHURU_CHURU.OBC,6,3,3,raj,2010,linked_wife_share
CHURU_RAJGARH.OBC,10,6,4,raj,2010,linked_wife_share
CHURU_RATANGARH.OBC,2,0,2,raj,2010,linked_wife_share
CHURU_SARDARSHAHAR.OBC,9,4,5,raj,2010,linked_wife_share
CHURU_SUJANGARH.OBC,5,3,2,raj,2010,linked_wife_share
CHURU_TARANAGAR.OBC,3,2,1,raj,2010,linked_wife_share
DAUSA_BANDIKUI.OBC,1,0,1,raj,2010,linked_wife_share
DAUSA_MAHWA.OBC,1,0,1,raj,2010,linked_wife_share
DHAULPUR_BARI.OBC,3,1,2,raj,2010,linked_wife_share
DHAULPUR_BASERI.OBC,3,2,1,raj,2010,linked_wife_share
DHAULPUR_DHAULPUR.OBC,1,0,1,raj,2010,linked_wife_share
DHAULPUR_RAJAKHERA.OBC,6,3,3,raj,2010,linked_wife_share
GANGANAGAR_GANGANAGAR.OBC,1,0,1,raj,2010,linked_wife_share
GANGANAGAR_PADAMPUR.OBC,1,0,1,raj,2010,linked_wife_share
GANGANAGAR_SADULSHAHAR.OBC,2,1,1,raj,2010,linked_wife_share
GANGANAGAR_SURATGARH.OBC,7,4,3,raj,2010,linked_wife_share
HANUMANGARH_BHADRA.OBC,6,1,5,raj,2010,linked_wife_share
HANUMANGARH_NOHAR.OBC,6,3,3,raj,2010,linked_wife_share
JAIPUR_AMBER.OBC,4,3,1,raj,2010,linked_wife_share
JAIPUR_BASSI.OBC,1,0,1,raj,2010,linked_wife_share
JAIPUR_CHAKSU.OBC,1,0,1,raj,2010,linked_wife_share
JAIPUR_GOVINDGARH.OBC,5,1,4,raj,2010,linked_wife_share
JAIPUR_JHOTWARA.OBC,2,1,1,raj,2010,linked_wife_share
JAIPUR_KOTPUTLI.OBC,1,0,1,raj,2010,linked_wife_share
JAIPUR_SANGANER.OBC,2,1,1,raj,2010,linked_wife_share
JAIPUR_SHAHPURA.OBC,2,1,1,raj,2010,linked_wife_share
JAIPUR_VIRATNAGAR.OBC,1,1,0,raj,2010,linked_wife_share
JAISALMER_JAISALMER.OBC,4,2,2,raj,2010,linked_wife_share
JAISALMER_SAM.OBC,5,2,3,raj,2010,linked_wife_share
JAISALMER_SANKRA.OBC,3,1,2,raj,2010,linked_wife_share
JHALAWAR_BAKANI.OBC,1,0,1,raj,2010,linked_wife_share
JHALAWAR_DAG.OBC,4,2,2,raj,2010,linked_wife_share
JHALAWAR_JHALRAPATAN.OBC,4,1,3,raj,2010,linked_wife_share
JHALAWAR_KHANPUR.OBC,3,1,2,raj,2010,linked_wife_share
JHALAWAR_MANOHARTHANA.OBC,2,1,1,raj,2010,linked_wife_share
JHALAWAR_PIRAWA (SUNEL).OBC,8,3,5,raj,2010,linked_wife_share
JHUNJHUNUN_CHIRAWA.OBC,1,1,0,raj,2010,linked_wife_share
JHUNJHUNUN_KHETRI.OBC,1,1,0,raj,2010,linked_wife_share
JODHPUR_BALESAR.OBC,3,2,1,raj,2010,linked_wife_share
JODHPUR_BAP.OBC,1,1,0,raj,2010,linked_wife_share
JODHPUR_BHOPALGARH.OBC,4,3,1,raj,2010,linked_wife_share
JODHPUR_BILARA.OBC,6,1,5,raj,2010,linked_wife_share
JODHPUR_LUNI.OBC,4,2,2,raj,2010,linked_wife_share
JODHPUR_MANDOR.OBC,3,1,2,raj,2010,linked_wife_share
JODHPUR_PHALODI.OBC,2,0,2,raj,2010,linked_wife_share
JODHPUR_SHERGARH.OBC,2,1,1,raj,2010,linked_wife_share
KARAULI_HINDAUN.OBC,1,0,1,raj,2010,linked_wife_share
KARAULI_KARAULI.OBC,2,1,1,raj,2010,linked_wife_share
KARAULI_SAPOTRA.OBC,1,0,1,raj,2010,linked_wife_share
KOTA_ITAWA.OBC,1,0,1,raj,2010,linked_wife_share
KOTA_KHAIRABAD.OBC,3,2,1,raj,2010,linked_wife_share
KOTA_LADPURA.OBC,4,2,2,raj,2010,linked_wife_share
KOTA_SANGOD.OBC,5,2,3,raj,2010,linked_wife_share
KOTA_SULTANPUR.OBC,3,1,2,raj,2010,linked_wife_share
NAGAUR_DEGANA.OBC,5,2,3,raj,2010,linked_wife_share
NAGAUR_JAYAL.OBC,7,3,4,raj,2010,linked_wife_share
NAGAUR_MERTA.OBC,4,2,2,raj,2010,linked_wife_share
NAGAUR_MUNDWA.OBC,5,2,3,raj,2010,linked_wife_share
NAGAUR_NAGAUR.OBC,7,4,3,raj,2010,linked_wife_share
NAGAUR_RIYAN BADI.OBC,3,2,1,raj,2010,linked_wife_share
PALI_BALI.OBC,2,1,1,raj,2010,linked_wife_share
PALI_DESURI.OBC,3,2,1,raj,2010,linked_wife_share
PALI_JAITARAN.OBC,2,1,1,raj,2010,linked_wife_share
PALI_KHARCHI(MAR.JUN).OBC,7,3,4,raj,2010,linked_wife_share
PALI_PALI.OBC,4,2,2,raj,2010,linked_wife_share
PALI_RAIPUR.OBC,2,1,1,raj,2010,linked_wife_share
PALI_RANI STATION.OBC,4,2,2,raj,2010,linked_wife_share
PALI_ROHAT.OBC,5,3,2,raj,2010,linked_wife_share
PALI_SOJAT.OBC,6,2,4,raj,2010,linked_wife_share
PALI_SUMERPUR.OBC,5,3,2,raj,2010,linked_wife_share
RAJSAMAND_AMET.OBC,3,1,2,raj,2010,linked_wife_share
RAJSAMAND_BHIM.OBC,4,2,2,raj,2010,linked_wife_share
RAJSAMAND_DEOGARH.OBC,2,1,1,raj,2010,linked_wife_share
RAJSAMAND_KHAMNOR.OBC,3,0,3,raj,2010,linked_wife_share
RAJSAMAND_KUMBHALGARH.OBC,3,0,3,raj,2010,linked_wife_share
RAJSAMAND_RAILMAGRA.OBC,4,2,2,raj,2010,linked_wife_share
RAJSAMAND_RAJSAMAND.OBC,3,2,1,raj,2010,linked_wife_share
SAWAI MADHOPUR_BAMANWAS.OBC,1,0,1,raj,2010,linked_wife_share
SAWAI MADHOPUR_BONLI.OBC,2,0,2,raj,2010,linked_wife_share
SAWAI MADHOPUR_GANGAPUR CITY.OBC,1,1,0,raj,2010,linked_wife_share
SAWAI MADHOPUR_KHANDAR.OBC,3,1,2,raj,2010,linked_wife_share
SIKAR_DANTA RAMGARH.OBC,6,3,3,raj,2010,linked_wife_share
SIKAR_DHOD.OBC,5,2,3,raj,2010,linked_wife_share
SIKAR_FATEHPUR.OBC,4,2,2,raj,2010,linked_wife_share
SIKAR_KHANDELA.OBC,4,2,2,raj,2010,linked_wife_share
SIKAR_LACHHMANGARH.OBC,2,1,1,raj,2010,linked_wife_share
SIKAR_PIPRALI.OBC,2,1,1,raj,2010,linked_wife_share
SIROHI_PINDWARA.OBC,1,0,1,raj,2010,linked_wife_share
SIROHI_REODAR.OBC,2,1,1,raj,2010,linked_wife_share
SIROHI_SHEOGANJ.OBC,3,1,2,raj,2010,linked_wife_share
SIROHI_SIROHI.OBC,4,2,2,raj,2010,linked_wife_share
TONK_DEOLI.OBC,1,0,1,raj,2010,linked_wife_share
TONK_MALPURA.OBC,5,2,3,raj,2010,linked_wife_share
TONK_NEWAI.OBC,3,2,1,raj,2010,linked_wife_share
TONK_TONK.OBC,3,2,1,raj,2010,linked_wife_share
TONK_UNIARA.OBC,1,0,1,raj,2010,linked_wife_share
UDAIPUR_BHINDER.OBC,4,0,4,raj,2010,linked_wife_share
UDAIPUR_MAVLI.OBC,3,1,2,raj,2010,linked_wife_share
AJMER_ARAIN.SC,2,2,0,raj,2010,linked_wife_share
AJMER_KISHANGARH (SILORA).SC,6,3,3,raj,2010,linked_wife_share
AJMER_MASOODA.SC,1,0,1,raj,2010,linked_wife_share
AJMER_PISANGAN.SC,3,1,2,raj,2010,linked_wife_share
AJMER_SRINAGAR.SC,2,2,0,raj,2010,linked_wife_share
ALWAR_KATHUMAR.SC,8,4,4,raj,2010,linked_wife_share
ALWAR_KISHANGARH BAS.SC,2,1,1,raj,2010,linked_wife_share
ALWAR_LAXMANGARH.SC,5,2,3,raj,2010,linked_wife_share
ALWAR_MANDAWAR.SC,1,0,1,raj,2010,linked_wife_share
ALWAR_NEEMRANA.SC,2,0,2,raj,2010,linked_wife_share
ALWAR_RAJGARH.SC,2,1,1,raj,2010,linked_wife_share
ALWAR_RAMGARH.SC,5,2,3,raj,2010,linked_wife_share
ALWAR_RENI.SC,2,2,0,raj,2010,linked_wife_share
ALWAR_THANAGAZI.SC,3,1,2,raj,2010,linked_wife_share
ALWAR_TIJARA.SC,2,1,1,raj,2010,linked_wife_share
ALWAR_UMREN.SC,2,2,0,raj,2010,linked_wife_share
BARAN_ANTA.SC,3,0,3,raj,2010,linked_wife_share
BARAN_ATRU.SC,7,0,7,raj,2010,linked_wife_share
BARAN_BARAN (FULL).SC,5,0,5,raj,2010,linked_wife_share
BARAN_CHHABRA.SC,4,0,4,raj,2010,linked_wife_share
BARAN_CHHIPABAROD.SC,3,0,3,raj,2010,linked_wife_share
BARAN_KISHANGANJ.SC,4,0,4,raj,2010,linked_wife_share
BARAN_SHAHBAD.SC,2,0,2,raj,2010,linked_wife_share
BARMER_BARMER.SC,2,2,0,raj,2010,linked_wife_share
BARMER_CHOHTAN.SC,6,4,2,raj,2010,linked_wife_share
BARMER_DHORIMANNA.SC,3,1,2,raj,2010,linked_wife_share
BARMER_SHEO.SC,2,1,1,raj,2010,linked_wife_share
BARMER_SINDHARI.SC,1,1,0,raj,2010,linked_wife_share
BARMER_SIWANA.SC,1,0,1,raj,2010,linked_wife_share
BHARATPUR_BAYANA.SC,11,6,5,raj,2010,linked_wife_share
BHARATPUR_NADBAI.SC,7,3,4,raj,2010,linked_wife_share
BHARATPUR_RUPBAS.SC,6,2,4,raj,2010,linked_wife_share
BHARATPUR_SEWAR.SC,6,2,4,raj,2010,linked_wife_share
BHARATPUR_WEIR.SC,5,1,4,raj,2010,linked_wife_share
BHILWARA_ASIND.SC,1,0,1,raj,2010,linked_wife_share
BHILWARA_MANDALGARH.SC,4,1,3,raj,2010,linked_wife_share
BHILWARA_RAIPUR.SC,2,1,1,raj,2010,linked_wife_share
BHILWARA_SAHARA.SC,5,2,3,raj,2010,linked_wife_share
BHILWARA_SUWANA.SC,4,2,2,raj,2010,linked_wife_share
BIKANER_BIKANER.SC,6,2,4,raj,2010,linked_wife_share
BIKANER_KOLAYAT.SC,3,3,0,raj,2010,linked_wife_share
BIKANER_LUNKARANSAR.SC,7,2,5,raj,2010,linked_wife_share
BIKANER_NOKHA.SC,5,2,3,raj,2010,linked_wife_share
BIKANER_SRI DUNGARGARH.SC,4,2,2,raj,2010,linked_wife_share
BUNDI_HINDOLI.SC,7,3,4,raj,2010,linked_wife_share
BUNDI_KESHORAIPATAN.SC,7,4,3,raj,2010,linked_wife_share
BUNDI_NAINWA.SC,5,2,3,raj,2010,linked_wife_share
BUNDI_TALERA.SC,2,1,1,raj,2010,linked_wife_share
CHITTAURGARH_BEGUN.SC,4,1,3,raj,2010,linked_wife_share
CHITTAURGARH_BHAINSRORGARH.SC,2,1,1,raj,2010,linked_wife_share
CHITTAURGARH_CHITTORGARH.SC,1,1,0,raj,2010,linked_wife_share
CHITTAURGARH_GANGRAR.SC,3,2,1,raj,2010,linked_wife_share
CHURU_CHURU.SC,5,3,2,raj,2010,linked_wife_share
CHURU_RAJGARH.SC,11,5,6,raj,2010,linked_wife_share
CHURU_RATANGARH.SC,3,2,1,raj,2010,linked_wife_share
CHURU_SARDARSHAHAR.SC,9,4,5,raj,2010,linked_wife_share
CHURU_SUJANGARH.SC,7,3,4,raj,2010,linked_wife_share
CHURU_TARANAGAR.SC,5,3,2,raj,2010,linked_wife_share
DAUSA_BANDIKUI.SC,5,3,2,raj,2010,linked_wife_share
DAUSA_DAUSA.SC,5,1,4,raj,2010,linked_wife_share
DAUSA_LALSOT.SC,4,1,3,raj,2010,linked_wife_share
DAUSA_MAHWA.SC,8,4,4,raj,2010,linked_wife_share
DAUSA_SIKRAI.SC,4,1,3,raj,2010,linked_wife_share
DHAULPUR_BARI.SC,4,1,3,raj,2010,linked_wife_share
DHAULPUR_BASERI.SC,3,2,1,raj,2010,linked_wife_share
DHAULPUR_DHAULPUR.SC,3,2,1,raj,2010,linked_wife_share
DHAULPUR_RAJAKHERA.SC,6,4,2,raj,2010,linked_wife_share
GANGANAGAR_ANUPGARH.SC,1,0,1,raj,2010,linked_wife_share
GANGANAGAR_GANGANAGAR.SC,1,0,1,raj,2010,linked_wife_share
GANGANAGAR_RAISINGHNAGAR.SC,2,0,2,raj,2010,linked_wife_share
GANGANAGAR_SADULSHAHAR.SC,4,0,4,raj,2010,linked_wife_share
GANGANAGAR_SURATGARH.SC,9,4,5,raj,2010,linked_wife_share
HANUMANGARH_BHADRA.SC,7,1,6,raj,2010,linked_wife_share
HANUMANGARH_HANUMANGARH.SC,2,2,0,raj,2010,linked_wife_share
HANUMANGARH_NOHAR.SC,1,1,0,raj,2010,linked_wife_share
JAIPUR_AMBER.SC,3,2,1,raj,2010,linked_wife_share
JAIPUR_BASSI.SC,1,1,0,raj,2010,linked_wife_share
JAIPUR_CHAKSU.SC,1,1,0,raj,2010,linked_wife_share
JAIPUR_GOVINDGARH.SC,2,1,1,raj,2010,linked_wife_share
JAIPUR_JAMWA RAMGARH.SC,4,2,2,raj,2010,linked_wife_share
JAIPUR_JHOTWARA.SC,2,1,1,raj,2010,linked_wife_share
JAIPUR_SANGANER.SC,3,1,2,raj,2010,linked_wife_share
JAIPUR_SHAHPURA.SC,2,1,1,raj,2010,linked_wife_share
JAIPUR_VIRATNAGAR.SC,3,1,2,raj,2010,linked_wife_share
JAISALMER_JAISALMER.SC,2,1,1,raj,2010,linked_wife_share
JAISALMER_SAM.SC,1,1,0,raj,2010,linked_wife_share
JAISALMER_SANKRA.SC,3,2,1,raj,2010,linked_wife_share
JHALAWAR_BAKANI.SC,1,0,1,raj,2010,linked_wife_share
JHALAWAR_DAG.SC,5,2,3,raj,2010,linked_wife_share
JHALAWAR_JHALRAPATAN.SC,5,3,2,raj,2010,linked_wife_share
JHALAWAR_KHANPUR.SC,5,2,3,raj,2010,linked_wife_share
JHALAWAR_MANOHARTHANA.SC,3,1,2,raj,2010,linked_wife_share
JHALAWAR_PIRAWA (SUNEL).SC,7,4,3,raj,2010,linked_wife_share
JODHPUR_BALESAR.SC,3,1,2,raj,2010,linked_wife_share
JODHPUR_BAP.SC,1,0,1,raj,2010,linked_wife_share
JODHPUR_BHOPALGARH.SC,1,1,0,raj,2010,linked_wife_share
JODHPUR_BILARA.SC,5,3,2,raj,2010,linked_wife_share
JODHPUR_LUNI.SC,2,1,1,raj,2010,linked_wife_share
JODHPUR_OSIAN.SC,4,0,4,raj,2010,linked_wife_share
JODHPUR_PHALODI.SC,2,1,1,raj,2010,linked_wife_share
JODHPUR_SHERGARH.SC,5,2,3,raj,2010,linked_wife_share
KARAULI_HINDAUN.SC,8,4,4,raj,2010,linked_wife_share
KARAULI_KARAULI.SC,5,2,3,raj,2010,linked_wife_share
KARAULI_NADAUTI.SC,1,0,1,raj,2010,linked_wife_share
KARAULI_SAPOTRA.SC,2,1,1,raj,2010,linked_wife_share
KARAULI_TODABHIM.SC,3,1,2,raj,2010,linked_wife_share
KOTA_ITAWA.SC,2,0,2,raj,2010,linked_wife_share
KOTA_KHAIRABAD.SC,6,2,4,raj,2010,linked_wife_share
KOTA_LADPURA.SC,3,1,2,raj,2010,linked_wife_share
KOTA_SANGOD.SC,7,4,3,raj,2010,linked_wife_share
KOTA_SULTANPUR.SC,6,3,3,raj,2010,linked_wife_share
NAGAUR_DEGANA.SC,5,1,4,raj,2010,linked_wife_share
NAGAUR_DIDWANA.SC,2,1,1,raj,2010,linked_wife_share
NAGAUR_JAYAL.SC,8,4,4,raj,2010,linked_wife_share
NAGAUR_MERTA.SC,5,1,4,raj,2010,linked_wife_share
NAGAUR_MUNDWA.SC,3,2,1,raj,2010,linked_wife_share
NAGAUR_NAGAUR.SC,4,2,2,raj,2010,linked_wife_share
NAGAUR_PARBATSAR.SC,1,0,1,raj,2010,linked_wife_share
NAGAUR_RIYAN BADI.SC,3,2,1,raj,2010,linked_wife_share
PALI_BALI.SC,5,3,2,raj,2010,linked_wife_share
PALI_DESURI.SC,4,3,1,raj,2010,linked_wife_share
PALI_JAITARAN.SC,3,2,1,raj,2010,linked_wife_share
PALI_KHARCHI(MAR.JUN).SC,7,4,3,raj,2010,linked_wife_share
PALI_PALI.SC,5,2,3,raj,2010,linked_wife_share
PALI_RANI STATION.SC,5,2,3,raj,2010,linked_wife_share
PALI_ROHAT.SC,4,1,3,raj,2010,linked_wife_share
PALI_SOJAT.SC,6,3,3,raj,2010,linked_wife_share
PALI_SUMERPUR.SC,4,2,2,raj,2010,linked_wife_share
RAJSAMAND_AMET.SC,3,1,2,raj,2010,linked_wife_share
RAJSAMAND_BHIM.SC,1,0,1,raj,2010,linked_wife_share
RAJSAMAND_DEOGARH.SC,3,2,1,raj,2010,linked_wife_share
RAJSAMAND_KHAMNOR.SC,3,2,1,raj,2010,linked_wife_share
RAJSAMAND_KUMBHALGARH.SC,3,1,2,raj,2010,linked_wife_share
RAJSAMAND_RAILMAGRA.SC,3,1,2,raj,2010,linked_wife_share
RAJSAMAND_RAJSAMAND.SC,2,1,1,raj,2010,linked_wife_share
SAWAI MADHOPUR_BAMANWAS.SC,3,1,2,raj,2010,linked_wife_share
SAWAI MADHOPUR_BONLI.SC,5,3,2,raj,2010,linked_wife_share
SAWAI MADHOPUR_GANGAPUR CITY.SC,2,1,1,raj,2010,linked_wife_share
SAWAI MADHOPUR_KHANDAR.SC,7,4,3,raj,2010,linked_wife_share
SAWAI MADHOPUR_SAWAI MADHOPUR.SC,2,1,1,raj,2010,linked_wife_share
SIKAR_DANTA RAMGARH.SC,3,1,2,raj,2010,linked_wife_share
SIKAR_DHOD.SC,5,3,2,raj,2010,linked_wife_share
SIKAR_FATEHPUR.SC,4,2,2,raj,2010,linked_wife_share
SIKAR_KHANDELA.SC,5,2,3,raj,2010,linked_wife_share
SIKAR_LACHHMANGARH.SC,3,0,3,raj,2010,linked_wife_share
SIKAR_PIPRALI.SC,1,0,1,raj,2010,linked_wife_share
SIROHI_PINDWARA.SC,2,1,1,raj,2010,linked_wife_share
SIROHI_REODAR.SC,11,5,6,raj,2010,linked_wife_share
SIROHI_SHEOGANJ.SC,3,2,1,raj,2010,linked_wife_share
SIROHI_SIROHI.SC,6,3,3,raj,2010,linked_wife_share
TONK_DEOLI.SC,7,4,3,raj,2010,linked_wife_share
TONK_MALPURA.SC,5,2,3,raj,2010,linked_wife_share
TONK_NEWAI.SC,6,3,3,raj,2010,linked_wife_share
TONK_TONK.SC,3,2,1,raj,2010,linked_wife_share
TONK_UNIARA.SC,4,2,2,raj,2010,linked_wife_share
UDAIPUR_BARGAON.SC,2,1,1,raj,2010,linked_wife_share
UDAIPUR_BHINDER.SC,1,0,1,raj,2010,linked_wife_share
UDAIPUR_MAVLI.SC,3,1,2,raj,2010,linked_wife_share
AJMER_ARAIN.ST,1,0,1,raj,2010,linked_wife_share
ALWAR_BANSUR.ST,2,1,1,raj,2010,linked_wife_share
ALWAR_KATHUMAR.ST,4,1,3,raj,2010,linked_wife_share
ALWAR_LAXMANGARH.ST,3,2,1,raj,2010,linked_wife_share
ALWAR_RAJGARH.ST,7,2,5,raj,2010,linked_wife_share
ALWAR_RENI.ST,9,5,4,raj,2010,linked_wife_share
ALWAR_THANAGAZI.ST,4,1,3,raj,2010,linked_wife_share
BANSWARA_ANANDPURI.ST,22,12,10,raj,2010,linked_wife_share
BANSWARA_BAGIDORA.ST,18,8,10,raj,2010,linked_wife_share
BANSWARA_GARHI.ST,26,14,12,raj,2010,linked_wife_share
BANSWARA_GHATOL.ST,30,14,16,raj,2010,linked_wife_share
BANSWARA_KUSHALGARH.ST,16,5,11,raj,2010,linked_wife_share
BANSWARA_SAJJANGARH.ST,23,12,11,raj,2010,linked_wife_share
BARAN_ANTA.ST,5,0,5,raj,2010,linked_wife_share
BARAN_ATRU.ST,6,0,6,raj,2010,linked_wife_share
BARAN_BARAN (FULL).ST,3,0,3,raj,2010,linked_wife_share
BARAN_CHHABRA.ST,3,0,3,raj,2010,linked_wife_share
BARAN_CHHIPABAROD.ST,7,0,7,raj,2010,linked_wife_share
BARAN_KISHANGANJ.ST,9,0,9,raj,2010,linked_wife_share
BARAN_SHAHBAD.ST,7,1,6,raj,2010,linked_wife_share
BARMER_BARMER.ST,1,0,1,raj,2010,linked_wife_share
BARMER_CHOHTAN.ST,2,2,0,raj,2010,linked_wife_share
BARMER_DHORIMANNA.ST,1,1,0,raj,2010,linked_wife_share
BARMER_SHEO.ST,1,1,0,raj,2010,linked_wife_share
BHARATPUR_WEIR.ST,2,0,2,raj,2010,linked_wife_share
BHILWARA_ASIND.ST,2,1,1,raj,2010,linked_wife_share
BHILWARA_HURDA.ST,2,1,1,raj,2010,linked_wife_share
BHILWARA_MANDALGARH.ST,6,2,4,raj,2010,linked_wife_share
BHILWARA_SAHARA.ST,2,1,1,raj,2010,linked_wife_share
BHILWARA_SUWANA.ST,1,1,0,raj,2010,linked_wife_share
BUNDI_HINDOLI.ST,6,2,4,raj,2010,linked_wife_share
BUNDI_KESHORAIPATAN.ST,11,4,7,raj,2010,linked_wife_share
BUNDI_NAINWA.ST,5,2,3,raj,2010,linked_wife_share
BUNDI_TALERA.ST,5,2,3,raj,2010,linked_wife_share
CHITTAURGARH_BARI SADRI.ST,1,0,1,raj,2010,linked_wife_share
CHITTAURGARH_BEGUN.ST,2,0,2,raj,2010,linked_wife_share
CHITTAURGARH_BHAINSRORGARH.ST,7,3,4,raj,2010,linked_wife_share
CHITTAURGARH_GANGRAR.ST,1,0,1,raj,2010,linked_wife_share
CHURU_RAJGARH.ST,1,0,1,raj,2010,linked_wife_share
DAUSA_BANDIKUI.ST,1,1,0,raj,2010,linked_wife_share
DAUSA_DAUSA.ST,4,3,1,raj,2010,linked_wife_share
DAUSA_LALSOT.ST,10,4,6,raj,2010,linked_wife_share
DAUSA_MAHWA.ST,4,2,2,raj,2010,linked_wife_share
DAUSA_SIKRAI.ST,6,4,2,raj,2010,linked_wife_share
DHAULPUR_BARI.ST,3,1,2,raj,2010,linked_wife_share
DHAULPUR_BASERI.ST,1,0,1,raj,2010,linked_wife_share
DUNGARPUR_ASPUR.ST,22,9,13,raj,2010,linked_wife_share
DUNGARPUR_BICHIWARA.ST,13,5,8,raj,2010,linked_wife_share
DUNGARPUR_DUNGARPUR.ST,2,2,0,raj,2010,linked_wife_share
DUNGARPUR_SAGWARA.ST,31,16,15,raj,2010,linked_wife_share
DUNGARPUR_SIMALWARA.ST,17,5,12,raj,2010,linked_wife_share
JAIPUR_AMBER.ST,3,1,2,raj,2010,linked_wife_share
JAIPUR_BASSI.ST,5,2,3,raj,2010,linked_wife_share
JAIPUR_JAMWA RAMGARH.ST,6,2,4,raj,2010,linked_wife_share
JAIPUR_SANGANER.ST,1,0,1,raj,2010,linked_wife_share
JAISALMER_SANKRA.ST,2,1,1,raj,2010,linked_wife_share
JHALAWAR_JHALRAPATAN.ST,6,3,3,raj,2010,linked_wife_share
JHALAWAR_KHANPUR.ST,6,3,3,raj,2010,linked_wife_share
JHALAWAR_MANOHARTHANA.ST,2,1,1,raj,2010,linked_wife_share
JHALAWAR_PIRAWA (SUNEL).ST,2,1,1,raj,2010,linked_wife_share
JODHPUR_LUNI.ST,1,0,1,raj,2010,linked_wife_share
JODHPUR_SHERGARH.ST,1,1,0,raj,2010,linked_wife_share
KARAULI_HINDAUN.ST,1,0,1,raj,2010,linked_wife_share
KARAULI_KARAULI.ST,5,3,2,raj,2010,linked_wife_share
KARAULI_SAPOTRA.ST,10,3,7,raj,2010,linked_wife_share
KARAULI_TODABHIM.ST,2,0,2,raj,2010,linked_wife_share
KOTA_ITAWA.ST,4,1,3,raj,2010,linked_wife_share
KOTA_KHAIRABAD.ST,2,1,1,raj,2010,linked_wife_share
KOTA_LADPURA.ST,3,1,2,raj,2010,linked_wife_share
KOTA_SANGOD.ST,4,2,2,raj,2010,linked_wife_share
KOTA_SULTANPUR.ST,5,2,3,raj,2010,linked_wife_share
PALI_BALI.ST,6,3,3,raj,2010,linked_wife_share
PALI_DESURI.ST,1,0,1,raj,2010,linked_wife_share
PALI_PALI.ST,2,1,1,raj,2010,linked_wife_share
PALI_ROHAT.ST,1,0,1,raj,2010,linked_wife_share
PALI_SUMERPUR.ST,4,2,2,raj,2010,linked_wife_share
RAJSAMAND_AMET.ST,1,1,0,raj,2010,linked_wife_share
RAJSAMAND_BHIM.ST,1,0,1,raj,2010,linked_wife_share
RAJSAMAND_DEOGARH.ST,1,0,1,raj,2010,linked_wife_share
RAJSAMAND_KHAMNOR.ST,8,5,3,raj,2010,linked_wife_share
RAJSAMAND_KUMBHALGARH.ST,7,2,5,raj,2010,linked_wife_share
RAJSAMAND_RAILMAGRA.ST,1,1,0,raj,2010,linked_wife_share
RAJSAMAND_RAJSAMAND.ST,4,2,2,raj,2010,linked_wife_share
SAWAI MADHOPUR_BAMANWAS.ST,4,1,3,raj,2010,linked_wife_share
SAWAI MADHOPUR_BONLI.ST,7,4,3,raj,2010,linked_wife_share
SAWAI MADHOPUR_GANGAPUR CITY.ST,4,3,1,raj,2010,linked_wife_share
SAWAI MADHOPUR_KHANDAR.ST,1,0,1,raj,2010,linked_wife_share
SAWAI MADHOPUR_SAWAI MADHOPUR.ST,9,5,4,raj,2010,linked_wife_share
SIKAR_DHOD.ST,1,0,1,raj,2010,linked_wife_share
SIKAR_KHANDELA.ST,1,0,1,raj,2010,linked_wife_share
SIKAR_PIPRALI.ST,1,0,1,raj,2010,linked_wife_share
SIROHI_ABU ROAD.ST,21,10,11,raj,2010,linked_wife_share
SIROHI_PINDWARA.ST,12,6,6,raj,2010,linked_wife_share
SIROHI_REODAR.ST,4,2,2,raj,2010,linked_wife_share
SIROHI_SHEOGANJ.ST,4,2,2,raj,2010,linked_wife_share
SIROHI_SIROHI.ST,2,1,1,raj,2010,linked_wife_share
TONK_DEOLI.ST,7,4,3,raj,2010,linked_wife_share
TONK_MALPURA.ST,1,0,1,raj,2010,linked_wife_share
TONK_NEWAI.ST,5,3,2,raj,2010,linked_wife_share
TONK_UNIARA.ST,7,2,5,raj,2010,linked_wife_share
UDAIPUR_BARGAON.ST,6,4,2,raj,2010,linked_wife_share
UDAIPUR_BHINDER.ST,2,1,1,raj,2010,linked_wife_share
UDAIPUR_GIRWA.ST,11,4,7,raj,2010,linked_wife_share
UDAIPUR_GOGUNDA.ST,6,4,2,raj,2010,linked_wife_share
UDAIPUR_JHADOL.ST,12,5,7,raj,2010,linked_wife_share
UDAIPUR_KHERWARA.ST,14,11,3,raj,2010,linked_wife_share
UDAIPUR_KOTRA.ST,12,3,9,raj,2010,linked_wife_share
UDAIPUR_MAVLI.ST,1,1,0,raj,2010,linked_wife_share
UDAIPUR_SALUMBAR.ST,2,1,1,raj,2010,linked_wife_share
UDAIPUR_SARADA.ST,3,1,2,raj,2010,linked_wife_share
AJMER_ARAIN.GEN,7,2,5,raj,2005,mean_gap
AJMER_BHINAY.GEN,2,0,2,raj,2005,mean_gap
AJMER_JAWAJA.GEN,9,2,7,raj,2005,mean_gap
AJMER_KISHANGARH (SILORA).GEN,17,5,12,raj,2005,mean_gap
AJMER_MASOODA.GEN,8,3,5,raj,2005,mean_gap
AJMER_PISANGAN.GEN,9,4,5,raj,2005,mean_gap
AJMER_SRINAGAR.GEN,5,3,2,raj,2005,mean_gap
ALWAR_BANSUR.GEN,4,0,4,raj,2005,mean_gap
ALWAR_BEHROR.GEN,1,0,1,raj,2005,mean_gap
ALWAR_KATHUMAR.GEN,17,5,12,raj,2005,mean_gap
ALWAR_KISHANGARH BAS.GEN,7,2,5,raj,2005,mean_gap
ALWAR_KOTKASIM.GEN,1,0,1,raj,2005,mean_gap
ALWAR_LAXMANGARH.GEN,9,3,6,raj,2005,mean_gap
ALWAR_MANDAWAR.GEN,6,2,4,raj,2005,mean_gap
ALWAR_NEEMRANA.GEN,2,0,2,raj,2005,mean_gap
ALWAR_RAJGARH.GEN,6,2,4,raj,2005,mean_gap
ALWAR_RAMGARH.GEN,15,5,10,raj,2005,mean_gap
ALWAR_RENI.GEN,8,2,6,raj,2005,mean_gap
ALWAR_THANAGAZI.GEN,10,3,7,raj,2005,mean_gap
ALWAR_TIJARA.GEN,9,3,6,raj,2005,mean_gap
ALWAR_UMREN.GEN,6,1,5,raj,2005,mean_gap
BARAN_ANTA.GEN,10,5,5,raj,2005,mean_gap
BARAN_ATRU.GEN,17,5,12,raj,2005,mean_gap
BARAN_BARAN (FULL).GEN,9,4,5,raj,2005,mean_gap
BARAN_CHHABRA.GEN,11,3,8,raj,2005,mean_gap
BARAN_CHHIPABAROD.GEN,11,5,6,raj,2005,mean_gap
BARAN_KISHANGANJ.GEN,12,5,7,raj,2005,mean_gap
BARAN_SHAHBAD.GEN,10,4,6,raj,2005,mean_gap
BARMER_BALOTRA.GEN,2,1,1,raj,2005,mean_gap
BARMER_BARMER.GEN,12,6,6,raj,2005,mean_gap
BARMER_CHOHTAN.GEN,10,5,5,raj,2005,mean_gap
BARMER_DHORIMANNA.GEN,8,2,6,raj,2005,mean_gap
BARMER_SHEO.GEN,6,2,4,raj,2005,mean_gap
BARMER_SINDHARI.GEN,2,0,2,raj,2005,mean_gap
BARMER_SIWANA.GEN,2,0,2,raj,2005,mean_gap
BHARATPUR_BAYANA.GEN,20,7,13,raj,2005,mean_gap
BHARATPUR_NADBAI.GEN,15,5,10,raj,2005,mean_gap
BHARATPUR_RUPBAS.GEN,14,4,10,raj,2005,mean_gap
BHARATPUR_SEWAR.GEN,13,3,10,raj,2005,mean_gap
BHARATPUR_WEIR.GEN,11,3,8,raj,2005,mean_gap
BHILWARA_ASIND.GEN,9,3,6,raj,2005,mean_gap
BHILWARA_HURDA.GEN,8,3,5,raj,2005,mean_gap
BHILWARA_MANDAL.GEN,11,4,7,raj,2005,mean_gap
BHILWARA_MANDALGARH.GEN,13,4,9,raj,2005,mean_gap
BHILWARA_RAIPUR.GEN,10,3,7,raj,2005,mean_gap
BHILWARA_SAHARA.GEN,13,3,10,raj,2005,mean_gap
BHILWARA_SUWANA.GEN,17,6,11,raj,2005,mean_gap
BIKANER_BIKANER.GEN,9,1,8,raj,2005,mean_gap
BIKANER_KOLAYAT.GEN,8,3,5,raj,2005,mean_gap
BIKANER_LUNKARANSAR.GEN,16,6,10,raj,2005,mean_gap
BIKANER_NOKHA.GEN,16,4,12,raj,2005,mean_gap
BIKANER_SRI DUNGARGARH.GEN,11,4,7,raj,2005,mean_gap
BUNDI_HINDOLI.GEN,19,7,12,raj,2005,mean_gap
BUNDI_KESHORAIPATAN.GEN,22,8,14,raj,2005,mean_gap
BUNDI_NAINWA.GEN,13,5,8,raj,2005,mean_gap
BUNDI_TALERA.GEN,9,4,5,raj,2005,mean_gap
CHITTAURGARH_BARI SADRI.GEN,2,1,1,raj,2005,mean_gap
CHITTAURGARH_BEGUN.GEN,9,6,3,raj,2005,mean_gap
CHITTAURGARH_BHADESAR.GEN,1,0,1,raj,2005,mean_gap
CHITTAURGARH_BHAINSRORGARH.GEN,9,3,6,raj,2005,mean_gap
CHITTAURGARH_CHITTORGARH.GEN,2,2,0,raj,2005,mean_gap
CHITTAURGARH_GANGRAR.GEN,9,4,5,raj,2005,mean_gap
CHURU_CHURU.GEN,15,5,10,raj,2005,mean_gap
CHURU_RAJGARH.GEN,23,7,16,raj,2005,mean_gap
CHURU_RATANGARH.GEN,9,1,8,raj,2005,mean_gap
CHURU_SARDARSHAHAR.GEN,22,7,15,raj,2005,mean_gap
CHURU_SUJANGARH.GEN,15,4,11,raj,2005,mean_gap
CHURU_TARANAGAR.GEN,13,3,10,raj,2005,mean_gap
DAUSA_BANDIKUI.GEN,9,4,5,raj,2005,mean_gap
DAUSA_DAUSA.GEN,4,2,2,raj,2005,mean_gap
DAUSA_LALSOT.GEN,11,4,7,raj,2005,mean_gap
DAUSA_MAHWA.GEN,12,4,8,raj,2005,mean_gap
DAUSA_SIKRAI.GEN,8,2,6,raj,2005,mean_gap
DHAULPUR_BARI.GEN,9,3,6,raj,2005,mean_gap
DHAULPUR_BASERI.GEN,9,4,5,raj,2005,mean_gap
DHAULPUR_DHAULPUR.GEN,9,4,5,raj,2005,mean_gap
DHAULPUR_RAJAKHERA.GEN,15,5,10,raj,2005,mean_gap
GANGANAGAR_ANUPGARH.GEN,1,0,1,raj,2005,mean_gap
GANGANAGAR_GANGANAGAR.GEN,5,2,3,raj,2005,mean_gap
GANGANAGAR_KARANPUR.GEN,1,1,0,raj,2005,mean_gap
GANGANAGAR_RAISINGHNAGAR.GEN,1,0,1,raj,2005,mean_gap
GANGANAGAR_SADULSHAHAR.GEN,5,1,4,raj,2005,mean_gap
GANGANAGAR_SURATGARH.GEN,13,6,7,raj,2005,mean_gap
HANUMANGARH_BHADRA.GEN,21,8,13,raj,2005,mean_gap
HANUMANGARH_HANUMANGARH.GEN,2,0,2,raj,2005,mean_gap
HANUMANGARH_NOHAR.GEN,10,4,6,raj,2005,mean_gap
JAIPUR_AMBER.GEN,5,1,4,raj,2005,mean_gap
JAIPUR_BASSI.GEN,6,3,3,raj,2005,mean_gap
JAIPUR_CHAKSU.GEN,2,0,2,raj,2005,mean_gap
JAIPUR_GOVINDGARH.GEN,14,3,11,raj,2005,mean_gap
JAIPUR_JAMWA RAMGARH.GEN,12,5,7,raj,2005,mean_gap
JAIPUR_JHOTWARA.GEN,4,0,4,raj,2005,mean_gap
JAIPUR_KOTPUTLI.GEN,4,2,2,raj,2005,mean_gap
JAIPUR_PHAGI.GEN,1,0,1,raj,2005,mean_gap
JAIPUR_SAMBHAR.GEN,2,1,1,raj,2005,mean_gap
JAIPUR_SANGANER.GEN,8,2,6,raj,2005,mean_gap
JAIPUR_SHAHPURA.GEN,4,1,3,raj,2005,mean_gap
JAIPUR_VIRATNAGAR.GEN,5,2,3,raj,2005,mean_gap
JAISALMER_JAISALMER.GEN,7,2,5,raj,2005,mean_gap
JAISALMER_SAM.GEN,12,4,8,raj,2005,mean_gap
JAISALMER_SANKRA.GEN,9,1,8,raj,2005,mean_gap
JHALAWAR_BAKANI.GEN,3,1,2,raj,2005,mean_gap
JHALAWAR_DAG.GEN,12,4,8,raj,2005,mean_gap
JHALAWAR_JHALRAPATAN.GEN,10,3,7,raj,2005,mean_gap
JHALAWAR_KHANPUR.GEN,12,3,9,raj,2005,mean_gap
JHALAWAR_MANOHARTHANA.GEN,8,6,2,raj,2005,mean_gap
JHALAWAR_PIRAWA (SUNEL).GEN,19,6,13,raj,2005,mean_gap
JHUNJHUNUN_KHETRI.GEN,1,1,0,raj,2005,mean_gap
JODHPUR_BALESAR.GEN,7,1,6,raj,2005,mean_gap
JODHPUR_BHOPALGARH.GEN,5,1,4,raj,2005,mean_gap
JODHPUR_BILARA.GEN,10,4,6,raj,2005,mean_gap
JODHPUR_LUNI.GEN,9,3,6,raj,2005,mean_gap
JODHPUR_MANDOR.GEN,6,1,5,raj,2005,mean_gap
JODHPUR_OSIAN.GEN,1,0,1,raj,2005,mean_gap
JODHPUR_PHALODI.GEN,5,1,4,raj,2005,mean_gap
JODHPUR_SHERGARH.GEN,12,4,8,raj,2005,mean_gap
KARAULI_HINDAUN.GEN,16,5,11,raj,2005,mean_gap
KARAULI_KARAULI.GEN,10,4,6,raj,2005,mean_gap
KARAULI_NADAUTI.GEN,3,1,2,raj,2005,mean_gap
KARAULI_SAPOTRA.GEN,10,4,6,raj,2005,mean_gap
KARAULI_TODABHIM.GEN,5,2,3,raj,2005,mean_gap
KOTA_ITAWA.GEN,7,1,6,raj,2005,mean_gap
KOTA_KHAIRABAD.GEN,10,3,7,raj,2005,mean_gap
KOTA_LADPURA.GEN,8,4,4,raj,2005,mean_gap
KOTA_SANGOD.GEN,15,6,9,raj,2005,mean_gap
KOTA_SULTANPUR.GEN,14,4,10,raj,2005,mean_gap
NAGAUR_DEGANA.GEN,12,3,9,raj,2005,mean_gap
NAGAUR_DIDWANA.GEN,1,0,1,raj,2005,mean_gap
NAGAUR_JAYAL.GEN,15,7,8,raj,2005,mean_gap
NAGAUR_MERTA.GEN,14,3,11,raj,2005,mean_gap
NAGAUR_MUNDWA.GEN,10,1,9,raj,2005,mean_gap
NAGAUR_NAGAUR.GEN,12,5,7,raj,2005,mean_gap
NAGAUR_PARBATSAR.GEN,2,1,1,raj,2005,mean_gap
NAGAUR_RIYAN BADI.GEN,10,3,7,raj,2005,mean_gap
PALI_BALI.GEN,14,4,10,raj,2005,mean_gap
PALI_DESURI.GEN,10,3,7,raj,2005,mean_gap
PALI_JAITARAN.GEN,5,3,2,raj,2005,mean_gap
PALI_KHARCHI(MAR.JUN).GEN,18,8,10,raj,2005,mean_gap
PALI_PALI.GEN,12,4,8,raj,2005,mean_gap
PALI_RAIPUR.GEN,4,2,2,raj,2005,mean_gap
PALI_RANI STATION.GEN,11,5,6,raj,2005,mean_gap
PALI_ROHAT.GEN,11,3,8,raj,2005,mean_gap
PALI_SOJAT.GEN,16,6,10,raj,2005,mean_gap
PALI_SUMERPUR.GEN,12,4,8,raj,2005,mean_gap
RAJSAMAND_AMET.GEN,7,2,5,raj,2005,mean_gap
RAJSAMAND_BHIM.GEN,13,4,9,raj,2005,mean_gap
RAJSAMAND_DEOGARH.GEN,8,3,5,raj,2005,mean_gap
RAJSAMAND_KHAMNOR.GEN,13,4,9,raj,2005,mean_gap
RAJSAMAND_KUMBHALGARH.GEN,14,6,8,raj,2005,mean_gap
RAJSAMAND_RAILMAGRA.GEN,11,3,8,raj,2005,mean_gap
RAJSAMAND_RAJSAMAND.GEN,9,3,6,raj,2005,mean_gap
SAWAI MADHOPUR_BAMANWAS.GEN,9,5,4,raj,2005,mean_gap
SAWAI MADHOPUR_BONLI.GEN,11,1,10,raj,2005,mean_gap
SAWAI MADHOPUR_GANGAPUR CITY.GEN,5,2,3,raj,2005,mean_gap
SAWAI MADHOPUR_KHANDAR.GEN,14,7,7,raj,2005,mean_gap
SAWAI MADHOPUR_SAWAI MADHOPUR.GEN,13,5,8,raj,2005,mean_gap
SIKAR_DANTA RAMGARH.GEN,16,3,13,raj,2005,mean_gap
SIKAR_DHOD.GEN,15,4,11,raj,2005,mean_gap
SIKAR_FATEHPUR.GEN,15,7,8,raj,2005,mean_gap
SIKAR_KHANDELA.GEN,16,4,12,raj,2005,mean_gap
SIKAR_LACHHMANGARH.GEN,10,3,7,raj,2005,mean_gap
SIKAR_PIPRALI.GEN,9,1,8,raj,2005,mean_gap
SIROHI_PINDWARA.GEN,12,6,6,raj,2005,mean_gap
SIROHI_REODAR.GEN,18,7,11,raj,2005,mean_gap
SIROHI_SHEOGANJ.GEN,11,4,7,raj,2005,mean_gap
SIROHI_SIROHI.GEN,12,5,7,raj,2005,mean_gap
TONK_DEOLI.GEN,15,6,9,raj,2005,mean_gap
TONK_MALPURA.GEN,15,5,10,raj,2005,mean_gap
TONK_NEWAI.GEN,14,4,10,raj,2005,mean_gap
TONK_TONK.GEN,12,3,9,raj,2005,mean_gap
TONK_UNIARA.GEN,11,3,8,raj,2005,mean_gap
UDAIPUR_BARGAON.GEN,8,4,4,raj,2005,mean_gap
UDAIPUR_BHINDER.GEN,11,3,8,raj,2005,mean_gap
UDAIPUR_GIRWA.GEN,1,0,1,raj,2005,mean_gap
UDAIPUR_GOGUNDA.GEN,5,2,3,raj,2005,mean_gap
UDAIPUR_MAVLI.GEN,9,3,6,raj,2005,mean_gap
AJMER_ARAIN.OBC,3,1,2,raj,2005,mean_gap
AJMER_JAWAJA.OBC,2,1,1,raj,2005,mean_gap
AJMER_KISHANGARH (SILORA).OBC,7,2,5,raj,2005,mean_gap
AJMER_MASOODA.OBC,3,1,2,raj,2005,mean_gap
AJMER_PISANGAN.OBC,6,3,3,raj,2005,mean_gap
AJMER_SRINAGAR.OBC,2,1,1,raj,2005,mean_gap
ALWAR_BANSUR.OBC,1,1,0,raj,2005,mean_gap
ALWAR_BEHROR.OBC,1,1,0,raj,2005,mean_gap
ALWAR_KATHUMAR.OBC,4,1,3,raj,2005,mean_gap
ALWAR_KISHANGARH BAS.OBC,2,0,2,raj,2005,mean_gap
ALWAR_LAXMANGARH.OBC,2,1,1,raj,2005,mean_gap
ALWAR_MANDAWAR.OBC,1,1,0,raj,2005,mean_gap
ALWAR_RAMGARH.OBC,4,1,3,raj,2005,mean_gap
ALWAR_THANAGAZI.OBC,4,2,2,raj,2005,mean_gap
ALWAR_TIJARA.OBC,2,1,1,raj,2005,mean_gap
ALWAR_UMREN.OBC,1,0,1,raj,2005,mean_gap
BARAN_ANTA.OBC,2,0,2,raj,2005,mean_gap
BARAN_ATRU.OBC,3,1,2,raj,2005,mean_gap
BARAN_BARAN (FULL).OBC,1,0,1,raj,2005,mean_gap
BARAN_CHHABRA.OBC,1,0,1,raj,2005,mean_gap
BARAN_CHHIPABAROD.OBC,4,1,3,raj,2005,mean_gap
BARAN_KISHANGANJ.OBC,1,0,1,raj,2005,mean_gap
BARAN_SHAHBAD.OBC,1,0,1,raj,2005,mean_gap
BARMER_BALOTRA.OBC,3,3,0,raj,2005,mean_gap
BARMER_BARMER.OBC,3,1,2,raj,2005,mean_gap
BARMER_CHOHTAN.OBC,2,0,2,raj,2005,mean_gap
BARMER_DHORIMANNA.OBC,3,1,2,raj,2005,mean_gap
BARMER_SHEO.OBC,2,1,1,raj,2005,mean_gap
BARMER_SIWANA.OBC,1,0,1,raj,2005,mean_gap
BHARATPUR_BAYANA.OBC,7,2,5,raj,2005,mean_gap
BHARATPUR_KAMAN.OBC,1,1,0,raj,2005,mean_gap
BHARATPUR_NADBAI.OBC,3,1,2,raj,2005,mean_gap
BHARATPUR_RUPBAS.OBC,2,1,1,raj,2005,mean_gap
BHARATPUR_SEWAR.OBC,4,1,3,raj,2005,mean_gap
BHARATPUR_WEIR.OBC,2,2,0,raj,2005,mean_gap
BHILWARA_ASIND.OBC,3,1,2,raj,2005,mean_gap
BHILWARA_HURDA.OBC,3,1,2,raj,2005,mean_gap
BHILWARA_MANDAL.OBC,5,2,3,raj,2005,mean_gap
BHILWARA_MANDALGARH.OBC,2,0,2,raj,2005,mean_gap
BHILWARA_RAIPUR.OBC,4,2,2,raj,2005,mean_gap
BHILWARA_SAHARA.OBC,6,2,4,raj,2005,mean_gap
BHILWARA_SHAHPURA.OBC,1,1,0,raj,2005,mean_gap
BHILWARA_SUWANA.OBC,5,1,4,raj,2005,mean_gap
BIKANER_BIKANER.OBC,5,2,3,raj,2005,mean_gap
BIKANER_KOLAYAT.OBC,3,2,1,raj,2005,mean_gap
BIKANER_LUNKARANSAR.OBC,3,2,1,raj,2005,mean_gap
BIKANER_NOKHA.OBC,5,1,4,raj,2005,mean_gap
BIKANER_SRI DUNGARGARH.OBC,4,2,2,raj,2005,mean_gap
BUNDI_HINDOLI.OBC,4,2,2,raj,2005,mean_gap
BUNDI_KESHORAIPATAN.OBC,1,0,1,raj,2005,mean_gap
BUNDI_NAINWA.OBC,3,1,2,raj,2005,mean_gap
BUNDI_TALERA.OBC,1,0,1,raj,2005,mean_gap
CHITTAURGARH_BARI SADRI.OBC,1,1,0,raj,2005,mean_gap
CHITTAURGARH_BEGUN.OBC,4,1,3,raj,2005,mean_gap
CHITTAURGARH_BHAINSRORGARH.OBC,1,0,1,raj,2005,mean_gap
CHITTAURGARH_CHITTORGARH.OBC,1,0,1,raj,2005,mean_gap
CHITTAURGARH_GANGRAR.OBC,4,1,3,raj,2005,mean_gap
CHURU_CHURU.OBC,5,1,4,raj,2005,mean_gap
CHURU_RAJGARH.OBC,9,1,8,raj,2005,mean_gap
CHURU_RATANGARH.OBC,4,2,2,raj,2005,mean_gap
CHURU_SARDARSHAHAR.OBC,8,3,5,raj,2005,mean_gap
CHURU_SUJANGARH.OBC,4,0,4,raj,2005,mean_gap
CHURU_TARANAGAR.OBC,5,1,4,raj,2005,mean_gap
DAUSA_BANDIKUI.OBC,2,0,2,raj,2005,mean_gap
DAUSA_DAUSA.OBC,1,0,1,raj,2005,mean_gap
DAUSA_LALSOT.OBC,1,0,1,raj,2005,mean_gap
DAUSA_MAHWA.OBC,1,0,1,raj,2005,mean_gap
DHAULPUR_BARI.OBC,3,1,2,raj,2005,mean_gap
DHAULPUR_BASERI.OBC,2,0,2,raj,2005,mean_gap
DHAULPUR_DHAULPUR.OBC,2,0,2,raj,2005,mean_gap
DHAULPUR_RAJAKHERA.OBC,5,2,3,raj,2005,mean_gap
GANGANAGAR_GANGANAGAR.OBC,1,0,1,raj,2005,mean_gap
GANGANAGAR_RAISINGHNAGAR.OBC,1,0,1,raj,2005,mean_gap
GANGANAGAR_SADULSHAHAR.OBC,1,0,1,raj,2005,mean_gap
GANGANAGAR_SURATGARH.OBC,5,2,3,raj,2005,mean_gap
HANUMANGARH_BHADRA.OBC,6,0,6,raj,2005,mean_gap
HANUMANGARH_HANUMANGARH.OBC,1,0,1,raj,2005,mean_gap
HANUMANGARH_NOHAR.OBC,2,0,2,raj,2005,mean_gap
JAIPUR_AMBER.OBC,3,1,2,raj,2005,mean_gap
JAIPUR_GOVINDGARH.OBC,4,0,4,raj,2005,mean_gap
JAIPUR_JAMWA RAMGARH.OBC,1,0,1,raj,2005,mean_gap
JAIPUR_JHOTWARA.OBC,3,1,2,raj,2005,mean_gap
JAIPUR_SAMBHAR.OBC,1,0,1,raj,2005,mean_gap
JAIPUR_SANGANER.OBC,3,2,1,raj,2005,mean_gap
JAIPUR_SHAHPURA.OBC,2,1,1,raj,2005,mean_gap
JAIPUR_VIRATNAGAR.OBC,1,1,0,raj,2005,mean_gap
JAISALMER_JAISALMER.OBC,2,0,2,raj,2005,mean_gap
JAISALMER_SAM.OBC,4,1,3,raj,2005,mean_gap
JAISALMER_SANKRA.OBC,4,2,2,raj,2005,mean_gap
JHALAWAR_BAKANI.OBC,1,0,1,raj,2005,mean_gap
JHALAWAR_DAG.OBC,6,3,3,raj,2005,mean_gap
JHALAWAR_JHALRAPATAN.OBC,3,1,2,raj,2005,mean_gap
JHALAWAR_KHANPUR.OBC,5,2,3,raj,2005,mean_gap
JHALAWAR_MANOHARTHANA.OBC,4,1,3,raj,2005,mean_gap
JHALAWAR_PIRAWA (SUNEL).OBC,6,1,5,raj,2005,mean_gap
JHUNJHUNUN_SURAJGARH.OBC,1,0,1,raj,2005,mean_gap
JODHPUR_BALESAR.OBC,1,0,1,raj,2005,mean_gap
JODHPUR_BAP.OBC,2,0,2,raj,2005,mean_gap
JODHPUR_BHOPALGARH.OBC,6,2,4,raj,2005,mean_gap
JODHPUR_BILARA.OBC,7,3,4,raj,2005,mean_gap
JODHPUR_LUNI.OBC,3,1,2,raj,2005,mean_gap
JODHPUR_MANDOR.OBC,1,0,1,raj,2005,mean_gap
JODHPUR_OSIAN.OBC,4,0,4,raj,2005,mean_gap
JODHPUR_PHALODI.OBC,1,1,0,raj,2005,mean_gap
JODHPUR_SHERGARH.OBC,2,0,2,raj,2005,mean_gap
KARAULI_KARAULI.OBC,2,1,1,raj,2005,mean_gap
KARAULI_SAPOTRA.OBC,1,0,1,raj,2005,mean_gap
KARAULI_TODABHIM.OBC,1,0,1,raj,2005,mean_gap
KOTA_KHAIRABAD.OBC,3,1,2,raj,2005,mean_gap
KOTA_LADPURA.OBC,3,1,2,raj,2005,mean_gap
KOTA_SANGOD.OBC,6,2,4,raj,2005,mean_gap
KOTA_SULTANPUR.OBC,3,1,2,raj,2005,mean_gap
NAGAUR_DEGANA.OBC,5,2,3,raj,2005,mean_gap
NAGAUR_DIDWANA.OBC,5,1,4,raj,2005,mean_gap
NAGAUR_JAYAL.OBC,8,3,5,raj,2005,mean_gap
NAGAUR_MERTA.OBC,3,1,2,raj,2005,mean_gap
NAGAUR_MUNDWA.OBC,2,0,2,raj,2005,mean_gap
NAGAUR_NAGAUR.OBC,7,2,5,raj,2005,mean_gap
NAGAUR_PARBATSAR.OBC,1,0,1,raj,2005,mean_gap
NAGAUR_RIYAN BADI.OBC,2,2,0,raj,2005,mean_gap
PALI_BALI.OBC,2,1,1,raj,2005,mean_gap
PALI_DESURI.OBC,4,1,3,raj,2005,mean_gap
PALI_JAITARAN.OBC,3,2,1,raj,2005,mean_gap
PALI_KHARCHI(MAR.JUN).OBC,8,2,6,raj,2005,mean_gap
PALI_PALI.OBC,5,2,3,raj,2005,mean_gap
PALI_RAIPUR.OBC,1,0,1,raj,2005,mean_gap
PALI_RANI STATION.OBC,5,2,3,raj,2005,mean_gap
PALI_ROHAT.OBC,5,2,3,raj,2005,mean_gap
PALI_SOJAT.OBC,4,3,1,raj,2005,mean_gap
PALI_SUMERPUR.OBC,4,2,2,raj,2005,mean_gap
RAJSAMAND_AMET.OBC,1,1,0,raj,2005,mean_gap
RAJSAMAND_BHIM.OBC,5,2,3,raj,2005,mean_gap
RAJSAMAND_DEOGARH.OBC,4,1,3,raj,2005,mean_gap
RAJSAMAND_KHAMNOR.OBC,3,1,2,raj,2005,mean_gap
RAJSAMAND_KUMBHALGARH.OBC,6,2,4,raj,2005,mean_gap
RAJSAMAND_RAILMAGRA.OBC,3,0,3,raj,2005,mean_gap
RAJSAMAND_RAJSAMAND.OBC,3,0,3,raj,2005,mean_gap
SAWAI MADHOPUR_BONLI.OBC,2,1,1,raj,2005,mean_gap
SAWAI MADHOPUR_KHANDAR.OBC,2,1,1,raj,2005,mean_gap
SAWAI MADHOPUR_SAWAI MADHOPUR.OBC,1,0,1,raj,2005,mean_gap
SIKAR_DANTA RAMGARH.OBC,1,0,1,raj,2005,mean_gap
SIKAR_DHOD.OBC,5,2,3,raj,2005,mean_gap
SIKAR_FATEHPUR.OBC,6,2,4,raj,2005,mean_gap
SIKAR_KHANDELA.OBC,5,3,2,raj,2005,mean_gap
SIKAR_LACHHMANGARH.OBC,6,2,4,raj,2005,mean_gap
SIKAR_PIPRALI.OBC,4,1,3,raj,2005,mean_gap
SIROHI_PINDWARA.OBC,1,0,1,raj,2005,mean_gap
SIROHI_REODAR.OBC,2,1,1,raj,2005,mean_gap
SIROHI_SHEOGANJ.OBC,1,0,1,raj,2005,mean_gap
SIROHI_SIROHI.OBC,7,2,5,raj,2005,mean_gap
TONK_DEOLI.OBC,3,1,2,raj,2005,mean_gap
TONK_MALPURA.OBC,5,2,3,raj,2005,mean_gap
TONK_NEWAI.OBC,1,0,1,raj,2005,mean_gap
TONK_TONK.OBC,3,1,2,raj,2005,mean_gap
UDAIPUR_BHINDER.OBC,4,1,3,raj,2005,mean_gap
UDAIPUR_GOGUNDA.OBC,1,0,1,raj,2005,mean_gap
UDAIPUR_MAVLI.OBC,5,2,3,raj,2005,mean_gap
AJMER_ARAIN.SC,3,0,3,raj,2005,mean_gap
AJMER_BHINAY.SC,1,0,1,raj,2005,mean_gap
AJMER_KEKRI.SC,2,0,2,raj,2005,mean_gap
AJMER_KISHANGARH (SILORA).SC,3,2,1,raj,2005,mean_gap
AJMER_MASOODA.SC,2,0,2,raj,2005,mean_gap
AJMER_PISANGAN.SC,4,1,3,raj,2005,mean_gap
AJMER_SRINAGAR.SC,1,1,0,raj,2005,mean_gap
ALWAR_BEHROR.SC,1,1,0,raj,2005,mean_gap
ALWAR_KATHUMAR.SC,9,2,7,raj,2005,mean_gap
ALWAR_KISHANGARH BAS.SC,1,0,1,raj,2005,mean_gap
ALWAR_LAXMANGARH.SC,3,0,3,raj,2005,mean_gap
ALWAR_MANDAWAR.SC,1,0,1,raj,2005,mean_gap
ALWAR_RAJGARH.SC,5,2,3,raj,2005,mean_gap
ALWAR_RAMGARH.SC,1,1,0,raj,2005,mean_gap
ALWAR_RENI.SC,3,1,2,raj,2005,mean_gap
ALWAR_THANAGAZI.SC,4,2,2,raj,2005,mean_gap
ALWAR_TIJARA.SC,1,1,0,raj,2005,mean_gap
ALWAR_UMREN.SC,3,1,2,raj,2005,mean_gap
BARAN_ANTA.SC,2,0,2,raj,2005,mean_gap
BARAN_ATRU.SC,6,3,3,raj,2005,mean_gap
BARAN_BARAN (FULL).SC,5,2,3,raj,2005,mean_gap
BARAN_CHHABRA.SC,4,1,3,raj,2005,mean_gap
BARAN_CHHIPABAROD.SC,5,2,3,raj,2005,mean_gap
BARAN_KISHANGANJ.SC,4,1,3,raj,2005,mean_gap
BARAN_SHAHBAD.SC,3,1,2,raj,2005,mean_gap
BARMER_BALOTRA.SC,2,1,1,raj,2005,mean_gap
BARMER_BARMER.SC,4,1,3,raj,2005,mean_gap
BARMER_BAYTOO.SC,1,0,1,raj,2005,mean_gap
BARMER_CHOHTAN.SC,4,0,4,raj,2005,mean_gap
BARMER_DHORIMANNA.SC,3,1,2,raj,2005,mean_gap
BARMER_SHEO.SC,3,1,2,raj,2005,mean_gap
BARMER_SIWANA.SC,2,1,1,raj,2005,mean_gap
BHARATPUR_BAYANA.SC,10,3,7,raj,2005,mean_gap
BHARATPUR_DEEG.SC,1,1,0,raj,2005,mean_gap
BHARATPUR_NADBAI.SC,9,3,6,raj,2005,mean_gap
BHARATPUR_RUPBAS.SC,6,1,5,raj,2005,mean_gap
BHARATPUR_SEWAR.SC,5,1,4,raj,2005,mean_gap
BHARATPUR_WEIR.SC,5,0,5,raj,2005,mean_gap
BHILWARA_ASIND.SC,4,2,2,raj,2005,mean_gap
BHILWARA_HURDA.SC,2,1,1,raj,2005,mean_gap
BHILWARA_MANDAL.SC,3,1,2,raj,2005,mean_gap
BHILWARA_MANDALGARH.SC,5,2,3,raj,2005,mean_gap
BHILWARA_RAIPUR.SC,1,0,1,raj,2005,mean_gap
BHILWARA_SAHARA.SC,5,2,3,raj,2005,mean_gap
BHILWARA_SUWANA.SC,3,1,2,raj,2005,mean_gap
BIKANER_BIKANER.SC,9,3,6,raj,2005,mean_gap
BIKANER_KOLAYAT.SC,6,3,3,raj,2005,mean_gap
BIKANER_LUNKARANSAR.SC,5,2,3,raj,2005,mean_gap
BIKANER_NOKHA.SC,5,3,2,raj,2005,mean_gap
BIKANER_SRI DUNGARGARH.SC,5,2,3,raj,2005,mean_gap
BUNDI_HINDOLI.SC,8,3,5,raj,2005,mean_gap
BUNDI_KESHORAIPATAN.SC,6,3,3,raj,2005,mean_gap
BUNDI_NAINWA.SC,5,1,4,raj,2005,mean_gap
BUNDI_TALERA.SC,5,2,3,raj,2005,mean_gap
CHITTAURGARH_BARI SADRI.SC,1,1,0,raj,2005,mean_gap
CHITTAURGARH_BEGUN.SC,3,1,2,raj,2005,mean_gap
CHITTAURGARH_BHAINSRORGARH.SC,2,1,1,raj,2005,mean_gap
CHITTAURGARH_GANGRAR.SC,3,1,2,raj,2005,mean_gap
CHITTAURGARH_NIMBAHERA.SC,1,1,0,raj,2005,mean_gap
CHURU_CHURU.SC,7,2,5,raj,2005,mean_gap
CHURU_RAJGARH.SC,7,3,4,raj,2005,mean_gap
CHURU_RATANGARH.SC,3,1,2,raj,2005,mean_gap
CHURU_SARDARSHAHAR.SC,9,2,7,raj,2005,mean_gap
CHURU_SUJANGARH.SC,8,3,5,raj,2005,mean_gap
CHURU_TARANAGAR.SC,5,2,3,raj,2005,mean_gap
DAUSA_DAUSA.SC,6,2,4,raj,2005,mean_gap
DAUSA_LALSOT.SC,5,1,4,raj,2005,mean_gap
DAUSA_MAHWA.SC,5,1,4,raj,2005,mean_gap
DAUSA_SIKRAI.SC,5,2,3,raj,2005,mean_gap
DHAULPUR_BARI.SC,6,2,4,raj,2005,mean_gap
DHAULPUR_BASERI.SC,3,1,2,raj,2005,mean_gap
DHAULPUR_DHAULPUR.SC,1,0,1,raj,2005,mean_gap
DHAULPUR_RAJAKHERA.SC,5,2,3,raj,2005,mean_gap
GANGANAGAR_GANGANAGAR.SC,3,0,3,raj,2005,mean_gap
GANGANAGAR_KARANPUR.SC,3,1,2,raj,2005,mean_gap
GANGANAGAR_PADAMPUR.SC,4,0,4,raj,2005,mean_gap
GANGANAGAR_SADULSHAHAR.SC,1,0,1,raj,2005,mean_gap
GANGANAGAR_SURATGARH.SC,9,4,5,raj,2005,mean_gap
HANUMANGARH_BHADRA.SC,8,4,4,raj,2005,mean_gap
HANUMANGARH_HANUMANGARH.SC,1,1,0,raj,2005,mean_gap
HANUMANGARH_NOHAR.SC,3,2,1,raj,2005,mean_gap
JAIPUR_AMBER.SC,4,2,2,raj,2005,mean_gap
JAIPUR_BASSI.SC,2,0,2,raj,2005,mean_gap
JAIPUR_GOVINDGARH.SC,3,2,1,raj,2005,mean_gap
JAIPUR_JAMWA RAMGARH.SC,3,1,2,raj,2005,mean_gap
JAIPUR_JHOTWARA.SC,3,1,2,raj,2005,mean_gap
JAIPUR_SAMBHAR.SC,1,0,1,raj,2005,mean_gap
JAIPUR_SANGANER.SC,2,1,1,raj,2005,mean_gap
JAIPUR_SHAHPURA.SC,3,2,1,raj,2005,mean_gap
JAISALMER_JAISALMER.SC,2,0,2,raj,2005,mean_gap
JAISALMER_SAM.SC,4,1,3,raj,2005,mean_gap
JAISALMER_SANKRA.SC,2,0,2,raj,2005,mean_gap
JHALAWAR_BAKANI.SC,2,1,1,raj,2005,mean_gap
JHALAWAR_DAG.SC,2,0,2,raj,2005,mean_gap
JHALAWAR_JHALRAPATAN.SC,3,2,1,raj,2005,mean_gap
JHALAWAR_KHANPUR.SC,3,1,2,raj,2005,mean_gap
JHALAWAR_MANOHARTHANA.SC,1,0,1,raj,2005,mean_gap
JHALAWAR_PIRAWA (SUNEL).SC,7,3,4,raj,2005,mean_gap
JHUNJHUNUN_CHIRAWA.SC,1,0,1,raj,2005,mean_gap
JODHPUR_BALESAR.SC,2,1,1,raj,2005,mean_gap
JODHPUR_BAP.SC,1,0,1,raj,2005,mean_gap
JODHPUR_BHOPALGARH.SC,5,1,4,raj,2005,mean_gap
JODHPUR_BILARA.SC,4,2,2,raj,2005,mean_gap
JODHPUR_LUNI.SC,4,2,2,raj,2005,mean_gap
JODHPUR_MANDOR.SC,3,1,2,raj,2005,mean_gap
JODHPUR_SHERGARH.SC,2,1,1,raj,2005,mean_gap
KARAULI_HINDAUN.SC,6,4,2,raj,2005,mean_gap
KARAULI_KARAULI.SC,6,1,5,raj,2005,mean_gap
KARAULI_NADAUTI.SC,2,1,1,raj,2005,mean_gap
KARAULI_SAPOTRA.SC,6,3,3,raj,2005,mean_gap
KOTA_ITAWA.SC,6,3,3,raj,2005,mean_gap
KOTA_KHAIRABAD.SC,6,2,4,raj,2005,mean_gap
KOTA_LADPURA.SC,4,1,3,raj,2005,mean_gap
KOTA_SANGOD.SC,8,3,5,raj,2005,mean_gap
KOTA_SULTANPUR.SC,6,3,3,raj,2005,mean_gap
NAGAUR_DEGANA.SC,8,3,5,raj,2005,mean_gap
NAGAUR_JAYAL.SC,8,3,5,raj,2005,mean_gap
NAGAUR_MERTA.SC,6,2,4,raj,2005,mean_gap
NAGAUR_MUNDWA.SC,3,2,1,raj,2005,mean_gap
NAGAUR_NAGAUR.SC,5,2,3,raj,2005,mean_gap
NAGAUR_RIYAN BADI.SC,2,0,2,raj,2005,mean_gap
PALI_BALI.SC,4,1,3,raj,2005,mean_gap
PALI_DESURI.SC,4,2,2,raj,2005,mean_gap
PALI_JAITARAN.SC,3,1,2,raj,2005,mean_gap
PALI_KHARCHI(MAR.JUN).SC,8,2,6,raj,2005,mean_gap
PALI_PALI.SC,3,1,2,raj,2005,mean_gap
PALI_RAIPUR.SC,1,0,1,raj,2005,mean_gap
PALI_RANI STATION.SC,3,0,3,raj,2005,mean_gap
PALI_ROHAT.SC,5,2,3,raj,2005,mean_gap
PALI_SOJAT.SC,8,3,5,raj,2005,mean_gap
PALI_SUMERPUR.SC,5,2,3,raj,2005,mean_gap
RAJSAMAND_AMET.SC,2,1,1,raj,2005,mean_gap
RAJSAMAND_BHIM.SC,2,0,2,raj,2005,mean_gap
RAJSAMAND_DEOGARH.SC,3,0,3,raj,2005,mean_gap
RAJSAMAND_KHAMNOR.SC,3,2,1,raj,2005,mean_gap
RAJSAMAND_KUMBHALGARH.SC,1,0,1,raj,2005,mean_gap
RAJSAMAND_RAILMAGRA.SC,2,1,1,raj,2005,mean_gap
RAJSAMAND_RAJSAMAND.SC,4,2,2,raj,2005,mean_gap
SAWAI MADHOPUR_BAMANWAS.SC,1,0,1,raj,2005,mean_gap
SAWAI MADHOPUR_BONLI.SC,4,2,2,raj,2005,mean_gap
SAWAI MADHOPUR_GANGAPUR CITY.SC,5,2,3,raj,2005,mean_gap
SAWAI MADHOPUR_KHANDAR.SC,7,2,5,raj,2005,mean_gap
SAWAI MADHOPUR_SAWAI MADHOPUR.SC,2,0,2,raj,2005,mean_gap
SIKAR_DANTA RAMGARH.SC,4,1,3,raj,2005,mean_gap
SIKAR_DHOD.SC,5,0,5,raj,2005,mean_gap
SIKAR_FATEHPUR.SC,4,1,3,raj,2005,mean_gap
SIKAR_KHANDELA.SC,2,0,2,raj,2005,mean_gap
SIKAR_LACHHMANGARH.SC,3,1,2,raj,2005,mean_gap
SIKAR_PIPRALI.SC,4,2,2,raj,2005,mean_gap
SIROHI_PINDWARA.SC,3,1,2,raj,2005,mean_gap
SIROHI_REODAR.SC,11,4,7,raj,2005,mean_gap
SIROHI_SHEOGANJ.SC,5,2,3,raj,2005,mean_gap
SIROHI_SIROHI.SC,7,2,5,raj,2005,mean_gap
TONK_DEOLI.SC,4,2,2,raj,2005,mean_gap
TONK_MALPURA.SC,6,3,3,raj,2005,mean_gap
TONK_NEWAI.SC,4,3,1,raj,2005,mean_gap
TONK_TONK.SC,5,2,3,raj,2005,mean_gap
TONK_UNIARA.SC,6,2,4,raj,2005,mean_gap
UDAIPUR_BHINDER.SC,1,0,1,raj,2005,mean_gap
UDAIPUR_GOGUNDA.SC,2,0,2,raj,2005,mean_gap
UDAIPUR_MAVLI.SC,1,0,1,raj,2005,mean_gap
AJMER_ARAIN.ST,1,0,1,raj,2005,mean_gap
AJMER_KEKRI.ST,1,0,1,raj,2005,mean_gap
ALWAR_KATHUMAR.ST,3,1,2,raj,2005,mean_gap
ALWAR_LAXMANGARH.ST,3,1,2,raj,2005,mean_gap
ALWAR_RAJGARH.ST,8,2,6,raj,2005,mean_gap
ALWAR_RAMGARH.ST,1,0,1,raj,2005,mean_gap
ALWAR_RENI.ST,7,2,5,raj,2005,mean_gap
ALWAR_THANAGAZI.ST,3,1,2,raj,2005,mean_gap
ALWAR_UMREN.ST,1,0,1,raj,2005,mean_gap
BANSWARA_ANANDPURI.ST,22,7,15,raj,2005,mean_gap
BANSWARA_BAGIDORA.ST,18,4,14,raj,2005,mean_gap
BANSWARA_GARHI.ST,26,8,18,raj,2005,mean_gap
BANSWARA_GHATOL.ST,30,14,16,raj,2005,mean_gap
BANSWARA_KUSHALGARH.ST,16,6,10,raj,2005,mean_gap
BANSWARA_SAJJANGARH.ST,23,6,17,raj,2005,mean_gap
BARAN_ANTA.ST,3,1,2,raj,2005,mean_gap
BARAN_ATRU.ST,5,2,3,raj,2005,mean_gap
BARAN_BARAN (FULL).ST,3,0,3,raj,2005,mean_gap
BARAN_CHHABRA.ST,4,2,2,raj,2005,mean_gap
BARAN_CHHIPABAROD.ST,4,0,4,raj,2005,mean_gap
BARAN_KISHANGANJ.ST,11,4,7,raj,2005,mean_gap
BARAN_SHAHBAD.ST,7,3,4,raj,2005,mean_gap
BARMER_BALOTRA.ST,2,0,2,raj,2005,mean_gap
BARMER_BARMER.ST,1,1,0,raj,2005,mean_gap
BARMER_CHOHTAN.ST,3,1,2,raj,2005,mean_gap
BARMER_DHORIMANNA.ST,1,1,0,raj,2005,mean_gap
BARMER_SHEO.ST,1,0,1,raj,2005,mean_gap
BHARATPUR_BAYANA.ST,1,0,1,raj,2005,mean_gap
BHARATPUR_NADBAI.ST,1,0,1,raj,2005,mean_gap
BHARATPUR_SEWAR.ST,1,0,1,raj,2005,mean_gap
BHARATPUR_WEIR.ST,2,0,2,raj,2005,mean_gap
BHILWARA_ASIND.ST,2,0,2,raj,2005,mean_gap
BHILWARA_MANDAL.ST,1,1,0,raj,2005,mean_gap
BHILWARA_MANDALGARH.ST,3,2,1,raj,2005,mean_gap
BHILWARA_SAHARA.ST,2,1,1,raj,2005,mean_gap
BHILWARA_SUWANA.ST,1,0,1,raj,2005,mean_gap
BUNDI_HINDOLI.ST,7,2,5,raj,2005,mean_gap
BUNDI_KESHORAIPATAN.ST,11,4,7,raj,2005,mean_gap
BUNDI_NAINWA.ST,6,2,4,raj,2005,mean_gap
BUNDI_TALERA.ST,6,1,5,raj,2005,mean_gap
CHITTAURGARH_BEGUN.ST,2,0,2,raj,2005,mean_gap
CHITTAURGARH_BHAINSRORGARH.ST,7,3,4,raj,2005,mean_gap
CHITTAURGARH_CHITTORGARH.ST,1,1,0,raj,2005,mean_gap
CHITTAURGARH_GANGRAR.ST,1,0,1,raj,2005,mean_gap
CHURU_RAJGARH.ST,1,0,1,raj,2005,mean_gap
DAUSA_BANDIKUI.ST,1,0,1,raj,2005,mean_gap
DAUSA_DAUSA.ST,6,0,6,raj,2005,mean_gap
DAUSA_LALSOT.ST,8,1,7,raj,2005,mean_gap
DAUSA_MAHWA.ST,3,1,2,raj,2005,mean_gap
DAUSA_SIKRAI.ST,3,2,1,raj,2005,mean_gap
DHAULPUR_BARI.ST,1,0,1,raj,2005,mean_gap
DUNGARPUR_ASPUR.ST,22,8,14,raj,2005,mean_gap
DUNGARPUR_BICHIWARA.ST,13,3,10,raj,2005,mean_gap
DUNGARPUR_DUNGARPUR.ST,2,0,2,raj,2005,mean_gap
DUNGARPUR_SAGWARA.ST,31,11,20,raj,2005,mean_gap
DUNGARPUR_SIMALWARA.ST,17,6,11,raj,2005,mean_gap
JAIPUR_AMBER.ST,4,1,3,raj,2005,mean_gap
JAIPUR_BASSI.ST,3,0,3,raj,2005,mean_gap
JAIPUR_CHAKSU.ST,1,1,0,raj,2005,mean_gap
JAIPUR_GOVINDGARH.ST,1,1,0,raj,2005,mean_gap
JAIPUR_JAMWA RAMGARH.ST,3,1,2,raj,2005,mean_gap
JAIPUR_KOTPUTLI.ST,1,0,1,raj,2005,mean_gap
JAIPUR_SAMBHAR.ST,1,0,1,raj,2005,mean_gap
JAIPUR_SANGANER.ST,2,1,1,raj,2005,mean_gap
JAIPUR_SHAHPURA.ST,1,0,1,raj,2005,mean_gap
JAISALMER_JAISALMER.ST,1,1,0,raj,2005,mean_gap
JAISALMER_SANKRA.ST,1,0,1,raj,2005,mean_gap
JHALAWAR_JHALRAPATAN.ST,5,1,4,raj,2005,mean_gap
JHALAWAR_KHANPUR.ST,3,1,2,raj,2005,mean_gap
JHALAWAR_MANOHARTHANA.ST,9,3,6,raj,2005,mean_gap
JHALAWAR_PIRAWA (SUNEL).ST,3,1,2,raj,2005,mean_gap
JODHPUR_BALESAR.ST,1,0,1,raj,2005,mean_gap
JODHPUR_SHERGARH.ST,1,0,1,raj,2005,mean_gap
KARAULI_HINDAUN.ST,2,0,2,raj,2005,mean_gap
KARAULI_KARAULI.ST,6,3,3,raj,2005,mean_gap
KARAULI_NADAUTI.ST,1,0,1,raj,2005,mean_gap
KARAULI_SAPOTRA.ST,6,2,4,raj,2005,mean_gap
KARAULI_TODABHIM.ST,6,4,2,raj,2005,mean_gap
KOTA_ITAWA.ST,5,2,3,raj,2005,mean_gap
KOTA_KHAIRABAD.ST,3,1,2,raj,2005,mean_gap
KOTA_LADPURA.ST,2,1,1,raj,2005,mean_gap
KOTA_SANGOD.ST,4,1,3,raj,2005,mean_gap
KOTA_SULTANPUR.ST,5,1,4,raj,2005,mean_gap
PALI_BALI.ST,9,3,6,raj,2005,mean_gap
PALI_DESURI.ST,1,0,1,raj,2005,mean_gap
PALI_PALI.ST,2,1,1,raj,2005,mean_gap
PALI_RANI STATION.ST,1,0,1,raj,2005,mean_gap
PALI_ROHAT.ST,1,0,1,raj,2005,mean_gap
PALI_SUMERPUR.ST,4,1,3,raj,2005,mean_gap
RAJSAMAND_AMET.ST,2,1,1,raj,2005,mean_gap
RAJSAMAND_DEOGARH.ST,1,0,1,raj,2005,mean_gap
RAJSAMAND_KHAMNOR.ST,3,0,3,raj,2005,mean_gap
RAJSAMAND_KUMBHALGARH.ST,6,2,4,raj,2005,mean_gap
RAJSAMAND_RAJSAMAND.ST,3,1,2,raj,2005,mean_gap
SAWAI MADHOPUR_BAMANWAS.ST,1,0,1,raj,2005,mean_gap
SAWAI MADHOPUR_BONLI.ST,5,2,3,raj,2005,mean_gap
SAWAI MADHOPUR_GANGAPUR CITY.ST,2,0,2,raj,2005,mean_gap
SAWAI MADHOPUR_KHANDAR.ST,4,1,3,raj,2005,mean_gap
SAWAI MADHOPUR_SAWAI MADHOPUR.ST,9,1,8,raj,2005,mean_gap
SIKAR_DHOD.ST,1,0,1,raj,2005,mean_gap
SIKAR_KHANDELA.ST,1,0,1,raj,2005,mean_gap
SIROHI_ABU ROAD.ST,21,8,13,raj,2005,mean_gap
SIROHI_PINDWARA.ST,13,4,9,raj,2005,mean_gap
SIROHI_REODAR.ST,4,1,3,raj,2005,mean_gap
SIROHI_SHEOGANJ.ST,4,1,3,raj,2005,mean_gap
SIROHI_SIROHI.ST,2,1,1,raj,2005,mean_gap
TONK_DEOLI.ST,7,3,4,raj,2005,mean_gap
TONK_MALPURA.ST,1,0,1,raj,2005,mean_gap
TONK_NEWAI.ST,6,2,4,raj,2005,mean_gap
TONK_TONK.ST,1,0,1,raj,2005,mean_gap
TONK_UNIARA.ST,7,2,5,raj,2005,mean_gap
UDAIPUR_BARGAON.ST,6,1,5,raj,2005,mean_gap
UDAIPUR_BHINDER.ST,2,2,0,raj,2005,mean_gap
UDAIPUR_GIRWA.ST,11,2,9,raj,2005,mean_gap
UDAIPUR_GOGUNDA.ST,6,2,4,raj,2005,mean_gap
UDAIPUR_JHADOL.ST,12,4,8,raj,2005,mean_gap
UDAIPUR_KHERWARA.ST,14,7,7,raj,2005,mean_gap
UDAIPUR_KOTRA.ST,12,2,10,raj,2005,mean_gap
UDAIPUR_MAVLI.ST,4,3,1,raj,2005,mean_gap
UDAIPUR_SALUMBAR.ST,2,1,1,raj,2005,mean_gap
UDAIPUR_SARADA.ST,3,1,2,raj,2005,mean_gap
AJMER_ARAIN.GEN,8,3,5,raj,2010,mean_gap
AJMER_BHINAY.GEN,3,0,3,raj,2010,mean_gap
AJMER_JAWAJA.GEN,7,4,3,raj,2010,mean_gap
AJMER_KEKRI.GEN,2,2,0,raj,2010,mean_gap
AJMER_KISHANGARH (SILORA).GEN,14,6,8,raj,2010,mean_gap
AJMER_MASOODA.GEN,9,4,5,raj,2010,mean_gap
AJMER_PISANGAN.GEN,11,7,4,raj,2010,mean_gap
AJMER_SRINAGAR.GEN,5,4,1,raj,2010,mean_gap
ALWAR_BANSUR.GEN,2,1,1,raj,2010,mean_gap
ALWAR_BEHROR.GEN,3,1,2,raj,2010,mean_gap
ALWAR_KATHUMAR.GEN,17,9,8,raj,2010,mean_gap
ALWAR_KISHANGARH BAS.GEN,4,2,2,raj,2010,mean_gap
ALWAR_LAXMANGARH.GEN,5,4,1,raj,2010,mean_gap
ALWAR_MANDAWAR.GEN,6,3,3,raj,2010,mean_gap
ALWAR_RAJGARH.GEN,9,6,3,raj,2010,mean_gap
ALWAR_RAMGARH.GEN,10,5,5,raj,2010,mean_gap
ALWAR_RENI.GEN,7,5,2,raj,2010,mean_gap
ALWAR_THANAGAZI.GEN,10,6,4,raj,2010,mean_gap
ALWAR_TIJARA.GEN,10,5,5,raj,2010,mean_gap
ALWAR_UMREN.GEN,8,3,5,raj,2010,mean_gap
BARAN_ANTA.GEN,7,2,5,raj,2010,mean_gap
BARAN_ATRU.GEN,14,8,6,raj,2010,mean_gap
BARAN_BARAN (FULL).GEN,9,4,5,raj,2010,mean_gap
BARAN_CHHABRA.GEN,10,5,5,raj,2010,mean_gap
BARAN_CHHIPABAROD.GEN,11,5,6,raj,2010,mean_gap
BARAN_KISHANGANJ.GEN,14,7,7,raj,2010,mean_gap
BARAN_SHAHBAD.GEN,12,5,7,raj,2010,mean_gap
BARMER_BALOTRA.GEN,7,3,4,raj,2010,mean_gap
BARMER_BARMER.GEN,12,5,7,raj,2010,mean_gap
BARMER_BAYTOO.GEN,1,0,1,raj,2010,mean_gap
BARMER_CHOHTAN.GEN,11,3,8,raj,2010,mean_gap
BARMER_DHORIMANNA.GEN,6,1,5,raj,2010,mean_gap
BARMER_SHEO.GEN,6,1,5,raj,2010,mean_gap
BARMER_SIWANA.GEN,4,1,3,raj,2010,mean_gap
BHARATPUR_BAYANA.GEN,19,12,7,raj,2010,mean_gap
BHARATPUR_KAMAN.GEN,1,0,1,raj,2010,mean_gap
BHARATPUR_NADBAI.GEN,15,8,7,raj,2010,mean_gap
BHARATPUR_RUPBAS.GEN,8,4,4,raj,2010,mean_gap
BHARATPUR_SEWAR.GEN,13,7,6,raj,2010,mean_gap
BHARATPUR_WEIR.GEN,10,6,4,raj,2010,mean_gap
BHILWARA_ASIND.GEN,10,4,6,raj,2010,mean_gap
BHILWARA_HURDA.GEN,7,2,5,raj,2010,mean_gap
BHILWARA_MANDAL.GEN,13,6,7,raj,2010,mean_gap
BHILWARA_MANDALGARH.GEN,9,6,3,raj,2010,mean_gap
BHILWARA_RAIPUR.GEN,9,5,4,raj,2010,mean_gap
BHILWARA_SAHARA.GEN,13,6,7,raj,2010,mean_gap
BHILWARA_SHAHPURA.GEN,1,1,0,raj,2010,mean_gap
BHILWARA_SUWANA.GEN,15,8,7,raj,2010,mean_gap
BIKANER_BIKANER.GEN,13,7,6,raj,2010,mean_gap
BIKANER_KOLAYAT.GEN,11,6,5,raj,2010,mean_gap
BIKANER_LUNKARANSAR.GEN,7,2,5,raj,2010,mean_gap
BIKANER_NOKHA.GEN,15,6,9,raj,2010,mean_gap
BIKANER_SRI DUNGARGARH.GEN,12,6,6,raj,2010,mean_gap
BUNDI_HINDOLI.GEN,19,11,8,raj,2010,mean_gap
BUNDI_KESHORAIPATAN.GEN,20,10,10,raj,2010,mean_gap
BUNDI_NAINWA.GEN,15,7,8,raj,2010,mean_gap
BUNDI_TALERA.GEN,13,7,6,raj,2010,mean_gap
CHITTAURGARH_BARI SADRI.GEN,2,1,1,raj,2010,mean_gap
CHITTAURGARH_BEGUN.GEN,9,3,6,raj,2010,mean_gap
CHITTAURGARH_BHADESAR.GEN,1,0,1,raj,2010,mean_gap
CHITTAURGARH_BHAINSRORGARH.GEN,9,3,6,raj,2010,mean_gap
CHITTAURGARH_CHITTORGARH.GEN,2,0,2,raj,2010,mean_gap
CHITTAURGARH_GANGRAR.GEN,10,6,4,raj,2010,mean_gap
CHURU_CHURU.GEN,16,7,9,raj,2010,mean_gap
CHURU_RAJGARH.GEN,18,8,10,raj,2010,mean_gap
CHURU_RATANGARH.GEN,11,6,5,raj,2010,mean_gap
CHURU_SARDARSHAHAR.GEN,21,10,11,raj,2010,mean_gap
CHURU_SUJANGARH.GEN,15,7,8,raj,2010,mean_gap
CHURU_TARANAGAR.GEN,15,8,7,raj,2010,mean_gap
DAUSA_BANDIKUI.GEN,5,1,4,raj,2010,mean_gap
DAUSA_DAUSA.GEN,8,3,5,raj,2010,mean_gap
DAUSA_LALSOT.GEN,11,6,5,raj,2010,mean_gap
DAUSA_MAHWA.GEN,8,4,4,raj,2010,mean_gap
DAUSA_SIKRAI.GEN,6,2,4,raj,2010,mean_gap
DHAULPUR_BARI.GEN,9,7,2,raj,2010,mean_gap
DHAULPUR_BASERI.GEN,7,4,3,raj,2010,mean_gap
DHAULPUR_DHAULPUR.GEN,8,3,5,raj,2010,mean_gap
DHAULPUR_RAJAKHERA.GEN,13,7,6,raj,2010,mean_gap
GANGANAGAR_GANGANAGAR.GEN,7,3,4,raj,2010,mean_gap
GANGANAGAR_KARANPUR.GEN,4,2,2,raj,2010,mean_gap
GANGANAGAR_PADAMPUR.GEN,3,0,3,raj,2010,mean_gap
GANGANAGAR_SADULSHAHAR.GEN,1,0,1,raj,2010,mean_gap
GANGANAGAR_SURATGARH.GEN,11,5,6,raj,2010,mean_gap
HANUMANGARH_BHADRA.GEN,22,16,6,raj,2010,mean_gap
HANUMANGARH_HANUMANGARH.GEN,2,2,0,raj,2010,mean_gap
HANUMANGARH_NOHAR.GEN,8,3,5,raj,2010,mean_gap
JAIPUR_AMBER.GEN,6,3,3,raj,2010,mean_gap
JAIPUR_BASSI.GEN,4,3,1,raj,2010,mean_gap
JAIPUR_CHAKSU.GEN,1,1,0,raj,2010,mean_gap
JAIPUR_GOVINDGARH.GEN,15,9,6,raj,2010,mean_gap
JAIPUR_JAMWA RAMGARH.GEN,9,2,7,raj,2010,mean_gap
JAIPUR_JHOTWARA.GEN,6,4,2,raj,2010,mean_gap
JAIPUR_KOTPUTLI.GEN,4,0,4,raj,2010,mean_gap
JAIPUR_PHAGI.GEN,1,0,1,raj,2010,mean_gap
JAIPUR_SAMBHAR.GEN,5,1,4,raj,2010,mean_gap
JAIPUR_SANGANER.GEN,9,5,4,raj,2010,mean_gap
JAIPUR_SHAHPURA.GEN,6,2,4,raj,2010,mean_gap
JAIPUR_VIRATNAGAR.GEN,2,2,0,raj,2010,mean_gap
JAISALMER_JAISALMER.GEN,6,4,2,raj,2010,mean_gap
JAISALMER_SAM.GEN,14,9,5,raj,2010,mean_gap
JAISALMER_SANKRA.GEN,8,3,5,raj,2010,mean_gap
JHALAWAR_BAKANI.GEN,4,1,3,raj,2010,mean_gap
JHALAWAR_DAG.GEN,11,4,7,raj,2010,mean_gap
JHALAWAR_JHALRAPATAN.GEN,6,4,2,raj,2010,mean_gap
JHALAWAR_KHANPUR.GEN,9,6,3,raj,2010,mean_gap
JHALAWAR_MANOHARTHANA.GEN,15,8,7,raj,2010,mean_gap
JHALAWAR_PIRAWA (SUNEL).GEN,18,10,8,raj,2010,mean_gap
JHUNJHUNUN_SURAJGARH.GEN,1,0,1,raj,2010,mean_gap
JODHPUR_BALESAR.GEN,5,1,4,raj,2010,mean_gap
JODHPUR_BAP.GEN,1,0,1,raj,2010,mean_gap
JODHPUR_BHOPALGARH.GEN,11,6,5,raj,2010,mean_gap
JODHPUR_BILARA.GEN,10,5,5,raj,2010,mean_gap
JODHPUR_LUNI.GEN,9,5,4,raj,2010,mean_gap
JODHPUR_MANDOR.GEN,7,3,4,raj,2010,mean_gap
JODHPUR_OSIAN.GEN,1,0,1,raj,2010,mean_gap
JODHPUR_PHALODI.GEN,2,1,1,raj,2010,mean_gap
JODHPUR_SHERGARH.GEN,9,4,5,raj,2010,mean_gap
KARAULI_HINDAUN.GEN,14,7,7,raj,2010,mean_gap
KARAULI_KARAULI.GEN,12,6,6,raj,2010,mean_gap
KARAULI_NADAUTI.GEN,5,3,2,raj,2010,mean_gap
KARAULI_SAPOTRA.GEN,10,4,6,raj,2010,mean_gap
KARAULI_TODABHIM.GEN,7,2,5,raj,2010,mean_gap
KOTA_ITAWA.GEN,11,7,4,raj,2010,mean_gap
KOTA_KHAIRABAD.GEN,11,5,6,raj,2010,mean_gap
KOTA_LADPURA.GEN,7,3,4,raj,2010,mean_gap
KOTA_SANGOD.GEN,17,9,8,raj,2010,mean_gap
KOTA_SULTANPUR.GEN,14,7,7,raj,2010,mean_gap
NAGAUR_DEGANA.GEN,15,7,8,raj,2010,mean_gap
NAGAUR_DIDWANA.GEN,4,4,0,raj,2010,mean_gap
NAGAUR_JAYAL.GEN,16,8,8,raj,2010,mean_gap
NAGAUR_MERTA.GEN,14,7,7,raj,2010,mean_gap
NAGAUR_MUNDWA.GEN,7,3,4,raj,2010,mean_gap
NAGAUR_NAGAUR.GEN,13,6,7,raj,2010,mean_gap
NAGAUR_PARBATSAR.GEN,2,1,1,raj,2010,mean_gap
NAGAUR_RIYAN BADI.GEN,8,4,4,raj,2010,mean_gap
PALI_BALI.GEN,16,8,8,raj,2010,mean_gap
PALI_DESURI.GEN,11,6,5,raj,2010,mean_gap
PALI_JAITARAN.GEN,6,3,3,raj,2010,mean_gap
PALI_KHARCHI(MAR.JUN).GEN,20,11,9,raj,2010,mean_gap
PALI_PALI.GEN,11,6,5,raj,2010,mean_gap
PALI_RAIPUR.GEN,4,1,3,raj,2010,mean_gap
PALI_RANI STATION.GEN,11,6,5,raj,2010,mean_gap
PALI_ROHAT.GEN,12,6,6,raj,2010,mean_gap
PALI_SOJAT.GEN,16,10,6,raj,2010,mean_gap
PALI_SUMERPUR.GEN,12,5,7,raj,2010,mean_gap
RAJSAMAND_AMET.GEN,5,3,2,raj,2010,mean_gap
RAJSAMAND_BHIM.GEN,14,9,5,raj,2010,mean_gap
RAJSAMAND_DEOGARH.GEN,10,4,6,raj,2010,mean_gap
RAJSAMAND_KHAMNOR.GEN,8,3,5,raj,2010,mean_gap
RAJSAMAND_KUMBHALGARH.GEN,14,6,8,raj,2010,mean_gap
RAJSAMAND_RAILMAGRA.GEN,8,2,6,raj,2010,mean_gap
RAJSAMAND_RAJSAMAND.GEN,10,5,5,raj,2010,mean_gap
SAWAI MADHOPUR_BAMANWAS.GEN,3,0,3,raj,2010,mean_gap
SAWAI MADHOPUR_BONLI.GEN,8,4,4,raj,2010,mean_gap
SAWAI MADHOPUR_GANGAPUR CITY.GEN,5,2,3,raj,2010,mean_gap
SAWAI MADHOPUR_KHANDAR.GEN,16,8,8,raj,2010,mean_gap
SAWAI MADHOPUR_SAWAI MADHOPUR.GEN,14,5,9,raj,2010,mean_gap
SIKAR_DANTA RAMGARH.GEN,12,3,9,raj,2010,mean_gap
SIKAR_DHOD.GEN,15,8,7,raj,2010,mean_gap
SIKAR_FATEHPUR.GEN,17,9,8,raj,2010,mean_gap
SIKAR_KHANDELA.GEN,14,5,9,raj,2010,mean_gap
SIKAR_LACHHMANGARH.GEN,14,6,8,raj,2010,mean_gap
SIKAR_PIPRALI.GEN,13,6,7,raj,2010,mean_gap
SIROHI_PINDWARA.GEN,14,6,8,raj,2010,mean_gap
SIROHI_REODAR.GEN,18,8,10,raj,2010,mean_gap
SIROHI_SHEOGANJ.GEN,11,6,5,raj,2010,mean_gap
SIROHI_SIROHI.GEN,16,8,8,raj,2010,mean_gap
TONK_DEOLI.GEN,14,7,7,raj,2010,mean_gap
TONK_MALPURA.GEN,16,8,8,raj,2010,mean_gap
TONK_NEWAI.GEN,11,4,7,raj,2010,mean_gap
TONK_TONK.GEN,15,7,8,raj,2010,mean_gap
TONK_UNIARA.GEN,12,5,7,raj,2010,mean_gap
UDAIPUR_BARGAON.GEN,6,2,4,raj,2010,mean_gap
UDAIPUR_BHINDER.GEN,11,6,5,raj,2010,mean_gap
UDAIPUR_GIRWA.GEN,1,0,1,raj,2010,mean_gap
UDAIPUR_GOGUNDA.GEN,8,3,5,raj,2010,mean_gap
UDAIPUR_MAVLI.GEN,12,7,5,raj,2010,mean_gap
AJMER_ARAIN.OBC,3,1,2,raj,2010,mean_gap
AJMER_JAWAJA.OBC,4,2,2,raj,2010,mean_gap
AJMER_KEKRI.OBC,1,1,0,raj,2010,mean_gap
AJMER_KISHANGARH (SILORA).OBC,7,3,4,raj,2010,mean_gap
AJMER_MASOODA.OBC,3,2,1,raj,2010,mean_gap
AJMER_PISANGAN.OBC,5,2,3,raj,2010,mean_gap
AJMER_SRINAGAR.OBC,1,0,1,raj,2010,mean_gap
ALWAR_BANSUR.OBC,1,0,1,raj,2010,mean_gap
ALWAR_KATHUMAR.OBC,4,2,2,raj,2010,mean_gap
ALWAR_KISHANGARH BAS.OBC,4,2,2,raj,2010,mean_gap
ALWAR_KOTKASIM.OBC,1,0,1,raj,2010,mean_gap
ALWAR_LAXMANGARH.OBC,4,1,3,raj,2010,mean_gap
ALWAR_MANDAWAR.OBC,1,0,1,raj,2010,mean_gap
ALWAR_RAJGARH.OBC,1,0,1,raj,2010,mean_gap
ALWAR_RAMGARH.OBC,6,3,3,raj,2010,mean_gap
ALWAR_THANAGAZI.OBC,4,2,2,raj,2010,mean_gap
ALWAR_UMREN.OBC,1,0,1,raj,2010,mean_gap
BARAN_ANTA.OBC,2,0,2,raj,2010,mean_gap
BARAN_ATRU.OBC,4,0,4,raj,2010,mean_gap
BARAN_BARAN (FULL).OBC,1,0,1,raj,2010,mean_gap
BARAN_CHHABRA.OBC,3,0,3,raj,2010,mean_gap
BARAN_CHHIPABAROD.OBC,3,1,2,raj,2010,mean_gap
BARAN_KISHANGANJ.OBC,1,0,1,raj,2010,mean_gap
BARMER_BALOTRA.OBC,2,1,1,raj,2010,mean_gap
BARMER_BARMER.OBC,5,3,2,raj,2010,mean_gap
BARMER_DHORIMANNA.OBC,5,2,3,raj,2010,mean_gap
BARMER_SHEO.OBC,3,3,0,raj,2010,mean_gap
BARMER_SINDHARI.OBC,1,1,0,raj,2010,mean_gap
BHARATPUR_BAYANA.OBC,8,4,4,raj,2010,mean_gap
BHARATPUR_DEEG.OBC,1,1,0,raj,2010,mean_gap
BHARATPUR_NADBAI.OBC,6,2,4,raj,2010,mean_gap
BHARATPUR_RUPBAS.OBC,8,3,5,raj,2010,mean_gap
BHARATPUR_SEWAR.OBC,4,2,2,raj,2010,mean_gap
BHARATPUR_WEIR.OBC,3,2,1,raj,2010,mean_gap
BHILWARA_ASIND.OBC,5,2,3,raj,2010,mean_gap
BHILWARA_HURDA.OBC,4,2,2,raj,2010,mean_gap
BHILWARA_MANDAL.OBC,7,3,4,raj,2010,mean_gap
BHILWARA_MANDALGARH.OBC,4,1,3,raj,2010,mean_gap
BHILWARA_RAIPUR.OBC,4,2,2,raj,2010,mean_gap
BHILWARA_SAHARA.OBC,6,3,3,raj,2010,mean_gap
BHILWARA_SUWANA.OBC,6,2,4,raj,2010,mean_gap
BIKANER_BIKANER.OBC,4,2,2,raj,2010,mean_gap
BIKANER_KOLAYAT.OBC,3,1,2,raj,2010,mean_gap
BIKANER_LUNKARANSAR.OBC,10,2,8,raj,2010,mean_gap
BIKANER_NOKHA.OBC,6,5,1,raj,2010,mean_gap
BIKANER_SRI DUNGARGARH.OBC,4,2,2,raj,2010,mean_gap
BUNDI_HINDOLI.OBC,6,3,3,raj,2010,mean_gap
BUNDI_KESHORAIPATAN.OBC,2,1,1,raj,2010,mean_gap
BUNDI_NAINWA.OBC,2,0,2,raj,2010,mean_gap
BUNDI_TALERA.OBC,1,1,0,raj,2010,mean_gap
CHITTAURGARH_BARI SADRI.OBC,1,0,1,raj,2010,mean_gap
CHITTAURGARH_BEGUN.OBC,3,2,1,raj,2010,mean_gap
CHITTAURGARH_BHAINSRORGARH.OBC,1,0,1,raj,2010,mean_gap
CHITTAURGARH_CHITTORGARH.OBC,1,1,0,raj,2010,mean_gap
CHITTAURGARH_GANGRAR.OBC,3,2,1,raj,2010,mean_gap
CHITTAURGARH_NIMBAHERA.OBC,1,1,0,raj,2010,mean_gap
CHURU_CHURU.OBC,6,3,3,raj,2010,mean_gap
CHURU_RAJGARH.OBC,10,6,4,raj,2010,mean_gap
CHURU_RATANGARH.OBC,2,0,2,raj,2010,mean_gap
CHURU_SARDARSHAHAR.OBC,9,4,5,raj,2010,mean_gap
CHURU_SUJANGARH.OBC,5,3,2,raj,2010,mean_gap
CHURU_TARANAGAR.OBC,3,2,1,raj,2010,mean_gap
DAUSA_BANDIKUI.OBC,1,0,1,raj,2010,mean_gap
DAUSA_MAHWA.OBC,1,0,1,raj,2010,mean_gap
DHAULPUR_BARI.OBC,3,1,2,raj,2010,mean_gap
DHAULPUR_BASERI.OBC,3,2,1,raj,2010,mean_gap
DHAULPUR_DHAULPUR.OBC,1,0,1,raj,2010,mean_gap
DHAULPUR_RAJAKHERA.OBC,6,3,3,raj,2010,mean_gap
GANGANAGAR_GANGANAGAR.OBC,1,0,1,raj,2010,mean_gap
GANGANAGAR_PADAMPUR.OBC,1,0,1,raj,2010,mean_gap
GANGANAGAR_SADULSHAHAR.OBC,2,1,1,raj,2010,mean_gap
GANGANAGAR_SURATGARH.OBC,7,4,3,raj,2010,mean_gap
HANUMANGARH_BHADRA.OBC,6,1,5,raj,2010,mean_gap
HANUMANGARH_NOHAR.OBC,6,3,3,raj,2010,mean_gap
JAIPUR_AMBER.OBC,4,3,1,raj,2010,mean_gap
JAIPUR_BASSI.OBC,1,0,1,raj,2010,mean_gap
JAIPUR_CHAKSU.OBC,1,0,1,raj,2010,mean_gap
JAIPUR_GOVINDGARH.OBC,5,1,4,raj,2010,mean_gap
JAIPUR_JHOTWARA.OBC,2,1,1,raj,2010,mean_gap
JAIPUR_KOTPUTLI.OBC,1,0,1,raj,2010,mean_gap
JAIPUR_SANGANER.OBC,2,1,1,raj,2010,mean_gap
JAIPUR_SHAHPURA.OBC,2,1,1,raj,2010,mean_gap
JAIPUR_VIRATNAGAR.OBC,1,1,0,raj,2010,mean_gap
JAISALMER_JAISALMER.OBC,4,2,2,raj,2010,mean_gap
JAISALMER_SAM.OBC,5,2,3,raj,2010,mean_gap
JAISALMER_SANKRA.OBC,3,1,2,raj,2010,mean_gap
JHALAWAR_BAKANI.OBC,1,0,1,raj,2010,mean_gap
JHALAWAR_DAG.OBC,4,2,2,raj,2010,mean_gap
JHALAWAR_JHALRAPATAN.OBC,4,1,3,raj,2010,mean_gap
JHALAWAR_KHANPUR.OBC,3,1,2,raj,2010,mean_gap
JHALAWAR_MANOHARTHANA.OBC,2,1,1,raj,2010,mean_gap
JHALAWAR_PIRAWA (SUNEL).OBC,8,3,5,raj,2010,mean_gap
JHUNJHUNUN_CHIRAWA.OBC,1,1,0,raj,2010,mean_gap
JHUNJHUNUN_KHETRI.OBC,1,1,0,raj,2010,mean_gap
JODHPUR_BALESAR.OBC,3,2,1,raj,2010,mean_gap
JODHPUR_BAP.OBC,1,1,0,raj,2010,mean_gap
JODHPUR_BHOPALGARH.OBC,4,3,1,raj,2010,mean_gap
JODHPUR_BILARA.OBC,6,1,5,raj,2010,mean_gap
JODHPUR_LUNI.OBC,4,2,2,raj,2010,mean_gap
JODHPUR_MANDOR.OBC,3,1,2,raj,2010,mean_gap
JODHPUR_PHALODI.OBC,2,0,2,raj,2010,mean_gap
JODHPUR_SHERGARH.OBC,2,1,1,raj,2010,mean_gap
KARAULI_HINDAUN.OBC,1,0,1,raj,2010,mean_gap
KARAULI_KARAULI.OBC,2,1,1,raj,2010,mean_gap
KARAULI_SAPOTRA.OBC,1,0,1,raj,2010,mean_gap
KOTA_ITAWA.OBC,1,0,1,raj,2010,mean_gap
KOTA_KHAIRABAD.OBC,3,2,1,raj,2010,mean_gap
KOTA_LADPURA.OBC,4,2,2,raj,2010,mean_gap
KOTA_SANGOD.OBC,5,2,3,raj,2010,mean_gap
KOTA_SULTANPUR.OBC,3,1,2,raj,2010,mean_gap
NAGAUR_DEGANA.OBC,5,2,3,raj,2010,mean_gap
NAGAUR_JAYAL.OBC,7,3,4,raj,2010,mean_gap
NAGAUR_MERTA.OBC,4,2,2,raj,2010,mean_gap
NAGAUR_MUNDWA.OBC,5,2,3,raj,2010,mean_gap
NAGAUR_NAGAUR.OBC,7,4,3,raj,2010,mean_gap
NAGAUR_RIYAN BADI.OBC,3,2,1,raj,2010,mean_gap
PALI_BALI.OBC,2,1,1,raj,2010,mean_gap
PALI_DESURI.OBC,3,2,1,raj,2010,mean_gap
PALI_JAITARAN.OBC,2,1,1,raj,2010,mean_gap
PALI_KHARCHI(MAR.JUN).OBC,7,3,4,raj,2010,mean_gap
PALI_PALI.OBC,4,2,2,raj,2010,mean_gap
PALI_RAIPUR.OBC,2,1,1,raj,2010,mean_gap
PALI_RANI STATION.OBC,4,2,2,raj,2010,mean_gap
PALI_ROHAT.OBC,5,3,2,raj,2010,mean_gap
PALI_SOJAT.OBC,6,2,4,raj,2010,mean_gap
PALI_SUMERPUR.OBC,5,3,2,raj,2010,mean_gap
RAJSAMAND_AMET.OBC,3,1,2,raj,2010,mean_gap
RAJSAMAND_BHIM.OBC,4,2,2,raj,2010,mean_gap
RAJSAMAND_DEOGARH.OBC,2,1,1,raj,2010,mean_gap
RAJSAMAND_KHAMNOR.OBC,3,0,3,raj,2010,mean_gap
RAJSAMAND_KUMBHALGARH.OBC,3,0,3,raj,2010,mean_gap
RAJSAMAND_RAILMAGRA.OBC,4,2,2,raj,2010,mean_gap
RAJSAMAND_RAJSAMAND.OBC,3,2,1,raj,2010,mean_gap
SAWAI MADHOPUR_BAMANWAS.OBC,1,0,1,raj,2010,mean_gap
SAWAI MADHOPUR_BONLI.OBC,2,0,2,raj,2010,mean_gap
SAWAI MADHOPUR_GANGAPUR CITY.OBC,1,1,0,raj,2010,mean_gap
SAWAI MADHOPUR_KHANDAR.OBC,3,1,2,raj,2010,mean_gap
SIKAR_DANTA RAMGARH.OBC,6,3,3,raj,2010,mean_gap
SIKAR_DHOD.OBC,5,2,3,raj,2010,mean_gap
SIKAR_FATEHPUR.OBC,4,2,2,raj,2010,mean_gap
SIKAR_KHANDELA.OBC,4,2,2,raj,2010,mean_gap
SIKAR_LACHHMANGARH.OBC,2,1,1,raj,2010,mean_gap
SIKAR_PIPRALI.OBC,2,1,1,raj,2010,mean_gap
SIROHI_PINDWARA.OBC,1,0,1,raj,2010,mean_gap
SIROHI_REODAR.OBC,2,1,1,raj,2010,mean_gap
SIROHI_SHEOGANJ.OBC,3,1,2,raj,2010,mean_gap
SIROHI_SIROHI.OBC,4,2,2,raj,2010,mean_gap
TONK_DEOLI.OBC,1,0,1,raj,2010,mean_gap
TONK_MALPURA.OBC,5,2,3,raj,2010,mean_gap
TONK_NEWAI.OBC,3,2,1,raj,2010,mean_gap
TONK_TONK.OBC,3,2,1,raj,2010,mean_gap
TONK_UNIARA.OBC,1,0,1,raj,2010,mean_gap
UDAIPUR_BHINDER.OBC,4,0,4,raj,2010,mean_gap
UDAIPUR_MAVLI.OBC,3,1,2,raj,2010,mean_gap
AJMER_ARAIN.SC,2,2,0,raj,2010,mean_gap
AJMER_KISHANGARH (SILORA).SC,6,3,3,raj,2010,mean_gap
AJMER_MASOODA.SC,1,0,1,raj,2010,mean_gap
AJMER_PISANGAN.SC,3,1,2,raj,2010,mean_gap
AJMER_SRINAGAR.SC,2,2,0,raj,2010,mean_gap
ALWAR_KATHUMAR.SC,8,4,4,raj,2010,mean_gap
ALWAR_KISHANGARH BAS.SC,2,1,1,raj,2010,mean_gap
ALWAR_LAXMANGARH.SC,5,2,3,raj,2010,mean_gap
ALWAR_MANDAWAR.SC,1,0,1,raj,2010,mean_gap
ALWAR_NEEMRANA.SC,2,0,2,raj,2010,mean_gap
ALWAR_RAJGARH.SC,2,1,1,raj,2010,mean_gap
ALWAR_RAMGARH.SC,5,2,3,raj,2010,mean_gap
ALWAR_RENI.SC,2,2,0,raj,2010,mean_gap
ALWAR_THANAGAZI.SC,3,1,2,raj,2010,mean_gap
ALWAR_TIJARA.SC,2,1,1,raj,2010,mean_gap
ALWAR_UMREN.SC,2,2,0,raj,2010,mean_gap
BARAN_ANTA.SC,3,0,3,raj,2010,mean_gap
BARAN_ATRU.SC,7,0,7,raj,2010,mean_gap
BARAN_BARAN (FULL).SC,5,0,5,raj,2010,mean_gap
BARAN_CHHABRA.SC,4,0,4,raj,2010,mean_gap
BARAN_CHHIPABAROD.SC,3,0,3,raj,2010,mean_gap
BARAN_KISHANGANJ.SC,4,0,4,raj,2010,mean_gap
BARAN_SHAHBAD.SC,2,0,2,raj,2010,mean_gap
BARMER_BARMER.SC,2,2,0,raj,2010,mean_gap
BARMER_CHOHTAN.SC,6,4,2,raj,2010,mean_gap
BARMER_DHORIMANNA.SC,3,1,2,raj,2010,mean_gap
BARMER_SHEO.SC,2,1,1,raj,2010,mean_gap
BARMER_SINDHARI.SC,1,1,0,raj,2010,mean_gap
BARMER_SIWANA.SC,1,0,1,raj,2010,mean_gap
BHARATPUR_BAYANA.SC,11,6,5,raj,2010,mean_gap
BHARATPUR_NADBAI.SC,7,3,4,raj,2010,mean_gap
BHARATPUR_RUPBAS.SC,6,2,4,raj,2010,mean_gap
BHARATPUR_SEWAR.SC,6,2,4,raj,2010,mean_gap
BHARATPUR_WEIR.SC,5,1,4,raj,2010,mean_gap
BHILWARA_ASIND.SC,1,0,1,raj,2010,mean_gap
BHILWARA_MANDALGARH.SC,4,1,3,raj,2010,mean_gap
BHILWARA_RAIPUR.SC,2,1,1,raj,2010,mean_gap
BHILWARA_SAHARA.SC,5,2,3,raj,2010,mean_gap
BHILWARA_SUWANA.SC,4,2,2,raj,2010,mean_gap
BIKANER_BIKANER.SC,6,2,4,raj,2010,mean_gap
BIKANER_KOLAYAT.SC,3,3,0,raj,2010,mean_gap
BIKANER_LUNKARANSAR.SC,7,2,5,raj,2010,mean_gap
BIKANER_NOKHA.SC,5,2,3,raj,2010,mean_gap
BIKANER_SRI DUNGARGARH.SC,4,2,2,raj,2010,mean_gap
BUNDI_HINDOLI.SC,7,3,4,raj,2010,mean_gap
BUNDI_KESHORAIPATAN.SC,7,4,3,raj,2010,mean_gap
BUNDI_NAINWA.SC,5,2,3,raj,2010,mean_gap
BUNDI_TALERA.SC,2,1,1,raj,2010,mean_gap
CHITTAURGARH_BEGUN.SC,4,1,3,raj,2010,mean_gap
CHITTAURGARH_BHAINSRORGARH.SC,2,1,1,raj,2010,mean_gap
CHITTAURGARH_CHITTORGARH.SC,1,1,0,raj,2010,mean_gap
CHITTAURGARH_GANGRAR.SC,3,2,1,raj,2010,mean_gap
CHURU_CHURU.SC,5,3,2,raj,2010,mean_gap
CHURU_RAJGARH.SC,11,5,6,raj,2010,mean_gap
CHURU_RATANGARH.SC,3,2,1,raj,2010,mean_gap
CHURU_SARDARSHAHAR.SC,9,4,5,raj,2010,mean_gap
CHURU_SUJANGARH.SC,7,3,4,raj,2010,mean_gap
CHURU_TARANAGAR.SC,5,3,2,raj,2010,mean_gap
DAUSA_BANDIKUI.SC,5,3,2,raj,2010,mean_gap
DAUSA_DAUSA.SC,5,1,4,raj,2010,mean_gap
DAUSA_LALSOT.SC,4,1,3,raj,2010,mean_gap
DAUSA_MAHWA.SC,8,4,4,raj,2010,mean_gap
DAUSA_SIKRAI.SC,4,1,3,raj,2010,mean_gap
DHAULPUR_BARI.SC,4,1,3,raj,2010,mean_gap
DHAULPUR_BASERI.SC,3,2,1,raj,2010,mean_gap
DHAULPUR_DHAULPUR.SC,3,2,1,raj,2010,mean_gap
DHAULPUR_RAJAKHERA.SC,6,4,2,raj,2010,mean_gap
GANGANAGAR_ANUPGARH.SC,1,0,1,raj,2010,mean_gap
GANGANAGAR_GANGANAGAR.SC,1,0,1,raj,2010,mean_gap
GANGANAGAR_RAISINGHNAGAR.SC,2,0,2,raj,2010,mean_gap
GANGANAGAR_SADULSHAHAR.SC,4,0,4,raj,2010,mean_gap
GANGANAGAR_SURATGARH.SC,9,4,5,raj,2010,mean_gap
HANUMANGARH_BHADRA.SC,7,1,6,raj,2010,mean_gap
HANUMANGARH_HANUMANGARH.SC,2,2,0,raj,2010,mean_gap
HANUMANGARH_NOHAR.SC,1,1,0,raj,2010,mean_gap
JAIPUR_AMBER.SC,3,2,1,raj,2010,mean_gap
JAIPUR_BASSI.SC,1,1,0,raj,2010,mean_gap
JAIPUR_CHAKSU.SC,1,1,0,raj,2010,mean_gap
JAIPUR_GOVINDGARH.SC,2,1,1,raj,2010,mean_gap
JAIPUR_JAMWA RAMGARH.SC,4,2,2,raj,2010,mean_gap
JAIPUR_JHOTWARA.SC,2,1,1,raj,2010,mean_gap
JAIPUR_SANGANER.SC,3,1,2,raj,2010,mean_gap
JAIPUR_SHAHPURA.SC,2,1,1,raj,2010,mean_gap
JAIPUR_VIRATNAGAR.SC,3,1,2,raj,2010,mean_gap
JAISALMER_JAISALMER.SC,2,1,1,raj,2010,mean_gap
JAISALMER_SAM.SC,1,1,0,raj,2010,mean_gap
JAISALMER_SANKRA.SC,3,2,1,raj,2010,mean_gap
JHALAWAR_BAKANI.SC,1,0,1,raj,2010,mean_gap
JHALAWAR_DAG.SC,5,2,3,raj,2010,mean_gap
JHALAWAR_JHALRAPATAN.SC,5,3,2,raj,2010,mean_gap
JHALAWAR_KHANPUR.SC,5,2,3,raj,2010,mean_gap
JHALAWAR_MANOHARTHANA.SC,3,1,2,raj,2010,mean_gap
JHALAWAR_PIRAWA (SUNEL).SC,7,4,3,raj,2010,mean_gap
JODHPUR_BALESAR.SC,3,1,2,raj,2010,mean_gap
JODHPUR_BAP.SC,1,0,1,raj,2010,mean_gap
JODHPUR_BHOPALGARH.SC,1,1,0,raj,2010,mean_gap
JODHPUR_BILARA.SC,5,3,2,raj,2010,mean_gap
JODHPUR_LUNI.SC,2,1,1,raj,2010,mean_gap
JODHPUR_OSIAN.SC,4,0,4,raj,2010,mean_gap
JODHPUR_PHALODI.SC,2,1,1,raj,2010,mean_gap
JODHPUR_SHERGARH.SC,5,2,3,raj,2010,mean_gap
KARAULI_HINDAUN.SC,8,4,4,raj,2010,mean_gap
KARAULI_KARAULI.SC,5,2,3,raj,2010,mean_gap
KARAULI_NADAUTI.SC,1,0,1,raj,2010,mean_gap
KARAULI_SAPOTRA.SC,2,1,1,raj,2010,mean_gap
KARAULI_TODABHIM.SC,3,1,2,raj,2010,mean_gap
KOTA_ITAWA.SC,2,0,2,raj,2010,mean_gap
KOTA_KHAIRABAD.SC,6,2,4,raj,2010,mean_gap
KOTA_LADPURA.SC,3,1,2,raj,2010,mean_gap
KOTA_SANGOD.SC,7,4,3,raj,2010,mean_gap
KOTA_SULTANPUR.SC,6,3,3,raj,2010,mean_gap
NAGAUR_DEGANA.SC,5,1,4,raj,2010,mean_gap
NAGAUR_DIDWANA.SC,2,1,1,raj,2010,mean_gap
NAGAUR_JAYAL.SC,8,4,4,raj,2010,mean_gap
NAGAUR_MERTA.SC,5,1,4,raj,2010,mean_gap
NAGAUR_MUNDWA.SC,3,2,1,raj,2010,mean_gap
NAGAUR_NAGAUR.SC,4,2,2,raj,2010,mean_gap
NAGAUR_PARBATSAR.SC,1,0,1,raj,2010,mean_gap
NAGAUR_RIYAN BADI.SC,3,2,1,raj,2010,mean_gap
PALI_BALI.SC,5,3,2,raj,2010,mean_gap
PALI_DESURI.SC,4,3,1,raj,2010,mean_gap
PALI_JAITARAN.SC,3,2,1,raj,2010,mean_gap
PALI_KHARCHI(MAR.JUN).SC,7,4,3,raj,2010,mean_gap
PALI_PALI.SC,5,2,3,raj,2010,mean_gap
PALI_RANI STATION.SC,5,2,3,raj,2010,mean_gap
PALI_ROHAT.SC,4,1,3,raj,2010,mean_gap
PALI_SOJAT.SC,6,3,3,raj,2010,mean_gap
PALI_SUMERPUR.SC,4,2,2,raj,2010,mean_gap
RAJSAMAND_AMET.SC,3,1,2,raj,2010,mean_gap
RAJSAMAND_BHIM.SC,1,0,1,raj,2010,mean_gap
RAJSAMAND_DEOGARH.SC,3,2,1,raj,2010,mean_gap
RAJSAMAND_KHAMNOR.SC,3,2,1,raj,2010,mean_gap
RAJSAMAND_KUMBHALGARH.SC,3,1,2,raj,2010,mean_gap
RAJSAMAND_RAILMAGRA.SC,3,1,2,raj,2010,mean_gap
RAJSAMAND_RAJSAMAND.SC,2,1,1,raj,2010,mean_gap
SAWAI MADHOPUR_BAMANWAS.SC,3,1,2,raj,2010,mean_gap
SAWAI MADHOPUR_BONLI.SC,5,3,2,raj,2010,mean_gap
SAWAI MADHOPUR_GANGAPUR CITY.SC,2,1,1,raj,2010,mean_gap
SAWAI MADHOPUR_KHANDAR.SC,7,4,3,raj,2010,mean_gap
SAWAI MADHOPUR_SAWAI MADHOPUR.SC,2,1,1,raj,2010,mean_gap
SIKAR_DANTA RAMGARH.SC,3,1,2,raj,2010,mean_gap
SIKAR_DHOD.SC,5,3,2,raj,2010,mean_gap
SIKAR_FATEHPUR.SC,4,2,2,raj,2010,mean_gap
SIKAR_KHANDELA.SC,5,2,3,raj,2010,mean_gap
SIKAR_LACHHMANGARH.SC,3,0,3,raj,2010,mean_gap
SIKAR_PIPRALI.SC,1,0,1,raj,2010,mean_gap
SIROHI_PINDWARA.SC,2,1,1,raj,2010,mean_gap
SIROHI_REODAR.SC,11,5,6,raj,2010,mean_gap
SIROHI_SHEOGANJ.SC,3,2,1,raj,2010,mean_gap
SIROHI_SIROHI.SC,6,3,3,raj,2010,mean_gap
TONK_DEOLI.SC,7,4,3,raj,2010,mean_gap
TONK_MALPURA.SC,5,2,3,raj,2010,mean_gap
TONK_NEWAI.SC,6,3,3,raj,2010,mean_gap
TONK_TONK.SC,3,2,1,raj,2010,mean_gap
TONK_UNIARA.SC,4,2,2,raj,2010,mean_gap
UDAIPUR_BARGAON.SC,2,1,1,raj,2010,mean_gap
UDAIPUR_BHINDER.SC,1,0,1,raj,2010,mean_gap
UDAIPUR_MAVLI.SC,3,1,2,raj,2010,mean_gap
AJMER_ARAIN.ST,1,0,1,raj,2010,mean_gap
ALWAR_BANSUR.ST,2,1,1,raj,2010,mean_gap
ALWAR_KATHUMAR.ST,4,1,3,raj,2010,mean_gap
ALWAR_LAXMANGARH.ST,3,2,1,raj,2010,mean_gap
ALWAR_RAJGARH.ST,7,2,5,raj,2010,mean_gap
ALWAR_RENI.ST,9,5,4,raj,2010,mean_gap
ALWAR_THANAGAZI.ST,4,1,3,raj,2010,mean_gap
BANSWARA_ANANDPURI.ST,22,12,10,raj,2010,mean_gap
BANSWARA_BAGIDORA.ST,18,8,10,raj,2010,mean_gap
BANSWARA_GARHI.ST,26,14,12,raj,2010,mean_gap
BANSWARA_GHATOL.ST,30,14,16,raj,2010,mean_gap
BANSWARA_KUSHALGARH.ST,16,5,11,raj,2010,mean_gap
BANSWARA_SAJJANGARH.ST,23,12,11,raj,2010,mean_gap
BARAN_ANTA.ST,5,0,5,raj,2010,mean_gap
BARAN_ATRU.ST,6,0,6,raj,2010,mean_gap
BARAN_BARAN (FULL).ST,3,0,3,raj,2010,mean_gap
BARAN_CHHABRA.ST,3,0,3,raj,2010,mean_gap
BARAN_CHHIPABAROD.ST,7,0,7,raj,2010,mean_gap
BARAN_KISHANGANJ.ST,9,0,9,raj,2010,mean_gap
BARAN_SHAHBAD.ST,7,1,6,raj,2010,mean_gap
BARMER_BARMER.ST,1,0,1,raj,2010,mean_gap
BARMER_CHOHTAN.ST,2,2,0,raj,2010,mean_gap
BARMER_DHORIMANNA.ST,1,1,0,raj,2010,mean_gap
BARMER_SHEO.ST,1,1,0,raj,2010,mean_gap
BHARATPUR_WEIR.ST,2,0,2,raj,2010,mean_gap
BHILWARA_ASIND.ST,2,1,1,raj,2010,mean_gap
BHILWARA_HURDA.ST,2,1,1,raj,2010,mean_gap
BHILWARA_MANDALGARH.ST,6,2,4,raj,2010,mean_gap
BHILWARA_SAHARA.ST,2,1,1,raj,2010,mean_gap
BHILWARA_SUWANA.ST,1,1,0,raj,2010,mean_gap
BUNDI_HINDOLI.ST,6,2,4,raj,2010,mean_gap
BUNDI_KESHORAIPATAN.ST,11,4,7,raj,2010,mean_gap
BUNDI_NAINWA.ST,5,2,3,raj,2010,mean_gap
BUNDI_TALERA.ST,5,2,3,raj,2010,mean_gap
CHITTAURGARH_BARI SADRI.ST,1,0,1,raj,2010,mean_gap
CHITTAURGARH_BEGUN.ST,2,0,2,raj,2010,mean_gap
CHITTAURGARH_BHAINSRORGARH.ST,7,3,4,raj,2010,mean_gap
CHITTAURGARH_GANGRAR.ST,1,0,1,raj,2010,mean_gap
CHURU_RAJGARH.ST,1,0,1,raj,2010,mean_gap
DAUSA_BANDIKUI.ST,1,1,0,raj,2010,mean_gap
DAUSA_DAUSA.ST,4,3,1,raj,2010,mean_gap
DAUSA_LALSOT.ST,10,4,6,raj,2010,mean_gap
DAUSA_MAHWA.ST,4,2,2,raj,2010,mean_gap
DAUSA_SIKRAI.ST,6,4,2,raj,2010,mean_gap
DHAULPUR_BARI.ST,3,1,2,raj,2010,mean_gap
DHAULPUR_BASERI.ST,1,0,1,raj,2010,mean_gap
DUNGARPUR_ASPUR.ST,22,9,13,raj,2010,mean_gap
DUNGARPUR_BICHIWARA.ST,13,5,8,raj,2010,mean_gap
DUNGARPUR_DUNGARPUR.ST,2,2,0,raj,2010,mean_gap
DUNGARPUR_SAGWARA.ST,31,16,15,raj,2010,mean_gap
DUNGARPUR_SIMALWARA.ST,17,5,12,raj,2010,mean_gap
JAIPUR_AMBER.ST,3,1,2,raj,2010,mean_gap
JAIPUR_BASSI.ST,5,2,3,raj,2010,mean_gap
JAIPUR_JAMWA RAMGARH.ST,6,2,4,raj,2010,mean_gap
JAIPUR_SANGANER.ST,1,0,1,raj,2010,mean_gap
JAISALMER_SANKRA.ST,2,1,1,raj,2010,mean_gap
JHALAWAR_JHALRAPATAN.ST,6,3,3,raj,2010,mean_gap
JHALAWAR_KHANPUR.ST,6,3,3,raj,2010,mean_gap
JHALAWAR_MANOHARTHANA.ST,2,1,1,raj,2010,mean_gap
JHALAWAR_PIRAWA (SUNEL).ST,2,1,1,raj,2010,mean_gap
JODHPUR_LUNI.ST,1,0,1,raj,2010,mean_gap
JODHPUR_SHERGARH.ST,1,1,0,raj,2010,mean_gap
KARAULI_HINDAUN.ST,1,0,1,raj,2010,mean_gap
KARAULI_KARAULI.ST,5,3,2,raj,2010,mean_gap
KARAULI_SAPOTRA.ST,10,3,7,raj,2010,mean_gap
KARAULI_TODABHIM.ST,2,0,2,raj,2010,mean_gap
KOTA_ITAWA.ST,4,1,3,raj,2010,mean_gap
KOTA_KHAIRABAD.ST,2,1,1,raj,2010,mean_gap
KOTA_LADPURA.ST,3,1,2,raj,2010,mean_gap
KOTA_SANGOD.ST,4,2,2,raj,2010,mean_gap
KOTA_SULTANPUR.ST,5,2,3,raj,2010,mean_gap
PALI_BALI.ST,6,3,3,raj,2010,mean_gap
PALI_DESURI.ST,1,0,1,raj,2010,mean_gap
PALI_PALI.ST,2,1,1,raj,2010,mean_gap
PALI_ROHAT.ST,1,0,1,raj,2010,mean_gap
PALI_SUMERPUR.ST,4,2,2,raj,2010,mean_gap
RAJSAMAND_AMET.ST,1,1,0,raj,2010,mean_gap
RAJSAMAND_BHIM.ST,1,0,1,raj,2010,mean_gap
RAJSAMAND_DEOGARH.ST,1,0,1,raj,2010,mean_gap
RAJSAMAND_KHAMNOR.ST,8,5,3,raj,2010,mean_gap
RAJSAMAND_KUMBHALGARH.ST,7,2,5,raj,2010,mean_gap
RAJSAMAND_RAILMAGRA.ST,1,1,0,raj,2010,mean_gap
RAJSAMAND_RAJSAMAND.ST,4,2,2,raj,2010,mean_gap
SAWAI MADHOPUR_BAMANWAS.ST,4,1,3,raj,2010,mean_gap
SAWAI MADHOPUR_BONLI.ST,7,4,3,raj,2010,mean_gap
SAWAI MADHOPUR_GANGAPUR CITY.ST,4,3,1,raj,2010,mean_gap
SAWAI MADHOPUR_KHANDAR.ST,1,0,1,raj,2010,mean_gap
SAWAI MADHOPUR_SAWAI MADHOPUR.ST,9,5,4,raj,2010,mean_gap
SIKAR_DHOD.ST,1,0,1,raj,2010,mean_gap
SIKAR_KHANDELA.ST,1,0,1,raj,2010,mean_gap
SIKAR_PIPRALI.ST,1,0,1,raj,2010,mean_gap
SIROHI_ABU ROAD.ST,21,10,11,raj,2010,mean_gap
SIROHI_PINDWARA.ST,12,6,6,raj,2010,mean_gap
SIROHI_REODAR.ST,4,2,2,raj,2010,mean_gap
SIROHI_SHEOGANJ.ST,4,2,2,raj,2010,mean_gap
SIROHI_SIROHI.ST,2,1,1,raj,2010,mean_gap
TONK_DEOLI.ST,7,4,3,raj,2010,mean_gap
TONK_MALPURA.ST,1,0,1,raj,2010,mean_gap
TONK_NEWAI.ST,5,3,2,raj,2010,mean_gap
TONK_UNIARA.ST,7,2,5,raj,2010,mean_gap
UDAIPUR_BARGAON.ST,6,4,2,raj,2010,mean_gap
UDAIPUR_BHINDER.ST,2,1,1,raj,2010,mean_gap
UDAIPUR_GIRWA.ST,11,4,7,raj,2010,mean_gap
UDAIPUR_GOGUNDA.ST,6,4,2,raj,2010,mean_gap
UDAIPUR_JHADOL.ST,12,5,7,raj,2010,mean_gap
UDAIPUR_KHERWARA.ST,14,11,3,raj,2010,mean_gap
UDAIPUR_KOTRA.ST,12,3,9,raj,2010,mean_gap
UDAIPUR_MAVLI.ST,1,1,0,raj,2010,mean_gap
UDAIPUR_SALUMBAR.ST,2,1,1,raj,2010,mean_gap
UDAIPUR_SARADA.ST,3,1,2,raj,2010,mean_gap
Agra_Achnera.general,15,9,6,up,2005,linked_wife_share
Agra_Akolaa.general,11,9,2,up,2005,linked_wife_share
Agra_Bah.general,10,4,6,up,2005,linked_wife_share
Agra_Baroli Ahir.general,15,5,10,up,2005,linked_wife_share
Agra_Bichpuri.general,3,2,1,up,2005,linked_wife_share
Agra_Etmaadpur.general,14,6,8,up,2005,linked_wife_share
Agra_Fatehabad.general,18,11,7,up,2005,linked_wife_share
Agra_Fatehpur Seekri.general,14,11,3,up,2005,linked_wife_share
Agra_Jagner.general,3,1,2,up,2005,linked_wife_share
Agra_Khandoli.general,11,4,7,up,2005,linked_wife_share
Agra_Pinahat.general,13,5,8,up,2005,linked_wife_share
Agra_Shamshabaad.general,15,7,8,up,2005,linked_wife_share
Ambedkar Nagar_Akbarpur.general,43,32,11,up,2005,linked_wife_share
Ambedkar Nagar_Basakhari.general,20,16,4,up,2005,linked_wife_share
Ambedkar Nagar_Bhiti.general,21,6,15,up,2005,linked_wife_share
Ambedkar Nagar_Jahangirganj.general,24,13,11,up,2005,linked_wife_share
Ambedkar Nagar_Jalalpur.general,35,21,14,up,2005,linked_wife_share
Ambedkar Nagar_Katehri.general,23,13,10,up,2005,linked_wife_share
Ambedkar Nagar_Miyan.general,25,16,9,up,2005,linked_wife_share
Ambedkar Nagar_Ramnagar.general,32,24,8,up,2005,linked_wife_share
Ambedkar Nagar_Tanda.general,34,18,16,up,2005,linked_wife_share
Auraiya_Achhaldaa.general,14,11,3,up,2005,linked_wife_share
Auraiya_Ajitmal.general,16,4,12,up,2005,linked_wife_share
Auraiya_Auraiya.general,25,3,22,up,2005,linked_wife_share
Auraiya_Bhagyanagar.general,22,4,18,up,2005,linked_wife_share
Auraiya_Eva Katra.general,13,9,4,up,2005,linked_wife_share
Auraiya_Sahar.general,21,11,10,up,2005,linked_wife_share
Auraiya_Vidhuna.general,22,17,5,up,2005,linked_wife_share
Bagpat_Bagpat.general,9,4,5,up,2005,linked_wife_share
Bagpat_Baraut.general,16,4,12,up,2005,linked_wife_share
Bagpat_Binauli.general,13,6,7,up,2005,linked_wife_share
Bagpat_Chhaparauli.general,8,6,2,up,2005,linked_wife_share
Bagpat_Khekhada.general,9,6,3,up,2005,linked_wife_share
Bagpat_Pilana.general,14,5,9,up,2005,linked_wife_share
Bahraich_Balha.general,10,4,6,up,2005,linked_wife_share
Bahraich_Fakhrpur.general,37,7,30,up,2005,linked_wife_share
Bahraich_Huzurpur.general,32,15,17,up,2005,linked_wife_share
Bahraich_Jarwal.general,36,18,18,up,2005,linked_wife_share
Bahraich_Kaiserganj.general,20,9,11,up,2005,linked_wife_share
Bahraich_Mahsi.general,24,4,20,up,2005,linked_wife_share
Bahraich_Mihipurwa.general,18,11,7,up,2005,linked_wife_share
Bahraich_Nawabganj.general,24,3,21,up,2005,linked_wife_share
Bahraich_Prayagpur.general,22,3,19,up,2005,linked_wife_share
Bahraich_Risia.general,23,5,18,up,2005,linked_wife_share
Bahraich_Shivpur.general,23,10,13,up,2005,linked_wife_share
Bahraich_Tajwapur.general,28,8,20,up,2005,linked_wife_share
Bahraich_Visheshwarganj.general,22,3,19,up,2005,linked_wife_share
Baliya_Baasadeeh.general,19,9,10,up,2005,linked_wife_share
Baliya_Bairiya.general,16,5,11,up,2005,linked_wife_share
Baliya_Belhari.general,9,3,6,up,2005,linked_wife_share
Baliya_Berua Bari.general,11,8,3,up,2005,linked_wife_share
Baliya_Chilakhar.general,21,10,11,up,2005,linked_wife_share
Baliya_Gadwar.general,21,12,9,up,2005,linked_wife_share
Baliya_Hanumanganj.general,20,4,16,up,2005,linked_wife_share
Baliya_Maniyar.general,16,9,7,up,2005,linked_wife_share
Baliya_Murli Chappa.general,10,2,8,up,2005,linked_wife_share
Baliya_Nagra.general,18,10,8,up,2005,linked_wife_share
Baliya_Nawanagar.general,15,9,6,up,2005,linked_wife_share
Baliya_Pandah.general,15,12,3,up,2005,linked_wife_share
Baliya_Rasra.general,21,16,5,up,2005,linked_wife_share
Baliya_Revti.general,14,7,7,up,2005,linked_wife_share
Baliya_Sier.general,28,20,8,up,2005,linked_wife_share
Baliya_Sohaon.general,21,8,13,up,2005,linked_wife_share
Balrampur_Balrampur.general,39,13,26,up,2005,linked_wife_share
Balrampur_Gaidas Buzurg.general,12,11,1,up,2005,linked_wife_share
Balrampur_Gainsadi.general,35,15,20,up,2005,linked_wife_share
Balrampur_Hariya Satgharwa.general,35,14,21,up,2005,linked_wife_share
Balrampur_Pachpedwa.general,24,5,19,up,2005,linked_wife_share
Balrampur_Rehra Bazar.general,35,19,16,up,2005,linked_wife_share
Balrampur_Shridattganj.general,25,13,12,up,2005,linked_wife_share
Balrampur_Tulsipur.general,34,11,23,up,2005,linked_wife_share
Balrampur_Utraula.general,28,16,12,up,2005,linked_wife_share
Banda_Baberu.general,22,15,7,up,2005,linked_wife_share
Banda_Barokhar Khurd.general,17,8,9,up,2005,linked_wife_share
Banda_Bissanda.general,15,8,7,up,2005,linked_wife_share
Banda_Jaspura.general,15,5,10,up,2005,linked_wife_share
Banda_Kamasin.general,19,7,12,up,2005,linked_wife_share
Banda_Mahua.general,25,6,19,up,2005,linked_wife_share
Banda_Narani.general,30,10,20,up,2005,linked_wife_share
Banda_Tindwaari.general,13,1,12,up,2005,linked_wife_share
Barabanki_Banikoder.general,28,7,21,up,2005,linked_wife_share
Barabanki_Banki.general,15,12,3,up,2005,linked_wife_share
Barabanki_Dariyabad.general,23,7,16,up,2005,linked_wife_share
Barabanki_Dewan.general,20,14,6,up,2005,linked_wife_share
Barabanki_Haidarganj.general,13,4,9,up,2005,linked_wife_share
Barabanki_Harakh.general,20,14,6,up,2005,linked_wife_share
Barabanki_masauli.general,15,11,4,up,2005,linked_wife_share
Barabanki_Nindur.general,25,9,16,up,2005,linked_wife_share
Barabanki_Puredlai.general,17,4,13,up,2005,linked_wife_share
Barabanki_Ramnagar.general,27,0,27,up,2005,linked_wife_share
Barabanki_Siddhaur.general,31,6,25,up,2005,linked_wife_share
Barabanki_Sirauli Gauspur.general,20,10,10,up,2005,linked_wife_share
Barabanki_Suratganj.general,25,10,15,up,2005,linked_wife_share
Barabanki_Trivediganj.general,25,4,21,up,2005,linked_wife_share
Bareilly_Alampur Jafrabaad.general,32,15,17,up,2005,linked_wife_share
Bareilly_Bahedi.general,38,14,24,up,2005,linked_wife_share
Bareilly_Bhadpura.general,18,11,7,up,2005,linked_wife_share
Bareilly_Bhojipura.general,27,17,10,up,2005,linked_wife_share
Bareilly_Bhuta.general,28,12,16,up,2005,linked_wife_share
Bareilly_Damkhoda.general,19,12,7,up,2005,linked_wife_share
Bareilly_Faridpur.general,21,10,11,up,2005,linked_wife_share
Bareilly_Fatehganj ( P O ).general,23,8,15,up,2005,linked_wife_share
Bareilly_Kyara.general,6,6,0,up,2005,linked_wife_share
Bareilly_Majhgawan.general,22,13,9,up,2005,linked_wife_share
Bareilly_Mirganj.general,21,16,5,up,2005,linked_wife_share
Bareilly_Nawabganj.general,21,18,3,up,2005,linked_wife_share
Bareilly_Ramnagar.general,1,1,0,up,2005,linked_wife_share
Bareilly_Shergarh.general,17,12,5,up,2005,linked_wife_share
Basti_Bahadurpur.general,21,5,16,up,2005,linked_wife_share
Basti_Bankati.general,18,10,8,up,2005,linked_wife_share
Basti_Basti.general,28,9,19,up,2005,linked_wife_share
Basti_Bikramjot.general,27,5,22,up,2005,linked_wife_share
Basti_Dubaulia.general,17,4,13,up,2005,linked_wife_share
Basti_Gour.general,25,5,20,up,2005,linked_wife_share
Basti_Hareya.general,29,8,21,up,2005,linked_wife_share
Basti_Kaptaiganj.general,15,9,6,up,2005,linked_wife_share
Basti_Kudrah.general,12,8,4,up,2005,linked_wife_share
Basti_Parsrampur.general,20,3,17,up,2005,linked_wife_share
Basti_Ramnagar.general,21,9,12,up,2005,linked_wife_share
Basti_Raudhauli.general,25,10,15,up,2005,linked_wife_share
Basti_Saltoya Gopalpur.general,32,20,12,up,2005,linked_wife_share
Basti_Saugahat.general,25,13,12,up,2005,linked_wife_share
Bijnaur_Afzalgarah.general,14,3,11,up,2005,linked_wife_share
Bijnaur_Haldaur.general,28,16,12,up,2005,linked_wife_share
Bijnaur_Jalilpur.general,32,16,16,up,2005,linked_wife_share
Bijnaur_Kiratpur.general,6,1,5,up,2005,linked_wife_share
Bijnaur_Kotwali.general,40,16,24,up,2005,linked_wife_share
Bijnaur_Mau Pur Devmal.general,11,1,10,up,2005,linked_wife_share
Bijnaur_Najibabad.general,36,7,29,up,2005,linked_wife_share
Bijnaur_Noorpur.general,36,10,26,up,2005,linked_wife_share
Bijnaur_Syohara.general,28,11,17,up,2005,linked_wife_share
Budaun_Gunnaur.general,19,12,7,up,2005,linked_wife_share
Budaun_Junawai.general,21,16,5,up,2005,linked_wife_share
Bulandshahr_Agauta.general,17,11,6,up,2005,linked_wife_share
Bulandshahr_Anupshahr.general,14,1,13,up,2005,linked_wife_share
Bulandshahr_Arniyaan.general,18,5,13,up,2005,linked_wife_share
Bulandshahr_B. B. Nagar.general,4,2,2,up,2005,linked_wife_share
Bulandshahr_Bulandshahr.general,17,8,9,up,2005,linked_wife_share
Bulandshahr_Danpur.general,2,1,1,up,2005,linked_wife_share
Bulandshahr_Dibai.general,3,1,2,up,2005,linked_wife_share
Bulandshahr_Gulawati.general,9,5,4,up,2005,linked_wife_share
Bulandshahr_Jahangirabad.general,10,4,6,up,2005,linked_wife_share
Bulandshahr_Khujra.general,22,7,15,up,2005,linked_wife_share
Bulandshahr_Lakhauti.general,15,8,7,up,2005,linked_wife_share
Bulandshahr_Pahasu.general,7,0,7,up,2005,linked_wife_share
Bulandshahr_Shikarpur.general,6,2,4,up,2005,linked_wife_share
Bulandshahr_Sikandrabad.general,26,2,24,up,2005,linked_wife_share
Bulandshahr_Siyana.general,3,0,3,up,2005,linked_wife_share
Bulandshahr_Unchagaon.general,10,2,8,up,2005,linked_wife_share
Chandauli_Barhani.general,5,1,4,up,2005,linked_wife_share
Chandauli_Chahniya.general,23,17,6,up,2005,linked_wife_share
Chandauli_Chakia.general,19,5,14,up,2005,linked_wife_share
Chandauli_Dhanapur.general,2,0,2,up,2005,linked_wife_share
Chandauli_Naugadh.general,8,3,5,up,2005,linked_wife_share
Chandauli_Niyamatabad.general,18,10,8,up,2005,linked_wife_share
Chandauli_Sakaldeeha.general,22,5,17,up,2005,linked_wife_share
Chandauli_Shahababganj.general,18,2,16,up,2005,linked_wife_share
Chitrakoot_Karvi ( Chitrakut ).general,30,10,20,up,2005,linked_wife_share
Chitrakoot_Manikpur.general,17,3,14,up,2005,linked_wife_share
Chitrakoot_Mau.general,13,4,9,up,2005,linked_wife_share
Chitrakoot_Pahadi.general,29,10,19,up,2005,linked_wife_share
Chitrakoot_Ramnagar.general,8,2,6,up,2005,linked_wife_share
Firozabad_Aaraon.general,17,10,7,up,2005,linked_wife_share
Firozabad_Eka.general,24,18,6,up,2005,linked_wife_share
Firozabad_Firozabad.general,16,12,4,up,2005,linked_wife_share
Firozabad_Hathwant.general,20,13,7,up,2005,linked_wife_share
Firozabad_Jasrana.general,19,15,4,up,2005,linked_wife_share
Firozabad_Madanpur.general,26,16,10,up,2005,linked_wife_share
Firozabad_Narkhi.general,9,2,7,up,2005,linked_wife_share
Firozabad_Shikohabad.general,23,18,5,up,2005,linked_wife_share
Firozabad_Tundla.general,13,5,8,up,2005,linked_wife_share
Gautam Buddha Nagar_Dadri.general,12,4,8,up,2005,linked_wife_share
Gautam Buddha Nagar_Jewar.general,4,1,3,up,2005,linked_wife_share
Gautam Buddha Nagar_Visarkh.general,2,2,0,up,2005,linked_wife_share
Ghaziabad_Bhojpur.general,13,8,5,up,2005,linked_wife_share
Ghaziabad_Dhaulana.general,17,3,14,up,2005,linked_wife_share
Ghaziabad_Garhmukteshwar.general,16,0,16,up,2005,linked_wife_share
Ghaziabad_Hapur.general,25,8,17,up,2005,linked_wife_share
Ghaziabad_Loni.general,7,5,2,up,2005,linked_wife_share
Ghaziabad_Muradnagar.general,11,1,10,up,2005,linked_wife_share
Ghaziabad_Rajapur.general,10,2,8,up,2005,linked_wife_share
Ghaziabad_Simbhavli.general,17,1,16,up,2005,linked_wife_share
Ghazipur_Barachwar.general,26,15,11,up,2005,linked_wife_share
Ghazipur_Bhadaura.general,14,5,9,up,2005,linked_wife_share
Ghazipur_Jakhniya.general,32,24,8,up,2005,linked_wife_share
Ghazipur_Jamaniya.general,9,6,3,up,2005,linked_wife_share
Ghazipur_Karanda.general,15,13,2,up,2005,linked_wife_share
Ghazipur_Kasimabad.general,30,22,8,up,2005,linked_wife_share
Ghazipur_Manihari.general,23,19,4,up,2005,linked_wife_share
Ghazipur_Mardan.general,14,11,3,up,2005,linked_wife_share
Ghazipur_Muhammadabad.general,26,18,8,up,2005,linked_wife_share
Ghazipur_Revatipur.general,6,2,4,up,2005,linked_wife_share
Ghazipur_Sadaat.general,26,18,8,up,2005,linked_wife_share
Ghazipur_Sadar.general,13,12,1,up,2005,linked_wife_share
Ghazipur_Saidpur.general,20,13,7,up,2005,linked_wife_share
Ghazipur_Virano.general,16,10,6,up,2005,linked_wife_share
Gonda_Belasar.general,16,3,13,up,2005,linked_wife_share
Gonda_Bhabha njot.general,29,16,13,up,2005,linked_wife_share
Gonda_Chhapia.general,28,12,16,up,2005,linked_wife_share
Gonda_Etiyathok.general,28,9,19,up,2005,linked_wife_share
Gonda_Haladharamuu.general,23,7,16,up,2005,linked_wife_share
Gonda_Jhanjhari.general,37,11,26,up,2005,linked_wife_share
Gonda_Karnailganj.general,28,7,21,up,2005,linked_wife_share
Gonda_Katra Bazar.general,22,6,16,up,2005,linked_wife_share
Gonda_Manakapur.general,27,8,19,up,2005,linked_wife_share
Gonda_Mujehana.general,25,8,17,up,2005,linked_wife_share
Gonda_Nawabganj.general,27,7,20,up,2005,linked_wife_share
Gonda_Pandri Kripal.general,14,4,10,up,2005,linked_wife_share
Gonda_Parsapur.general,23,11,12,up,2005,linked_wife_share
Gonda_Rupaidih.general,19,7,12,up,2005,linked_wife_share
Gonda_Tarabganj.general,16,6,10,up,2005,linked_wife_share
Gonda_Wazirganj.general,22,6,16,up,2005,linked_wife_share
Gorakhpur_Barhalganj.general,6,5,1,up,2005,linked_wife_share
Gorakhpur_Belghat.general,26,18,8,up,2005,linked_wife_share
Gorakhpur_Bosagaon.general,20,6,14,up,2005,linked_wife_share
Gorakhpur_Brahmpur.general,16,13,3,up,2005,linked_wife_share
Gorakhpur_Chargaawon.general,10,5,5,up,2005,linked_wife_share
Gorakhpur_Gagaha.general,24,9,15,up,2005,linked_wife_share
Gorakhpur_Gola.general,19,5,14,up,2005,linked_wife_share
Gorakhpur_J. O. Kauriya.general,12,8,4,up,2005,linked_wife_share
Gorakhpur_Kauriram.general,16,8,8,up,2005,linked_wife_share
Gorakhpur_Khajni.general,28,11,17,up,2005,linked_wife_share
Gorakhpur_Khorabaar.general,10,9,1,up,2005,linked_wife_share
Gorakhpur_Pali.general,9,5,4,up,2005,linked_wife_share
Gorakhpur_Piparoli.general,13,7,6,up,2005,linked_wife_share
Gorakhpur_Pipraich.general,21,15,6,up,2005,linked_wife_share
Gorakhpur_Sardarnagar.general,20,13,7,up,2005,linked_wife_share
Gorakhpur_Uruvaon.general,21,7,14,up,2005,linked_wife_share
Hamirpur_Gohand.general,12,10,2,up,2005,linked_wife_share
Hamirpur_Kurara.general,8,8,0,up,2005,linked_wife_share
Hamirpur_Maudha.general,20,11,9,up,2005,linked_wife_share
Hamirpur_Muskra.general,10,7,3,up,2005,linked_wife_share
Hamirpur_Raath.general,5,5,0,up,2005,linked_wife_share
Hamirpur_Sarila.general,13,8,5,up,2005,linked_wife_share
Hamirpur_Sumerpur.general,16,10,6,up,2005,linked_wife_share
Hardoi_Ahirorhi.general,21,7,14,up,2005,linked_wife_share
Hardoi_Barkhani.general,15,4,11,up,2005,linked_wife_share
Hardoi_Bawan.general,20,6,14,up,2005,linked_wife_share
Hardoi_Benhadar.general,17,11,6,up,2005,linked_wife_share
Hardoi_Bharawan.general,11,3,8,up,2005,linked_wife_share
Hardoi_Bilgraam.general,25,9,16,up,2005,linked_wife_share
Hardoi_Hariyawan.general,18,7,11,up,2005,linked_wife_share
Hardoi_Harpalpur.general,20,6,14,up,2005,linked_wife_share
Hardoi_Kachauna.general,10,5,5,up,2005,linked_wife_share
Hardoi_Kothawan.general,11,4,7,up,2005,linked_wife_share
Hardoi_Madhauganj.general,16,10,6,up,2005,linked_wife_share
Hardoi_Mallawan.general,10,6,4,up,2005,linked_wife_share
Hardoi_Pihani.general,23,7,16,up,2005,linked_wife_share
Hardoi_Sandi.general,18,8,10,up,2005,linked_wife_share
Hardoi_Sandila.general,19,8,11,up,2005,linked_wife_share
Hardoi_Shahabaad.general,22,12,10,up,2005,linked_wife_share
Hardoi_Surusa.general,17,7,10,up,2005,linked_wife_share
Hardoi_Tadiyawan.general,23,8,15,up,2005,linked_wife_share
Hardoi_Todarpur.general,21,6,15,up,2005,linked_wife_share
Hathras_Hasayan.general,18,6,12,up,2005,linked_wife_share
Hathras_Mursan.general,23,3,20,up,2005,linked_wife_share
Hathras_Sadabad.general,19,10,9,up,2005,linked_wife_share
Hathras_Sahpau.general,15,4,11,up,2005,linked_wife_share
Hathras_Sasni.general,24,2,22,up,2005,linked_wife_share
Hathras_Sikandra Rao.general,19,16,3,up,2005,linked_wife_share
Itawah_Badh. Pura.general,9,4,5,up,2005,linked_wife_share
Itawah_Basrehar.general,15,13,2,up,2005,linked_wife_share
Itawah_Bharathana.general,17,14,3,up,2005,linked_wife_share
Itawah_Chakarnagar.general,15,5,10,up,2005,linked_wife_share
Itawah_Jaswantnagar.general,21,16,5,up,2005,linked_wife_share
Itawah_Mahewa.general,29,7,22,up,2005,linked_wife_share
Itawah_Saifai.general,11,7,4,up,2005,linked_wife_share
Itawah_Takha.general,11,9,2,up,2005,linked_wife_share
Jalaun_Dakor.general,24,12,12,up,2005,linked_wife_share
Jalaun_Jalaun.general,22,5,17,up,2005,linked_wife_share
Jalaun_Kadoura.general,21,9,12,up,2005,linked_wife_share
Jalaun_Kochan.general,1,0,1,up,2005,linked_wife_share
Jalaun_Kuthound.general,17,1,16,up,2005,linked_wife_share
Jalaun_Mahewa.general,18,3,15,up,2005,linked_wife_share
Jalaun_Nadigaon.general,13,2,11,up,2005,linked_wife_share
Jalaun_Rampura.general,15,3,12,up,2005,linked_wife_share
Jaunpur_Badlapur.general,32,12,20,up,2005,linked_wife_share
Jaunpur_Buxa.general,13,5,8,up,2005,linked_wife_share
Jaunpur_Jalalpur.general,2,1,1,up,2005,linked_wife_share
Jaunpur_Karanja Kala.general,4,2,2,up,2005,linked_wife_share
Jaunpur_Khutahan.general,18,12,6,up,2005,linked_wife_share
Jaunpur_Machhalishahr.general,2,2,0,up,2005,linked_wife_share
Jaunpur_Madiyahu.general,1,1,0,up,2005,linked_wife_share
Jaunpur_Maharajganj.general,28,11,17,up,2005,linked_wife_share
Jaunpur_Muftiganj.general,2,1,1,up,2005,linked_wife_share
Jaunpur_Ramnagar.general,2,2,0,up,2005,linked_wife_share
Jaunpur_Shahganj Sodhi.general,9,3,6,up,2005,linked_wife_share
Jaunpur_Sikarara.general,1,1,0,up,2005,linked_wife_share
Jaunpur_Srikoni.general,2,2,0,up,2005,linked_wife_share
Jaunpur_Suitha Kala.general,12,1,11,up,2005,linked_wife_share
Jaunpur_Sujangang.general,2,0,2,up,2005,linked_wife_share
Jhanshi_Babina.general,15,9,6,up,2005,linked_wife_share
Jhanshi_Badagaon.general,16,13,3,up,2005,linked_wife_share
Jhanshi_Bamour.general,22,6,16,up,2005,linked_wife_share
Jhanshi_Chirgaon.general,13,11,2,up,2005,linked_wife_share
Jhanshi_Moth.general,24,18,6,up,2005,linked_wife_share
Kannauj_Chhibramau.general,37,22,15,up,2005,linked_wife_share
Kannauj_Gugapur.general,7,7,0,up,2005,linked_wife_share
Kannauj_Haseran.general,15,10,5,up,2005,linked_wife_share
Kannauj_Jalalabad.general,11,2,9,up,2005,linked_wife_share
Kannauj_Kannauj.general,25,12,13,up,2005,linked_wife_share
Kannauj_Saurkh.general,20,7,13,up,2005,linked_wife_share
Kannauj_Umarda.general,24,18,6,up,2005,linked_wife_share
Kanpur Nagar_Bhitar Gaon.general,16,12,4,up,2005,linked_wife_share
Kanpur Nagar_Bilhaur.general,20,14,6,up,2005,linked_wife_share
Kanpur Nagar_Chaubepur.general,22,4,18,up,2005,linked_wife_share
Kanpur Nagar_Ghatampur.general,17,10,7,up,2005,linked_wife_share
Kanpur Nagar_Kakwan.general,6,4,2,up,2005,linked_wife_share
Kanpur Nagar_Kalyanpur.general,11,1,10,up,2005,linked_wife_share
Kanpur Nagar_Patara.general,15,4,11,up,2005,linked_wife_share
Kanpur Nagar_Sarasaul.general,14,2,12,up,2005,linked_wife_share
Kanpur Nagar_Shivrajpur.general,18,5,13,up,2005,linked_wife_share
Kanpur Nagar_Vidhnu.general,19,2,17,up,2005,linked_wife_share
Kaushambi_Chayal.general,3,0,3,up,2005,linked_wife_share
Kaushambi_Kara.general,15,8,7,up,2005,linked_wife_share
Kaushambi_Kaushambi.general,18,2,16,up,2005,linked_wife_share
Kaushambi_Manjhanpur.general,19,5,14,up,2005,linked_wife_share
Kaushambi_Muratganj.general,13,2,11,up,2005,linked_wife_share
Kaushambi_NEWADA.general,25,1,24,up,2005,linked_wife_share
Kaushambi_Sarsawa.general,15,0,15,up,2005,linked_wife_share
Kaushambi_Sirathu.general,20,7,13,up,2005,linked_wife_share
Kushinagar_Fazilnagar.general,23,12,11,up,2005,linked_wife_share
Kushinagar_Hata.general,17,7,10,up,2005,linked_wife_share
Kushinagar_Kaptaiganj.general,26,17,9,up,2005,linked_wife_share
Kushinagar_Kasaya.general,4,2,2,up,2005,linked_wife_share
Kushinagar_Khadda.general,14,10,4,up,2005,linked_wife_share
Kushinagar_Moti Chak.general,19,13,6,up,2005,linked_wife_share
Kushinagar_Nebua Naurangia.general,20,13,7,up,2005,linked_wife_share
Kushinagar_Padrauna.general,21,15,6,up,2005,linked_wife_share
Kushinagar_Ramkola.general,15,8,7,up,2005,linked_wife_share
Kushinagar_Sewarhi.general,9,5,4,up,2005,linked_wife_share
Kushinagar_Sukaroli.general,20,14,6,up,2005,linked_wife_share
Kushinagar_Tamkuhiraj.general,21,8,13,up,2005,linked_wife_share
Kushinagar_Vishunpura.general,22,14,8,up,2005,linked_wife_share
Lakhimpur Khiri_Bankeganj.general,17,6,11,up,2005,linked_wife_share
Lakhimpur Khiri_Bijua.general,23,2,21,up,2005,linked_wife_share
Lakhimpur Khiri_Dhaurhara.general,15,8,7,up,2005,linked_wife_share
Lakhimpur Khiri_Gola ( Kumbhi ).general,20,6,14,up,2005,linked_wife_share
Lakhimpur Khiri_Isanagar.general,29,19,10,up,2005,linked_wife_share
Lakhimpur Khiri_Lakhimpur.general,27,14,13,up,2005,linked_wife_share
Lakhimpur Khiri_Mitauli.general,31,2,29,up,2005,linked_wife_share
Lakhimpur Khiri_Mohammadi.general,33,7,26,up,2005,linked_wife_share
Lakhimpur Khiri_Nakha.general,6,4,2,up,2005,linked_wife_share
Lakhimpur Khiri_Nighasan.general,20,12,8,up,2005,linked_wife_share
Lakhimpur Khiri_Palia.general,12,1,11,up,2005,linked_wife_share
Lakhimpur Khiri_Pasgawan.general,27,5,22,up,2005,linked_wife_share
Lakhimpur Khiri_Phoolbehad.general,21,6,15,up,2005,linked_wife_share
Lakhimpur Khiri_Ramiyabehar.general,15,8,7,up,2005,linked_wife_share
Lalitpur_Baar.general,11,8,3,up,2005,linked_wife_share
Lalitpur_Jakhaura.general,29,26,3,up,2005,linked_wife_share
Lalitpur_Madawara.general,18,9,9,up,2005,linked_wife_share
Lalitpur_Mahrauni.general,16,7,9,up,2005,linked_wife_share
Lalitpur_Talbehat.general,10,6,4,up,2005,linked_wife_share
Lalitpur_Virddha.general,24,10,14,up,2005,linked_wife_share
Maharajganj_Brajamangnaj.general,22,16,6,up,2005,linked_wife_share
Maharajganj_Dhani.general,7,6,1,up,2005,linked_wife_share
Maharajganj_Ferenda.general,23,16,7,up,2005,linked_wife_share
Maharajganj_Ghughli.general,22,16,6,up,2005,linked_wife_share
Maharajganj_Lakshmipur.general,23,15,8,up,2005,linked_wife_share
Maharajganj_Maharajganj Sadar.general,20,16,4,up,2005,linked_wife_share
Maharajganj_Mithoura.general,27,20,7,up,2005,linked_wife_share
Maharajganj_Nautanwa.general,22,12,10,up,2005,linked_wife_share
Maharajganj_Nichlaul.general,22,15,7,up,2005,linked_wife_share
Maharajganj_Paniyara.general,17,13,4,up,2005,linked_wife_share
Maharajganj_Partawal.general,28,15,13,up,2005,linked_wife_share
Maharajganj_Siswa Bazar.general,14,10,4,up,2005,linked_wife_share
Mahoba_Charkhari.general,12,8,4,up,2005,linked_wife_share
Mahoba_Jaitpur.general,5,2,3,up,2005,linked_wife_share
Mahoba_Kabrai.general,25,12,13,up,2005,linked_wife_share
Mainpuri_Barnahal.general,18,10,8,up,2005,linked_wife_share
Mainpuri_Bebar.general,31,17,14,up,2005,linked_wife_share
Mainpuri_Ghiror.general,15,9,6,up,2005,linked_wife_share
Mainpuri_Jagir.general,12,10,2,up,2005,linked_wife_share
Mainpuri_Karhal.general,19,11,8,up,2005,linked_wife_share
Mainpuri_Kurawli.general,23,17,6,up,2005,linked_wife_share
Mainpuri_Mainpuri.general,20,14,6,up,2005,linked_wife_share
Mainpuri_Sultanganj.general,22,15,7,up,2005,linked_wife_share
Mau_Baragaon.general,19,12,7,up,2005,linked_wife_share
Mau_Dohrighat.general,18,10,8,up,2005,linked_wife_share
Mau_Ghosi.general,24,13,11,up,2005,linked_wife_share
Mau_Kopaganj.general,18,8,10,up,2005,linked_wife_share
Mau_Muhammadabad.general,21,10,11,up,2005,linked_wife_share
Mau_Pardha.general,8,3,5,up,2005,linked_wife_share
Mau_Ranipur.general,21,4,17,up,2005,linked_wife_share
Mau_Ratanpura.general,18,8,10,up,2005,linked_wife_share
Mirzapur_Chhaanbe.general,24,7,17,up,2005,linked_wife_share
Mirzapur_Halia.general,28,5,23,up,2005,linked_wife_share
Mirzapur_Jamalpur.general,1,1,0,up,2005,linked_wife_share
Mirzapur_Kon ( Cheelha ).general,6,1,5,up,2005,linked_wife_share
Mirzapur_Lalganj.general,22,5,17,up,2005,linked_wife_share
Mirzapur_Majhwan.general,8,3,5,up,2005,linked_wife_share
Mirzapur_Narayanpur.general,33,16,17,up,2005,linked_wife_share
Mirzapur_Pahadi.general,14,4,10,up,2005,linked_wife_share
Mirzapur_Rajgarh.general,25,14,11,up,2005,linked_wife_share
Mirzapur_Seekhar.general,4,1,3,up,2005,linked_wife_share
Muradabad_Asamoli.general,13,3,10,up,2005,linked_wife_share
Muradabad_Bahjoi.general,6,5,1,up,2005,linked_wife_share
Muradabad_Bilari.general,16,8,8,up,2005,linked_wife_share
Muradabad_Chhajlait.general,8,4,4,up,2005,linked_wife_share
Muradabad_Dilari.general,28,4,24,up,2005,linked_wife_share
Muradabad_Dingerpur (Kunderki).general,34,3,31,up,2005,linked_wife_share
Muradabad_Mudhaa Pandey.general,22,4,18,up,2005,linked_wife_share
Muradabad_Muradabad.general,13,4,9,up,2005,linked_wife_share
Muradabad_Panwasa.general,7,3,4,up,2005,linked_wife_share
Muradabad_Sambhal.general,16,6,10,up,2005,linked_wife_share
Muradabad_Thakurdwara.general,20,7,13,up,2005,linked_wife_share
Muzzafarnagar_Baghra.general,14,10,4,up,2005,linked_wife_share
Muzzafarnagar_Budhana.general,12,3,9,up,2005,linked_wife_share
Muzzafarnagar_Charthaawal.general,15,2,13,up,2005,linked_wife_share
Muzzafarnagar_Jansath.general,10,7,3,up,2005,linked_wife_share
Muzzafarnagar_Kairana.general,7,5,2,up,2005,linked_wife_share
Muzzafarnagar_Kandla.general,10,6,4,up,2005,linked_wife_share
Muzzafarnagar_Khatauli.general,19,9,10,up,2005,linked_wife_share
Muzzafarnagar_Morna.general,12,9,3,up,2005,linked_wife_share
Muzzafarnagar_Purkaji.general,9,5,4,up,2005,linked_wife_share
Muzzafarnagar_Sadar.general,4,2,2,up,2005,linked_wife_share
Muzzafarnagar_Shahpur.general,8,4,4,up,2005,linked_wife_share
Muzzafarnagar_Shamli.general,12,10,2,up,2005,linked_wife_share
Muzzafarnagar_Un.general,9,3,6,up,2005,linked_wife_share
Pilibhit_Amariya.general,33,16,17,up,2005,linked_wife_share
Pilibhit_Barkheda.general,23,17,6,up,2005,linked_wife_share
Pilibhit_Bilsanda.general,24,9,15,up,2005,linked_wife_share
Pilibhit_Bisalpur.general,30,18,12,up,2005,linked_wife_share
Pilibhit_Lalauri Kheda.general,16,10,6,up,2005,linked_wife_share
Pilibhit_Marauri.general,15,10,5,up,2005,linked_wife_share
Pilibhit_Purnanpur.general,28,2,26,up,2005,linked_wife_share
Pratapgarh_Baabaa Belkharnath Dhaam.general,23,6,17,up,2005,linked_wife_share
Pratapgarh_Baabaganj.general,22,3,19,up,2005,linked_wife_share
Pratapgarh_Bihar.general,24,9,15,up,2005,linked_wife_share
Pratapgarh_Gaura.general,15,6,9,up,2005,linked_wife_share
Pratapgarh_Kalakankar.general,18,16,2,up,2005,linked_wife_share
Pratapgarh_Kunda.general,28,9,19,up,2005,linked_wife_share
Pratapgarh_Lakshmanpur.general,21,4,17,up,2005,linked_wife_share
Pratapgarh_Lalganj.general,11,4,7,up,2005,linked_wife_share
Pratapgarh_Magraura.general,24,8,16,up,2005,linked_wife_share
Pratapgarh_Mandhaata.general,22,6,16,up,2005,linked_wife_share
Pratapgarh_Patti.general,24,7,17,up,2005,linked_wife_share
Pratapgarh_Sadar.general,16,2,14,up,2005,linked_wife_share
Pratapgarh_Sandwaa Chandrika.general,16,4,12,up,2005,linked_wife_share
Pratapgarh_Sangipur.general,17,1,16,up,2005,linked_wife_share
Pratapgarh_Shivgarh.general,18,3,15,up,2005,linked_wife_share
Rae bareli_Amawan.general,11,3,8,up,2005,linked_wife_share
Rae bareli_Bachhrawan.general,16,5,11,up,2005,linked_wife_share
Rae bareli_Dalmau.general,21,9,12,up,2005,linked_wife_share
Rae bareli_Deenshaahgaura.general,8,1,7,up,2005,linked_wife_share
Rae bareli_Harchandpur.general,11,1,10,up,2005,linked_wife_share
Rae bareli_Khiro.general,21,9,12,up,2005,linked_wife_share
Rae bareli_Lalganj.general,19,3,16,up,2005,linked_wife_share
Rae bareli_Maharajganj.general,14,2,12,up,2005,linked_wife_share
Rae bareli_Rahi.general,17,6,11,up,2005,linked_wife_share
Rae bareli_Rohanea.general,3,0,3,up,2005,linked_wife_share
Rae bareli_Sareni.general,28,5,23,up,2005,linked_wife_share
Rae bareli_Sataon.general,11,3,8,up,2005,linked_wife_share
Rae bareli_Shivgarh.general,12,2,10,up,2005,linked_wife_share
Rae bareli_Unchahaar.general,17,5,12,up,2005,linked_wife_share
Rampur_Bilaaspur.general,34,9,25,up,2005,linked_wife_share
Rampur_Milk.general,47,26,21,up,2005,linked_wife_share
Rampur_Saidnagar.general,25,7,18,up,2005,linked_wife_share
Saharanpur_Baliyakhedi.general,23,10,13,up,2005,linked_wife_share
Saharanpur_Devbanda.general,18,5,13,up,2005,linked_wife_share
Saharanpur_Gangoh.general,25,12,13,up,2005,linked_wife_share
Saharanpur_Muzaffarabad.general,29,13,16,up,2005,linked_wife_share
Saharanpur_Nagal.general,12,8,4,up,2005,linked_wife_share
Saharanpur_Nakud.general,21,12,9,up,2005,linked_wife_share
Saharanpur_Rampur Maniharan.general,16,6,10,up,2005,linked_wife_share
Saharanpur_Sarsawa.general,19,16,3,up,2005,linked_wife_share
Sant Kabeer Nagar_Baghauli.general,23,13,10,up,2005,linked_wife_share
Sant Kabeer Nagar_Belhar Kala.general,14,4,10,up,2005,linked_wife_share
Sant Kabeer Nagar_Khalilabad.general,20,11,9,up,2005,linked_wife_share
Sant Kabeer Nagar_Mehdawal.general,20,10,10,up,2005,linked_wife_share
Sant Kabeer Nagar_Nathnagar.general,29,21,8,up,2005,linked_wife_share
Sant Kabeer Nagar_Pauli.general,10,7,3,up,2005,linked_wife_share
Sant Kabeer Nagar_Sautha.general,8,2,6,up,2005,linked_wife_share
Sant Kabeer Nagar_Semriyawa.general,24,4,20,up,2005,linked_wife_share
Sant Ravidas Nagar_Abholi.general,16,4,12,up,2005,linked_wife_share
Sant Ravidas Nagar_Aurain.general,30,9,21,up,2005,linked_wife_share
Sant Ravidas Nagar_Bhadohi.general,19,6,13,up,2005,linked_wife_share
Sant Ravidas Nagar_Deegh.general,14,1,13,up,2005,linked_wife_share
Sant Ravidas Nagar_Gyanpur.general,18,4,14,up,2005,linked_wife_share
Sant Ravidas Nagar_Suriyawan.general,20,5,15,up,2005,linked_wife_share
Shravasti_Gilola.general,27,9,18,up,2005,linked_wife_share
Shravasti_Hariharpur Rani.general,23,11,12,up,2005,linked_wife_share
Shravasti_Ikouna.general,27,14,13,up,2005,linked_wife_share
Shravasti_Jamunha.general,31,14,17,up,2005,linked_wife_share
Shravasti_Sirsia.general,27,11,16,up,2005,linked_wife_share
Siddharth Nagar_Badhni.general,17,3,14,up,2005,linked_wife_share
Siddharth Nagar_Bansi.general,17,9,8,up,2005,linked_wife_share
Siddharth Nagar_Bhanwaapur.general,28,9,19,up,2005,linked_wife_share
Siddharth Nagar_Dumriaganj.general,40,2,38,up,2005,linked_wife_share
Siddharth Nagar_Itwa.general,17,4,13,up,2005,linked_wife_share
Siddharth Nagar_Jogiya.general,21,8,13,up,2005,linked_wife_share
Siddharth Nagar_Khesarha.general,19,6,13,up,2005,linked_wife_share
Siddharth Nagar_Khuniyav.general,24,8,16,up,2005,linked_wife_share
Siddharth Nagar_Lotan Bazar.general,16,4,12,up,2005,linked_wife_share
Siddharth Nagar_Mithwal.general,30,10,20,up,2005,linked_wife_share
Siddharth Nagar_Naugadh.general,18,3,15,up,2005,linked_wife_share
Siddharth Nagar_Shohratgarh.general,20,5,15,up,2005,linked_wife_share
Siddharth Nagar_UskaBazar.general,14,4,10,up,2005,linked_wife_share
Sitapur_Ailiya.general,27,4,23,up,2005,linked_wife_share
Sitapur_Behata.general,20,1,19,up,2005,linked_wife_share
Sitapur_Biswan.general,28,7,21,up,2005,linked_wife_share
Sitapur_Gondlamau.general,8,2,6,up,2005,linked_wife_share
Sitapur_Hargaon.general,25,7,18,up,2005,linked_wife_share
Sitapur_Kasmanda.general,27,4,23,up,2005,linked_wife_share
Sitapur_Khairbad.general,22,1,21,up,2005,linked_wife_share
Sitapur_Laharpur.general,16,7,9,up,2005,linked_wife_share
Sitapur_Machhrehta.general,29,9,20,up,2005,linked_wife_share
Sitapur_Mahmudabad.general,21,8,13,up,2005,linked_wife_share
Sitapur_Maholi.general,14,4,10,up,2005,linked_wife_share
Sitapur_Mishrikh.general,25,9,16,up,2005,linked_wife_share
Sitapur_Pahala.general,26,12,14,up,2005,linked_wife_share
Sitapur_Parsendi.general,23,6,17,up,2005,linked_wife_share
Sitapur_Pisawan.general,29,6,23,up,2005,linked_wife_share
Sitapur_Rampurmathura.general,24,12,12,up,2005,linked_wife_share
Sitapur_Reusaa.general,24,4,20,up,2005,linked_wife_share
Sitapur_Sakran.general,19,3,16,up,2005,linked_wife_share
Sitapur_Sidhauli.general,24,2,22,up,2005,linked_wife_share
Sonbhadra_Chatra.general,7,0,7,up,2005,linked_wife_share
Sonbhadra_Chopan.general,11,6,5,up,2005,linked_wife_share
Sonbhadra_Duddhi.general,14,7,7,up,2005,linked_wife_share
Sonbhadra_Ghorawal.general,29,6,23,up,2005,linked_wife_share
Sonbhadra_Myorpur.general,18,13,5,up,2005,linked_wife_share
Sonbhadra_Nagwan.general,7,0,7,up,2005,linked_wife_share
Sonbhadra_Robertsganj.general,17,4,13,up,2005,linked_wife_share
Sonbhadra_Vabhni.general,10,8,2,up,2005,linked_wife_share
Sultanpur_Akhandnagar.general,21,13,8,up,2005,linked_wife_share
Sultanpur_Baldirai.general,12,3,9,up,2005,linked_wife_share
Sultanpur_Bhaiyya.general,23,6,17,up,2005,linked_wife_share
Sultanpur_Dhanpat Ganj.general,16,4,12,up,2005,linked_wife_share
Sultanpur_Doobepur.general,24,8,16,up,2005,linked_wife_share
Sultanpur_Dostpur.general,10,6,4,up,2005,linked_wife_share
Sultanpur_Jaisinghpur.general,19,2,17,up,2005,linked_wife_share
Sultanpur_Kadipur.general,17,2,15,up,2005,linked_wife_share
Sultanpur_Kudebhar.general,21,3,18,up,2005,linked_wife_share
Sultanpur_Kudwar.general,20,3,17,up,2005,linked_wife_share
Sultanpur_Lambhua.general,23,6,17,up,2005,linked_wife_share
Sultanpur_Motigarpur.general,13,3,10,up,2005,linked_wife_share
Sultanpur_Pratappur Kemaicha.general,17,5,12,up,2005,linked_wife_share
Unnao_Asoha.general,25,6,19,up,2005,linked_wife_share
Unnao_Auras.general,20,5,15,up,2005,linked_wife_share
Unnao_Bangarmau.general,13,6,7,up,2005,linked_wife_share
Unnao_Bichiya.general,20,7,13,up,2005,linked_wife_share
Unnao_Bighapur.general,19,4,15,up,2005,linked_wife_share
Unnao_Fatehpur Chaurasi.general,20,6,14,up,2005,linked_wife_share
Unnao_Hasan ganj.general,27,9,18,up,2005,linked_wife_share
Unnao_Hilauli.general,15,5,10,up,2005,linked_wife_share
Unnao_Nawabganj.general,30,5,25,up,2005,linked_wife_share
Unnao_Purwa.general,24,15,9,up,2005,linked_wife_share
Unnao_Safipur.general,19,8,11,up,2005,linked_wife_share
Unnao_Si. Sirosi.general,16,7,9,up,2005,linked_wife_share
Unnao_Sikandarpur Karan.general,13,7,6,up,2005,linked_wife_share
Unnao_Sumerpur.general,24,5,19,up,2005,linked_wife_share
Varanasi_Araji Lines.general,48,32,16,up,2005,linked_wife_share
Varanasi_Badagaon.general,25,13,12,up,2005,linked_wife_share
Varanasi_Chiraigaon.general,20,14,6,up,2005,linked_wife_share
Varanasi_Cholapur.general,21,14,7,up,2005,linked_wife_share
Varanasi_Harhua.general,18,8,10,up,2005,linked_wife_share
Varanasi_Kashividyapeeth.general,17,11,6,up,2005,linked_wife_share
Varanasi_Pindra.general,35,24,11,up,2005,linked_wife_share
Varanasi_Sewapuri.general,36,18,18,up,2005,linked_wife_share
Agra_Achnera.obc,8,2,6,up,2005,linked_wife_share
Agra_Akolaa.obc,3,0,3,up,2005,linked_wife_share
Agra_Bah.obc,10,4,6,up,2005,linked_wife_share
Agra_Baroli Ahir.obc,5,3,2,up,2005,linked_wife_share
Agra_Bichpuri.obc,2,1,1,up,2005,linked_wife_share
Agra_Etmaadpur.obc,7,2,5,up,2005,linked_wife_share
Agra_Fatehabad.obc,10,4,6,up,2005,linked_wife_share
Agra_Fatehpur Seekri.obc,6,3,3,up,2005,linked_wife_share
Agra_Jagner.obc,4,0,4,up,2005,linked_wife_share
Agra_Khandoli.obc,6,3,3,up,2005,linked_wife_share
Agra_Pinahat.obc,5,2,3,up,2005,linked_wife_share
Agra_Shamshabaad.obc,8,2,6,up,2005,linked_wife_share
Ambedkar Nagar_Akbarpur.obc,20,14,6,up,2005,linked_wife_share
Ambedkar Nagar_Basakhari.obc,18,12,6,up,2005,linked_wife_share
Ambedkar Nagar_Bhiti.obc,15,10,5,up,2005,linked_wife_share
Ambedkar Nagar_Jahangirganj.obc,11,5,6,up,2005,linked_wife_share
Ambedkar Nagar_Jalalpur.obc,22,11,11,up,2005,linked_wife_share
Ambedkar Nagar_Katehri.obc,10,8,2,up,2005,linked_wife_share
Ambedkar Nagar_Miyan.obc,18,13,5,up,2005,linked_wife_share
Ambedkar Nagar_Ramnagar.obc,14,8,6,up,2005,linked_wife_share
Ambedkar Nagar_Tanda.obc,25,14,11,up,2005,linked_wife_share
Auraiya_Achhaldaa.obc,9,7,2,up,2005,linked_wife_share
Auraiya_Ajitmal.obc,13,8,5,up,2005,linked_wife_share
Auraiya_Auraiya.obc,12,8,4,up,2005,linked_wife_share
Auraiya_Bhagyanagar.obc,13,7,6,up,2005,linked_wife_share
Auraiya_Eva Katra.obc,7,5,2,up,2005,linked_wife_share
Auraiya_Sahar.obc,10,5,5,up,2005,linked_wife_share
Auraiya_Vidhuna.obc,14,10,4,up,2005,linked_wife_share
Bagpat_Bagpat.obc,6,5,1,up,2005,linked_wife_share
Bagpat_Baraut.obc,6,4,2,up,2005,linked_wife_share
Bagpat_Binauli.obc,6,4,2,up,2005,linked_wife_share
Bagpat_Chhaparauli.obc,3,2,1,up,2005,linked_wife_share
Bagpat_Khekhada.obc,7,3,4,up,2005,linked_wife_share
Bagpat_Pilana.obc,3,2,1,up,2005,linked_wife_share
Bahraich_Balha.obc,3,1,2,up,2005,linked_wife_share
Bahraich_Fakhrpur.obc,11,10,1,up,2005,linked_wife_share
Bahraich_Huzurpur.obc,16,10,6,up,2005,linked_wife_share
Bahraich_Jarwal.obc,8,4,4,up,2005,linked_wife_share
Bahraich_Kaiserganj.obc,14,11,3,up,2005,linked_wife_share
Bahraich_Mahsi.obc,13,9,4,up,2005,linked_wife_share
Bahraich_Mihipurwa.obc,9,6,3,up,2005,linked_wife_share
Bahraich_Nawabganj.obc,15,13,2,up,2005,linked_wife_share
Bahraich_Prayagpur.obc,14,7,7,up,2005,linked_wife_share
Bahraich_Risia.obc,14,9,5,up,2005,linked_wife_share
Bahraich_Shivpur.obc,14,8,6,up,2005,linked_wife_share
Bahraich_Tajwapur.obc,10,9,1,up,2005,linked_wife_share
Bahraich_Visheshwarganj.obc,18,11,7,up,2005,linked_wife_share
Baliya_Baasadeeh.obc,5,2,3,up,2005,linked_wife_share
Baliya_Bairiya.obc,5,2,3,up,2005,linked_wife_share
Baliya_Belhari.obc,5,3,2,up,2005,linked_wife_share
Baliya_Berua Bari.obc,3,1,2,up,2005,linked_wife_share
Baliya_Chilakhar.obc,7,1,6,up,2005,linked_wife_share
Baliya_Gadwar.obc,9,4,5,up,2005,linked_wife_share
Baliya_Hanumanganj.obc,9,5,4,up,2005,linked_wife_share
Baliya_Maniyar.obc,6,3,3,up,2005,linked_wife_share
Baliya_Murli Chappa.obc,3,1,2,up,2005,linked_wife_share
Baliya_Nagra.obc,9,3,6,up,2005,linked_wife_share
Baliya_Nawanagar.obc,10,4,6,up,2005,linked_wife_share
Baliya_Pandah.obc,10,4,6,up,2005,linked_wife_share
Baliya_Rasra.obc,12,6,6,up,2005,linked_wife_share
Baliya_Revti.obc,6,2,4,up,2005,linked_wife_share
Baliya_Sier.obc,12,5,7,up,2005,linked_wife_share
Baliya_Sohaon.obc,7,4,3,up,2005,linked_wife_share
Balrampur_Balrampur.obc,18,15,3,up,2005,linked_wife_share
Balrampur_Gaidas Buzurg.obc,6,4,2,up,2005,linked_wife_share
Balrampur_Gainsadi.obc,15,10,5,up,2005,linked_wife_share
Balrampur_Hariya Satgharwa.obc,22,11,11,up,2005,linked_wife_share
Balrampur_Pachpedwa.obc,12,8,4,up,2005,linked_wife_share
Balrampur_Rehra Bazar.obc,15,11,4,up,2005,linked_wife_share
Balrampur_Shridattganj.obc,9,3,6,up,2005,linked_wife_share
Balrampur_Tulsipur.obc,17,9,8,up,2005,linked_wife_share
Balrampur_Utraula.obc,12,5,7,up,2005,linked_wife_share
Banda_Baberu.obc,10,5,5,up,2005,linked_wife_share
Banda_Barokhar Khurd.obc,6,4,2,up,2005,linked_wife_share
Banda_Bissanda.obc,10,6,4,up,2005,linked_wife_share
Banda_Jaspura.obc,6,4,2,up,2005,linked_wife_share
Banda_Kamasin.obc,6,3,3,up,2005,linked_wife_share
Banda_Mahua.obc,17,9,8,up,2005,linked_wife_share
Banda_Narani.obc,18,9,9,up,2005,linked_wife_share
Banda_Tindwaari.obc,7,5,2,up,2005,linked_wife_share
Barabanki_Banikoder.obc,12,9,3,up,2005,linked_wife_share
Barabanki_Banki.obc,10,6,4,up,2005,linked_wife_share
Barabanki_Dariyabad.obc,10,6,4,up,2005,linked_wife_share
Barabanki_Dewan.obc,9,4,5,up,2005,linked_wife_share
Barabanki_Haidarganj.obc,8,3,5,up,2005,linked_wife_share
Barabanki_Harakh.obc,8,4,4,up,2005,linked_wife_share
Barabanki_masauli.obc,8,3,5,up,2005,linked_wife_share
Barabanki_Nindur.obc,10,9,1,up,2005,linked_wife_share
Barabanki_Puredlai.obc,7,1,6,up,2005,linked_wife_share
Barabanki_Ramnagar.obc,15,8,7,up,2005,linked_wife_share
Barabanki_Siddhaur.obc,10,8,2,up,2005,linked_wife_share
Barabanki_Sirauli Gauspur.obc,13,8,5,up,2005,linked_wife_share
Barabanki_Suratganj.obc,15,9,6,up,2005,linked_wife_share
Barabanki_Trivediganj.obc,13,8,5,up,2005,linked_wife_share
Bareilly_Alampur Jafrabaad.obc,12,6,6,up,2005,linked_wife_share
Bareilly_Bahedi.obc,11,9,2,up,2005,linked_wife_share
Bareilly_Bhadpura.obc,4,3,1,up,2005,linked_wife_share
Bareilly_Bhojipura.obc,14,13,1,up,2005,linked_wife_share
Bareilly_Bhuta.obc,13,10,3,up,2005,linked_wife_share
Bareilly_Damkhoda.obc,9,3,6,up,2005,linked_wife_share
Bareilly_Faridpur.obc,9,8,1,up,2005,linked_wife_share
Bareilly_Fatehganj ( P O ).obc,10,5,5,up,2005,linked_wife_share
Bareilly_Kyara.obc,4,1,3,up,2005,linked_wife_share
Bareilly_Majhgawan.obc,9,7,2,up,2005,linked_wife_share
Bareilly_Mirganj.obc,12,7,5,up,2005,linked_wife_share
Bareilly_Nawabganj.obc,8,4,4,up,2005,linked_wife_share
Bareilly_Shergarh.obc,4,2,2,up,2005,linked_wife_share
Basti_Bahadurpur.obc,18,14,4,up,2005,linked_wife_share
Basti_Bankati.obc,13,7,6,up,2005,linked_wife_share
Basti_Basti.obc,14,13,1,up,2005,linked_wife_share
Basti_Bikramjot.obc,15,7,8,up,2005,linked_wife_share
Basti_Dubaulia.obc,6,5,1,up,2005,linked_wife_share
Basti_Gour.obc,11,6,5,up,2005,linked_wife_share
Basti_Hareya.obc,10,6,4,up,2005,linked_wife_share
Basti_Kaptaiganj.obc,9,5,4,up,2005,linked_wife_share
Basti_Kudrah.obc,24,15,9,up,2005,linked_wife_share
Basti_Parsrampur.obc,20,13,7,up,2005,linked_wife_share
Basti_Ramnagar.obc,13,11,2,up,2005,linked_wife_share
Basti_Raudhauli.obc,7,4,3,up,2005,linked_wife_share
Basti_Saltoya Gopalpur.obc,14,10,4,up,2005,linked_wife_share
Basti_Saugahat.obc,11,10,1,up,2005,linked_wife_share
Bijnaur_Afzalgarah.obc,8,3,5,up,2005,linked_wife_share
Bijnaur_Haldaur.obc,16,9,7,up,2005,linked_wife_share
Bijnaur_Jalilpur.obc,16,10,6,up,2005,linked_wife_share
Bijnaur_Kiratpur.obc,5,2,3,up,2005,linked_wife_share
Bijnaur_Kotwali.obc,25,15,10,up,2005,linked_wife_share
Bijnaur_Mau Pur Devmal.obc,23,8,15,up,2005,linked_wife_share
Bijnaur_Najibabad.obc,19,13,6,up,2005,linked_wife_share
Bijnaur_Noorpur.obc,13,9,4,up,2005,linked_wife_share
Bijnaur_Syohara.obc,10,8,2,up,2005,linked_wife_share
Budaun_Gunnaur.obc,9,5,4,up,2005,linked_wife_share
Budaun_Junawai.obc,12,5,7,up,2005,linked_wife_share
Bulandshahr_Agauta.obc,9,6,3,up,2005,linked_wife_share
Bulandshahr_Anupshahr.obc,6,5,1,up,2005,linked_wife_share
Bulandshahr_Arniyaan.obc,7,2,5,up,2005,linked_wife_share
Bulandshahr_B. B. Nagar.obc,3,2,1,up,2005,linked_wife_share
Bulandshahr_Bulandshahr.obc,15,7,8,up,2005,linked_wife_share
Bulandshahr_Danpur.obc,1,1,0,up,2005,linked_wife_share
Bulandshahr_Dibai.obc,3,3,0,up,2005,linked_wife_share
Bulandshahr_Gulawati.obc,6,0,6,up,2005,linked_wife_share
Bulandshahr_Jahangirabad.obc,9,7,2,up,2005,linked_wife_share
Bulandshahr_Khujra.obc,10,5,5,up,2005,linked_wife_share
Bulandshahr_Lakhauti.obc,9,5,4,up,2005,linked_wife_share
Bulandshahr_Pahasu.obc,1,1,0,up,2005,linked_wife_share
Bulandshahr_Shikarpur.obc,3,1,2,up,2005,linked_wife_share
Bulandshahr_Sikandrabad.obc,15,6,9,up,2005,linked_wife_share
Bulandshahr_Siyana.obc,1,1,0,up,2005,linked_wife_share
Bulandshahr_Unchagaon.obc,6,4,2,up,2005,linked_wife_share
Chandauli_Barhani.obc,4,4,0,up,2005,linked_wife_share
Chandauli_Chahniya.obc,12,9,3,up,2005,linked_wife_share
Chandauli_Chakia.obc,13,7,6,up,2005,linked_wife_share
Chandauli_Dhanapur.obc,2,1,1,up,2005,linked_wife_share
Chandauli_Naugadh.obc,5,3,2,up,2005,linked_wife_share
Chandauli_Niyamatabad.obc,12,7,5,up,2005,linked_wife_share
Chandauli_Sakaldeeha.obc,9,5,4,up,2005,linked_wife_share
Chandauli_Shahababganj.obc,10,5,5,up,2005,linked_wife_share
Chitrakoot_Karvi ( Chitrakut ).obc,16,12,4,up,2005,linked_wife_share
Chitrakoot_Manikpur.obc,13,10,3,up,2005,linked_wife_share
Chitrakoot_Mau.obc,4,3,1,up,2005,linked_wife_share
Chitrakoot_Pahadi.obc,15,12,3,up,2005,linked_wife_share
Chitrakoot_Ramnagar.obc,6,4,2,up,2005,linked_wife_share
Firozabad_Aaraon.obc,8,5,3,up,2005,linked_wife_share
Firozabad_Eka.obc,8,5,3,up,2005,linked_wife_share
Firozabad_Firozabad.obc,11,5,6,up,2005,linked_wife_share
Firozabad_Hathwant.obc,7,5,2,up,2005,linked_wife_share
Firozabad_Jasrana.obc,9,4,5,up,2005,linked_wife_share
Firozabad_Madanpur.obc,9,5,4,up,2005,linked_wife_share
Firozabad_Narkhi.obc,2,2,0,up,2005,linked_wife_share
Firozabad_Shikohabad.obc,9,5,4,up,2005,linked_wife_share
Firozabad_Tundla.obc,7,5,2,up,2005,linked_wife_share
Gautam Buddha Nagar_Dadri.obc,4,2,2,up,2005,linked_wife_share
Gautam Buddha Nagar_Jewar.obc,1,0,1,up,2005,linked_wife_share
Gautam Buddha Nagar_Visarkh.obc,4,3,1,up,2005,linked_wife_share
Ghaziabad_Bhojpur.obc,8,4,4,up,2005,linked_wife_share
Ghaziabad_Dhaulana.obc,6,4,2,up,2005,linked_wife_share
Ghaziabad_Garhmukteshwar.obc,10,5,5,up,2005,linked_wife_share
Ghaziabad_Hapur.obc,14,7,7,up,2005,linked_wife_share
Ghaziabad_Loni.obc,2,1,1,up,2005,linked_wife_share
Ghaziabad_Muradnagar.obc,6,4,2,up,2005,linked_wife_share
Ghaziabad_Rajapur.obc,4,2,2,up,2005,linked_wife_share
Ghaziabad_Simbhavli.obc,12,7,5,up,2005,linked_wife_share
Ghazipur_Barachwar.obc,9,5,4,up,2005,linked_wife_share
Ghazipur_Bhadaura.obc,7,4,3,up,2005,linked_wife_share
Ghazipur_Jakhniya.obc,17,11,6,up,2005,linked_wife_share
Ghazipur_Jamaniya.obc,6,3,3,up,2005,linked_wife_share
Ghazipur_Karanda.obc,6,3,3,up,2005,linked_wife_share
Ghazipur_Kasimabad.obc,18,11,7,up,2005,linked_wife_share
Ghazipur_Manihari.obc,8,5,3,up,2005,linked_wife_share
Ghazipur_Mardan.obc,11,4,7,up,2005,linked_wife_share
Ghazipur_Muhammadabad.obc,16,9,7,up,2005,linked_wife_share
Ghazipur_Revatipur.obc,3,3,0,up,2005,linked_wife_share
Ghazipur_Sadaat.obc,15,10,5,up,2005,linked_wife_share
Ghazipur_Sadar.obc,8,5,3,up,2005,linked_wife_share
Ghazipur_Saidpur.obc,16,11,5,up,2005,linked_wife_share
Ghazipur_Virano.obc,8,4,4,up,2005,linked_wife_share
Gonda_Belasar.obc,10,5,5,up,2005,linked_wife_share
Gonda_Bhabha njot.obc,12,5,7,up,2005,linked_wife_share
Gonda_Chhapia.obc,18,8,10,up,2005,linked_wife_share
Gonda_Etiyathok.obc,14,6,8,up,2005,linked_wife_share
Gonda_Haladharamuu.obc,11,4,7,up,2005,linked_wife_share
Gonda_Jhanjhari.obc,11,6,5,up,2005,linked_wife_share
Gonda_Karnailganj.obc,14,6,8,up,2005,linked_wife_share
Gonda_Katra Bazar.obc,8,4,4,up,2005,linked_wife_share
Gonda_Manakapur.obc,11,6,5,up,2005,linked_wife_share
Gonda_Mujehana.obc,8,5,3,up,2005,linked_wife_share
Gonda_Nawabganj.obc,13,8,5,up,2005,linked_wife_share
Gonda_Pandri Kripal.obc,10,6,4,up,2005,linked_wife_share
Gonda_Parsapur.obc,9,6,3,up,2005,linked_wife_share
Gonda_Rupaidih.obc,11,1,10,up,2005,linked_wife_share
Gonda_Tarabganj.obc,10,3,7,up,2005,linked_wife_share
Gonda_Wazirganj.obc,16,7,9,up,2005,linked_wife_share
Gorakhpur_Barhalganj.obc,8,7,1,up,2005,linked_wife_share
Gorakhpur_Belghat.obc,12,9,3,up,2005,linked_wife_share
Gorakhpur_Bosagaon.obc,9,5,4,up,2005,linked_wife_share
Gorakhpur_Brahmpur.obc,7,3,4,up,2005,linked_wife_share
Gorakhpur_Chargaawon.obc,2,2,0,up,2005,linked_wife_share
Gorakhpur_Gagaha.obc,13,9,4,up,2005,linked_wife_share
Gorakhpur_Gola.obc,12,12,0,up,2005,linked_wife_share
Gorakhpur_J. O. Kauriya.obc,8,6,2,up,2005,linked_wife_share
Gorakhpur_Kauriram.obc,10,5,5,up,2005,linked_wife_share
Gorakhpur_Khajni.obc,13,9,4,up,2005,linked_wife_share
Gorakhpur_Khorabaar.obc,6,5,1,up,2005,linked_wife_share
Gorakhpur_Pali.obc,7,4,3,up,2005,linked_wife_share
Gorakhpur_Piparoli.obc,8,5,3,up,2005,linked_wife_share
Gorakhpur_Pipraich.obc,11,7,4,up,2005,linked_wife_share
Gorakhpur_Sardarnagar.obc,4,3,1,up,2005,linked_wife_share
Gorakhpur_Uruvaon.obc,9,4,5,up,2005,linked_wife_share
Hamirpur_Gohand.obc,4,3,1,up,2005,linked_wife_share
Hamirpur_Kurara.obc,2,1,1,up,2005,linked_wife_share
Hamirpur_Maudha.obc,4,1,3,up,2005,linked_wife_share
Hamirpur_Muskra.obc,6,4,2,up,2005,linked_wife_share
Hamirpur_Raath.obc,3,2,1,up,2005,linked_wife_share
Hamirpur_Sarila.obc,7,4,3,up,2005,linked_wife_share
Hamirpur_Sumerpur.obc,7,5,2,up,2005,linked_wife_share
Hardoi_Ahirorhi.obc,17,6,11,up,2005,linked_wife_share
Hardoi_Barkhani.obc,8,2,6,up,2005,linked_wife_share
Hardoi_Bawan.obc,8,3,5,up,2005,linked_wife_share
Hardoi_Benhadar.obc,8,3,5,up,2005,linked_wife_share
Hardoi_Bharawan.obc,11,5,6,up,2005,linked_wife_share
Hardoi_Bilgraam.obc,16,6,10,up,2005,linked_wife_share
Hardoi_Hariyawan.obc,8,5,3,up,2005,linked_wife_share
Hardoi_Harpalpur.obc,9,2,7,up,2005,linked_wife_share
Hardoi_Kachauna.obc,5,2,3,up,2005,linked_wife_share
Hardoi_Kothawan.obc,11,3,8,up,2005,linked_wife_share
Hardoi_Madhauganj.obc,11,3,8,up,2005,linked_wife_share
Hardoi_Mallawan.obc,5,1,4,up,2005,linked_wife_share
Hardoi_Pihani.obc,11,3,8,up,2005,linked_wife_share
Hardoi_Sandi.obc,8,3,5,up,2005,linked_wife_share
Hardoi_Sandila.obc,8,3,5,up,2005,linked_wife_share
Hardoi_Shahabaad.obc,8,3,5,up,2005,linked_wife_share
Hardoi_Surusa.obc,10,3,7,up,2005,linked_wife_share
Hardoi_Tadiyawan.obc,10,3,7,up,2005,linked_wife_share
Hardoi_Todarpur.obc,7,0,7,up,2005,linked_wife_share
Hathras_Hasayan.obc,12,7,5,up,2005,linked_wife_share
Hathras_Mursan.obc,13,6,7,up,2005,linked_wife_share
Hathras_Sadabad.obc,13,9,4,up,2005,linked_wife_share
Hathras_Sahpau.obc,11,7,4,up,2005,linked_wife_share
Hathras_Sasni.obc,11,8,3,up,2005,linked_wife_share
Hathras_Sikandra Rao.obc,9,4,5,up,2005,linked_wife_share
Itawah_Badh. Pura.obc,7,3,4,up,2005,linked_wife_share
Itawah_Basrehar.obc,8,3,5,up,2005,linked_wife_share
Itawah_Bharathana.obc,14,7,7,up,2005,linked_wife_share
Itawah_Chakarnagar.obc,9,4,5,up,2005,linked_wife_share
Itawah_Jaswantnagar.obc,11,5,6,up,2005,linked_wife_share
Itawah_Mahewa.obc,12,5,7,up,2005,linked_wife_share
Itawah_Saifai.obc,9,5,4,up,2005,linked_wife_share
Itawah_Takha.obc,3,2,1,up,2005,linked_wife_share
Jalaun_Dakor.obc,10,5,5,up,2005,linked_wife_share
Jalaun_Jalaun.obc,12,7,5,up,2005,linked_wife_share
Jalaun_Kadoura.obc,11,7,4,up,2005,linked_wife_share
Jalaun_Kochan.obc,13,0,13,up,2005,linked_wife_share
Jalaun_Kuthound.obc,12,4,8,up,2005,linked_wife_share
Jalaun_Mahewa.obc,8,5,3,up,2005,linked_wife_share
Jalaun_Nadigaon.obc,8,4,4,up,2005,linked_wife_share
Jalaun_Rampura.obc,9,4,5,up,2005,linked_wife_share
Jaunpur_Badlapur.obc,15,9,6,up,2005,linked_wife_share
Jaunpur_Buxa.obc,4,3,1,up,2005,linked_wife_share
Jaunpur_Dobhi.obc,2,1,1,up,2005,linked_wife_share
Jaunpur_Karanja Kala.obc,1,0,1,up,2005,linked_wife_share
Jaunpur_Kerakat.obc,1,0,1,up,2005,linked_wife_share
Jaunpur_Khutahan.obc,8,3,5,up,2005,linked_wife_share
Jaunpur_Machhalishahr.obc,2,2,0,up,2005,linked_wife_share
Jaunpur_Madiyahu.obc,1,0,1,up,2005,linked_wife_share
Jaunpur_Maharajganj.obc,17,14,3,up,2005,linked_wife_share
Jaunpur_Rampur.obc,1,1,0,up,2005,linked_wife_share
Jaunpur_Shahganj Sodhi.obc,7,5,2,up,2005,linked_wife_share
Jaunpur_Sikarara.obc,1,0,1,up,2005,linked_wife_share
Jaunpur_Srikoni.obc,1,1,0,up,2005,linked_wife_share
Jaunpur_Suitha Kala.obc,8,6,2,up,2005,linked_wife_share
Jhanshi_Babina.obc,13,8,5,up,2005,linked_wife_share
Jhanshi_Badagaon.obc,5,3,2,up,2005,linked_wife_share
Jhanshi_Bamour.obc,8,6,2,up,2005,linked_wife_share
Jhanshi_Chirgaon.obc,8,5,3,up,2005,linked_wife_share
Jhanshi_Moth.obc,13,7,6,up,2005,linked_wife_share
Kannauj_Chhibramau.obc,16,11,5,up,2005,linked_wife_share
Kannauj_Gugapur.obc,5,2,3,up,2005,linked_wife_share
Kannauj_Haseran.obc,7,3,4,up,2005,linked_wife_share
Kannauj_Jalalabad.obc,5,4,1,up,2005,linked_wife_share
Kannauj_Kannauj.obc,13,9,4,up,2005,linked_wife_share
Kannauj_Saurkh.obc,9,7,2,up,2005,linked_wife_share
Kannauj_Umarda.obc,15,10,5,up,2005,linked_wife_share
Kanpur Nagar_Bhitar Gaon.obc,12,8,4,up,2005,linked_wife_share
Kanpur Nagar_Bilhaur.obc,10,6,4,up,2005,linked_wife_share
Kanpur Nagar_Chaubepur.obc,9,5,4,up,2005,linked_wife_share
Kanpur Nagar_Ghatampur.obc,9,8,1,up,2005,linked_wife_share
Kanpur Nagar_Kakwan.obc,6,4,2,up,2005,linked_wife_share
Kanpur Nagar_Kalyanpur.obc,6,1,5,up,2005,linked_wife_share
Kanpur Nagar_Patara.obc,11,4,7,up,2005,linked_wife_share
Kanpur Nagar_Sarasaul.obc,6,2,4,up,2005,linked_wife_share
Kanpur Nagar_Shivrajpur.obc,16,8,8,up,2005,linked_wife_share
Kanpur Nagar_Vidhnu.obc,7,5,2,up,2005,linked_wife_share
Kaushambi_Chayal.obc,3,3,0,up,2005,linked_wife_share
Kaushambi_Kara.obc,10,7,3,up,2005,linked_wife_share
Kaushambi_Kaushambi.obc,11,9,2,up,2005,linked_wife_share
Kaushambi_Manjhanpur.obc,9,7,2,up,2005,linked_wife_share
Kaushambi_Muratganj.obc,8,5,3,up,2005,linked_wife_share
Kaushambi_NEWADA.obc,10,5,5,up,2005,linked_wife_share
Kaushambi_Sarsawa.obc,6,5,1,up,2005,linked_wife_share
Kaushambi_Sirathu.obc,16,8,8,up,2005,linked_wife_share
Kushinagar_Fazilnagar.obc,12,7,5,up,2005,linked_wife_share
Kushinagar_Hata.obc,11,8,3,up,2005,linked_wife_share
Kushinagar_Kaptaiganj.obc,11,6,5,up,2005,linked_wife_share
Kushinagar_Kasaya.obc,5,4,1,up,2005,linked_wife_share
Kushinagar_Khadda.obc,12,7,5,up,2005,linked_wife_share
Kushinagar_Moti Chak.obc,12,8,4,up,2005,linked_wife_share
Kushinagar_Nebua Naurangia.obc,8,5,3,up,2005,linked_wife_share
Kushinagar_Padrauna.obc,12,7,5,up,2005,linked_wife_share
Kushinagar_Ramkola.obc,8,7,1,up,2005,linked_wife_share
Kushinagar_Sewarhi.obc,8,4,4,up,2005,linked_wife_share
Kushinagar_Sukaroli.obc,3,3,0,up,2005,linked_wife_share
Kushinagar_Tamkuhiraj.obc,7,6,1,up,2005,linked_wife_share
Kushinagar_Vishunpura.obc,10,7,3,up,2005,linked_wife_share
Lakhimpur Khiri_Bankeganj.obc,7,6,1,up,2005,linked_wife_share
Lakhimpur Khiri_Bijua.obc,15,13,2,up,2005,linked_wife_share
Lakhimpur Khiri_Dhaurhara.obc,8,4,4,up,2005,linked_wife_share
Lakhimpur Khiri_Gola ( Kumbhi ).obc,13,8,5,up,2005,linked_wife_share
Lakhimpur Khiri_Isanagar.obc,14,10,4,up,2005,linked_wife_share
Lakhimpur Khiri_Lakhimpur.obc,10,5,5,up,2005,linked_wife_share
Lakhimpur Khiri_Mitauli.obc,16,12,4,up,2005,linked_wife_share
Lakhimpur Khiri_Mohammadi.obc,16,10,6,up,2005,linked_wife_share
Lakhimpur Khiri_Nakha.obc,8,3,5,up,2005,linked_wife_share
Lakhimpur Khiri_Nighasan.obc,11,8,3,up,2005,linked_wife_share
Lakhimpur Khiri_Palia.obc,9,6,3,up,2005,linked_wife_share
Lakhimpur Khiri_Pasgawan.obc,22,16,6,up,2005,linked_wife_share
Lakhimpur Khiri_Phoolbehad.obc,11,7,4,up,2005,linked_wife_share
Lakhimpur Khiri_Ramiyabehar.obc,9,5,4,up,2005,linked_wife_share
Lalitpur_Baar.obc,7,6,1,up,2005,linked_wife_share
Lalitpur_Jakhaura.obc,14,5,9,up,2005,linked_wife_share
Lalitpur_Madawara.obc,10,4,6,up,2005,linked_wife_share
Lalitpur_Mahrauni.obc,10,7,3,up,2005,linked_wife_share
Lalitpur_Talbehat.obc,5,2,3,up,2005,linked_wife_share
Lalitpur_Virddha.obc,8,5,3,up,2005,linked_wife_share
Maharajganj_Brajamangnaj.obc,10,6,4,up,2005,linked_wife_share
Maharajganj_Dhani.obc,5,3,2,up,2005,linked_wife_share
Maharajganj_Ferenda.obc,12,7,5,up,2005,linked_wife_share
Maharajganj_Ghughli.obc,7,6,1,up,2005,linked_wife_share
Maharajganj_Lakshmipur.obc,10,6,4,up,2005,linked_wife_share
Maharajganj_Maharajganj Sadar.obc,8,5,3,up,2005,linked_wife_share
Maharajganj_Mithoura.obc,11,6,5,up,2005,linked_wife_share
Maharajganj_Nautanwa.obc,7,5,2,up,2005,linked_wife_share
Maharajganj_Nichlaul.obc,15,9,6,up,2005,linked_wife_share
Maharajganj_Paniyara.obc,8,5,3,up,2005,linked_wife_share
Maharajganj_Partawal.obc,13,9,4,up,2005,linked_wife_share
Maharajganj_Siswa Bazar.obc,7,5,2,up,2005,linked_wife_share
Mahoba_Charkhari.obc,7,5,2,up,2005,linked_wife_share
Mahoba_Jaitpur.obc,3,2,1,up,2005,linked_wife_share
Mahoba_Kabrai.obc,9,7,2,up,2005,linked_wife_share
Mainpuri_Barnahal.obc,10,4,6,up,2005,linked_wife_share
Mainpuri_Bebar.obc,15,8,7,up,2005,linked_wife_share
Mainpuri_Ghiror.obc,11,7,4,up,2005,linked_wife_share
Mainpuri_Jagir.obc,9,5,4,up,2005,linked_wife_share
Mainpuri_Karhal.obc,10,6,4,up,2005,linked_wife_share
Mainpuri_Kurawli.obc,8,4,4,up,2005,linked_wife_share
Mainpuri_Mainpuri.obc,10,4,6,up,2005,linked_wife_share
Mainpuri_Sultanganj.obc,14,6,8,up,2005,linked_wife_share
Mau_Baragaon.obc,9,4,5,up,2005,linked_wife_share
Mau_Dohrighat.obc,12,8,4,up,2005,linked_wife_share
Mau_Ghosi.obc,10,6,4,up,2005,linked_wife_share
Mau_Kopaganj.obc,10,6,4,up,2005,linked_wife_share
Mau_Muhammadabad.obc,8,5,3,up,2005,linked_wife_share
Mau_Pardha.obc,3,3,0,up,2005,linked_wife_share
Mau_Ranipur.obc,9,6,3,up,2005,linked_wife_share
Mau_Ratanpura.obc,7,4,3,up,2005,linked_wife_share
Mirzapur_Chhaanbe.obc,11,8,3,up,2005,linked_wife_share
Mirzapur_Halia.obc,15,7,8,up,2005,linked_wife_share
Mirzapur_Kon ( Cheelha ).obc,10,7,3,up,2005,linked_wife_share
Mirzapur_Lalganj.obc,10,4,6,up,2005,linked_wife_share
Mirzapur_Majhwan.obc,3,3,0,up,2005,linked_wife_share
Mirzapur_Narayanpur.obc,14,11,3,up,2005,linked_wife_share
Mirzapur_Pahadi.obc,7,2,5,up,2005,linked_wife_share
Mirzapur_Rajgarh.obc,17,13,4,up,2005,linked_wife_share
Mirzapur_Seekhar.obc,5,3,2,up,2005,linked_wife_share
Muradabad_Asamoli.obc,5,3,2,up,2005,linked_wife_share
Muradabad_Bahjoi.obc,2,2,0,up,2005,linked_wife_share
Muradabad_Bilari.obc,8,5,3,up,2005,linked_wife_share
Muradabad_Chhajlait.obc,3,2,1,up,2005,linked_wife_share
Muradabad_Dilari.obc,12,9,3,up,2005,linked_wife_share
Muradabad_Dingerpur (Kunderki).obc,16,11,5,up,2005,linked_wife_share
Muradabad_Mudhaa Pandey.obc,12,8,4,up,2005,linked_wife_share
Muradabad_Muradabad.obc,7,5,2,up,2005,linked_wife_share
Muradabad_Panwasa.obc,9,6,3,up,2005,linked_wife_share
Muradabad_Sambhal.obc,11,7,4,up,2005,linked_wife_share
Muradabad_Thakurdwara.obc,10,8,2,up,2005,linked_wife_share
Muzzafarnagar_Baghra.obc,5,2,3,up,2005,linked_wife_share
Muzzafarnagar_Budhana.obc,3,3,0,up,2005,linked_wife_share
Muzzafarnagar_Charthaawal.obc,5,5,0,up,2005,linked_wife_share
Muzzafarnagar_Jansath.obc,3,0,3,up,2005,linked_wife_share
Muzzafarnagar_Kairana.obc,5,2,3,up,2005,linked_wife_share
Muzzafarnagar_Kandla.obc,6,3,3,up,2005,linked_wife_share
Muzzafarnagar_Khatauli.obc,9,7,2,up,2005,linked_wife_share
Muzzafarnagar_Morna.obc,5,1,4,up,2005,linked_wife_share
Muzzafarnagar_Purkaji.obc,7,3,4,up,2005,linked_wife_share
Muzzafarnagar_Sadar.obc,3,2,1,up,2005,linked_wife_share
Muzzafarnagar_Shahpur.obc,4,2,2,up,2005,linked_wife_share
Muzzafarnagar_Shamli.obc,5,3,2,up,2005,linked_wife_share
Muzzafarnagar_Un.obc,7,5,2,up,2005,linked_wife_share
Pilibhit_Amariya.obc,12,6,6,up,2005,linked_wife_share
Pilibhit_Barkheda.obc,15,11,4,up,2005,linked_wife_share
Pilibhit_Bilsanda.obc,16,14,2,up,2005,linked_wife_share
Pilibhit_Bisalpur.obc,13,9,4,up,2005,linked_wife_share
Pilibhit_Lalauri Kheda.obc,11,7,4,up,2005,linked_wife_share
Pilibhit_Marauri.obc,10,6,4,up,2005,linked_wife_share
Pilibhit_Purnanpur.obc,13,13,0,up,2005,linked_wife_share
Pratapgarh_Baabaa Belkharnath Dhaam.obc,13,8,5,up,2005,linked_wife_share
Pratapgarh_Baabaganj.obc,12,8,4,up,2005,linked_wife_share
Pratapgarh_Bihar.obc,13,4,9,up,2005,linked_wife_share
Pratapgarh_Gaura.obc,8,7,1,up,2005,linked_wife_share
Pratapgarh_Kalakankar.obc,8,5,3,up,2005,linked_wife_share
Pratapgarh_Kunda.obc,14,8,6,up,2005,linked_wife_share
Pratapgarh_Lakshmanpur.obc,12,7,5,up,2005,linked_wife_share
Pratapgarh_Lalganj.obc,6,5,1,up,2005,linked_wife_share
Pratapgarh_Magraura.obc,14,4,10,up,2005,linked_wife_share
Pratapgarh_Mandhaata.obc,5,3,2,up,2005,linked_wife_share
Pratapgarh_Patti.obc,9,7,2,up,2005,linked_wife_share
Pratapgarh_Sadar.obc,7,5,2,up,2005,linked_wife_share
Pratapgarh_Sandwaa Chandrika.obc,10,7,3,up,2005,linked_wife_share
Pratapgarh_Sangipur.obc,12,7,5,up,2005,linked_wife_share
Pratapgarh_Shivgarh.obc,7,5,2,up,2005,linked_wife_share
Rae bareli_Amawan.obc,8,4,4,up,2005,linked_wife_share
Rae bareli_Bachhrawan.obc,11,4,7,up,2005,linked_wife_share
Rae bareli_Dalmau.obc,11,6,5,up,2005,linked_wife_share
Rae bareli_Deenshaahgaura.obc,8,4,4,up,2005,linked_wife_share
Rae bareli_Harchandpur.obc,6,3,3,up,2005,linked_wife_share
Rae bareli_Khiro.obc,11,5,6,up,2005,linked_wife_share
Rae bareli_Lalganj.obc,8,6,2,up,2005,linked_wife_share
Rae bareli_Maharajganj.obc,5,4,1,up,2005,linked_wife_share
Rae bareli_Rahi.obc,13,8,5,up,2005,linked_wife_share
Rae bareli_Rohanea.obc,2,1,1,up,2005,linked_wife_share
Rae bareli_Sareni.obc,16,9,7,up,2005,linked_wife_share
Rae bareli_Sataon.obc,6,3,3,up,2005,linked_wife_share
Rae bareli_Shivgarh.obc,6,4,2,up,2005,linked_wife_share
Rae bareli_Unchahaar.obc,4,1,3,up,2005,linked_wife_share
Rampur_Bilaaspur.obc,20,13,7,up,2005,linked_wife_share
Rampur_Milk.obc,23,19,4,up,2005,linked_wife_share
Rampur_Saidnagar.obc,8,7,1,up,2005,linked_wife_share
Saharanpur_Baliyakhedi.obc,13,11,2,up,2005,linked_wife_share
Saharanpur_Devbanda.obc,13,7,6,up,2005,linked_wife_share
Saharanpur_Gangoh.obc,11,7,4,up,2005,linked_wife_share
Saharanpur_Muzaffarabad.obc,12,4,8,up,2005,linked_wife_share
Saharanpur_Nagal.obc,9,5,4,up,2005,linked_wife_share
Saharanpur_Nakud.obc,11,7,4,up,2005,linked_wife_share
Saharanpur_Rampur Maniharan.obc,10,8,2,up,2005,linked_wife_share
Saharanpur_Sarsawa.obc,13,9,4,up,2005,linked_wife_share
Sant Kabeer Nagar_Baghauli.obc,17,11,6,up,2005,linked_wife_share
Sant Kabeer Nagar_Belhar Kala.obc,7,5,2,up,2005,linked_wife_share
Sant Kabeer Nagar_Khalilabad.obc,8,5,3,up,2005,linked_wife_share
Sant Kabeer Nagar_Mehdawal.obc,9,5,4,up,2005,linked_wife_share
Sant Kabeer Nagar_Nathnagar.obc,15,11,4,up,2005,linked_wife_share
Sant Kabeer Nagar_Pauli.obc,3,2,1,up,2005,linked_wife_share
Sant Kabeer Nagar_Sautha.obc,3,3,0,up,2005,linked_wife_share
Sant Kabeer Nagar_Semriyawa.obc,14,10,4,up,2005,linked_wife_share
Sant Ravidas Nagar_Abholi.obc,11,7,4,up,2005,linked_wife_share
Sant Ravidas Nagar_Aurain.obc,27,12,15,up,2005,linked_wife_share
Sant Ravidas Nagar_Bhadohi.obc,11,8,3,up,2005,linked_wife_share
Sant Ravidas Nagar_Deegh.obc,10,6,4,up,2005,linked_wife_share
Sant Ravidas Nagar_Gyanpur.obc,11,7,4,up,2005,linked_wife_share
Sant Ravidas Nagar_Suriyawan.obc,11,9,2,up,2005,linked_wife_share
Shravasti_Gilola.obc,13,10,3,up,2005,linked_wife_share
Shravasti_Hariharpur Rani.obc,7,4,3,up,2005,linked_wife_share
Shravasti_Ikouna.obc,12,7,5,up,2005,linked_wife_share
Shravasti_Jamunha.obc,14,9,5,up,2005,linked_wife_share
Shravasti_Sirsia.obc,16,11,5,up,2005,linked_wife_share
Siddharth Nagar_Badhni.obc,8,7,1,up,2005,linked_wife_share
Siddharth Nagar_Bansi.obc,10,6,4,up,2005,linked_wife_share
Siddharth Nagar_Bhanwaapur.obc,13,6,7,up,2005,linked_wife_share
Siddharth Nagar_Dumriaganj.obc,19,10,9,up,2005,linked_wife_share
Siddharth Nagar_Itwa.obc,13,10,3,up,2005,linked_wife_share
Siddharth Nagar_Jogiya.obc,10,5,5,up,2005,linked_wife_share
Siddharth Nagar_Khesarha.obc,19,7,12,up,2005,linked_wife_share
Siddharth Nagar_Khuniyav.obc,8,6,2,up,2005,linked_wife_share
Siddharth Nagar_Lotan Bazar.obc,9,7,2,up,2005,linked_wife_share
Siddharth Nagar_Mithwal.obc,15,9,6,up,2005,linked_wife_share
Siddharth Nagar_Naugadh.obc,9,7,2,up,2005,linked_wife_share
Siddharth Nagar_Shohratgarh.obc,7,6,1,up,2005,linked_wife_share
Siddharth Nagar_UskaBazar.obc,7,6,1,up,2005,linked_wife_share
Sitapur_Ailiya.obc,18,10,8,up,2005,linked_wife_share
Sitapur_Behata.obc,11,7,4,up,2005,linked_wife_share
Sitapur_Biswan.obc,18,14,4,up,2005,linked_wife_share
Sitapur_Gondlamau.obc,8,5,3,up,2005,linked_wife_share
Sitapur_Hargaon.obc,14,6,8,up,2005,linked_wife_share
Sitapur_Kasmanda.obc,11,7,4,up,2005,linked_wife_share
Sitapur_Khairbad.obc,11,9,2,up,2005,linked_wife_share
Sitapur_Laharpur.obc,11,6,5,up,2005,linked_wife_share
Sitapur_Machhrehta.obc,13,9,4,up,2005,linked_wife_share
Sitapur_Mahmudabad.obc,11,8,3,up,2005,linked_wife_share
Sitapur_Maholi.obc,14,8,6,up,2005,linked_wife_share
Sitapur_Mishrikh.obc,13,5,8,up,2005,linked_wife_share
Sitapur_Pahala.obc,18,7,11,up,2005,linked_wife_share
Sitapur_Parsendi.obc,16,10,6,up,2005,linked_wife_share
Sitapur_Pisawan.obc,15,5,10,up,2005,linked_wife_share
Sitapur_Rampurmathura.obc,9,8,1,up,2005,linked_wife_share
Sitapur_Reusaa.obc,13,8,5,up,2005,linked_wife_share
Sitapur_Sakran.obc,13,9,4,up,2005,linked_wife_share
Sitapur_Sidhauli.obc,9,6,3,up,2005,linked_wife_share
Sonbhadra_Chatra.obc,8,4,4,up,2005,linked_wife_share
Sonbhadra_Chopan.obc,3,2,1,up,2005,linked_wife_share
Sonbhadra_Duddhi.obc,7,5,2,up,2005,linked_wife_share
Sonbhadra_Ghorawal.obc,11,8,3,up,2005,linked_wife_share
Sonbhadra_Myorpur.obc,14,5,9,up,2005,linked_wife_share
Sonbhadra_Nagwan.obc,6,3,3,up,2005,linked_wife_share
Sonbhadra_Robertsganj.obc,9,6,3,up,2005,linked_wife_share
Sonbhadra_Vabhni.obc,3,1,2,up,2005,linked_wife_share
Sultanpur_Akhandnagar.obc,13,7,6,up,2005,linked_wife_share
Sultanpur_Baldirai.obc,8,6,2,up,2005,linked_wife_share
Sultanpur_Bhaiyya.obc,11,8,3,up,2005,linked_wife_share
Sultanpur_Dhanpat Ganj.obc,13,8,5,up,2005,linked_wife_share
Sultanpur_Doobepur.obc,19,13,6,up,2005,linked_wife_share
Sultanpur_Dostpur.obc,4,2,2,up,2005,linked_wife_share
Sultanpur_Jaisinghpur.obc,11,6,5,up,2005,linked_wife_share
Sultanpur_Kadipur.obc,6,5,1,up,2005,linked_wife_share
Sultanpur_Kudebhar.obc,8,7,1,up,2005,linked_wife_share
Sultanpur_Kudwar.obc,5,4,1,up,2005,linked_wife_share
Sultanpur_Lambhua.obc,12,11,1,up,2005,linked_wife_share
Sultanpur_Motigarpur.obc,7,5,2,up,2005,linked_wife_share
Sultanpur_Pratappur Kemaicha.obc,8,5,3,up,2005,linked_wife_share
Unnao_Asoha.obc,14,9,5,up,2005,linked_wife_share
Unnao_Auras.obc,13,8,5,up,2005,linked_wife_share
Unnao_Bangarmau.obc,6,4,2,up,2005,linked_wife_share
Unnao_Bichiya.obc,12,10,2,up,2005,linked_wife_share
Unnao_Bighapur.obc,11,7,4,up,2005,linked_wife_share
Unnao_Fatehpur Chaurasi.obc,8,5,3,up,2005,linked_wife_share
Unnao_Hasan ganj.obc,17,6,11,up,2005,linked_wife_share
Unnao_Hilauli.obc,7,5,2,up,2005,linked_wife_share
Unnao_Nawabganj.obc,18,10,8,up,2005,linked_wife_share
Unnao_Purwa.obc,10,8,2,up,2005,linked_wife_share
Unnao_Safipur.obc,11,8,3,up,2005,linked_wife_share
Unnao_Si. Sirosi.obc,12,5,7,up,2005,linked_wife_share
Unnao_Sikandarpur Karan.obc,12,7,5,up,2005,linked_wife_share
Unnao_Sumerpur.obc,12,9,3,up,2005,linked_wife_share
Varanasi_Araji Lines.obc,19,12,7,up,2005,linked_wife_share
Varanasi_Badagaon.obc,15,6,9,up,2005,linked_wife_share
Varanasi_Chiraigaon.obc,6,2,4,up,2005,linked_wife_share
Varanasi_Cholapur.obc,12,6,6,up,2005,linked_wife_share
Varanasi_Harhua.obc,12,6,6,up,2005,linked_wife_share
Varanasi_Kashividyapeeth.obc,9,5,4,up,2005,linked_wife_share
Varanasi_Pindra.obc,22,16,6,up,2005,linked_wife_share
Varanasi_Sewapuri.obc,15,10,5,up,2005,linked_wife_share
Agra_Achnera.sc,5,2,3,up,2005,linked_wife_share
Agra_Akolaa.sc,4,2,2,up,2005,linked_wife_share
Agra_Bah.sc,9,2,7,up,2005,linked_wife_share
Agra_Baroli Ahir.sc,5,2,3,up,2005,linked_wife_share
Agra_Bichpuri.sc,3,1,2,up,2005,linked_wife_share
Agra_Etmaadpur.sc,8,2,6,up,2005,linked_wife_share
Agra_Fatehabad.sc,4,1,3,up,2005,linked_wife_share
Agra_Fatehpur Seekri.sc,5,2,3,up,2005,linked_wife_share
Agra_Jagner.sc,3,1,2,up,2005,linked_wife_share
Agra_Khandoli.sc,5,2,3,up,2005,linked_wife_share
Agra_Pinahat.sc,5,2,3,up,2005,linked_wife_share
Agra_Shamshabaad.sc,4,0,4,up,2005,linked_wife_share
Ambedkar Nagar_Akbarpur.sc,17,6,11,up,2005,linked_wife_share
Ambedkar Nagar_Basakhari.sc,9,3,6,up,2005,linked_wife_share
Ambedkar Nagar_Bhiti.sc,8,3,5,up,2005,linked_wife_share
Ambedkar Nagar_Jahangirganj.sc,7,2,5,up,2005,linked_wife_share
Ambedkar Nagar_Jalalpur.sc,13,7,6,up,2005,linked_wife_share
Ambedkar Nagar_Katehri.sc,12,2,10,up,2005,linked_wife_share
Ambedkar Nagar_Miyan.sc,17,6,11,up,2005,linked_wife_share
Ambedkar Nagar_Ramnagar.sc,18,7,11,up,2005,linked_wife_share
Ambedkar Nagar_Tanda.sc,16,5,11,up,2005,linked_wife_share
Auraiya_Achhaldaa.sc,8,2,6,up,2005,linked_wife_share
Auraiya_Ajitmal.sc,10,3,7,up,2005,linked_wife_share
Auraiya_Auraiya.sc,15,9,6,up,2005,linked_wife_share
Auraiya_Bhagyanagar.sc,12,4,8,up,2005,linked_wife_share
Auraiya_Eva Katra.sc,6,2,4,up,2005,linked_wife_share
Auraiya_Sahar.sc,13,4,9,up,2005,linked_wife_share
Auraiya_Vidhuna.sc,12,7,5,up,2005,linked_wife_share
Bagpat_Bagpat.sc,4,2,2,up,2005,linked_wife_share
Bagpat_Baraut.sc,3,1,2,up,2005,linked_wife_share
Bagpat_Chhaparauli.sc,1,0,1,up,2005,linked_wife_share
Bagpat_Khekhada.sc,3,0,3,up,2005,linked_wife_share
Bagpat_Pilana.sc,4,1,3,up,2005,linked_wife_share
Bahraich_Balha.sc,3,0,3,up,2005,linked_wife_share
Bahraich_Fakhrpur.sc,4,1,3,up,2005,linked_wife_share
Bahraich_Huzurpur.sc,6,3,3,up,2005,linked_wife_share
Bahraich_Jarwal.sc,6,3,3,up,2005,linked_wife_share
Bahraich_Kaiserganj.sc,4,1,3,up,2005,linked_wife_share
Bahraich_Mahsi.sc,7,2,5,up,2005,linked_wife_share
Bahraich_Mihipurwa.sc,8,3,5,up,2005,linked_wife_share
Bahraich_Nawabganj.sc,6,2,4,up,2005,linked_wife_share
Bahraich_Prayagpur.sc,10,3,7,up,2005,linked_wife_share
Bahraich_Risia.sc,8,3,5,up,2005,linked_wife_share
Bahraich_Shivpur.sc,6,2,4,up,2005,linked_wife_share
Bahraich_Tajwapur.sc,8,2,6,up,2005,linked_wife_share
Bahraich_Visheshwarganj.sc,10,3,7,up,2005,linked_wife_share
Baliya_Baasadeeh.sc,2,0,2,up,2005,linked_wife_share
Baliya_Bairiya.sc,3,1,2,up,2005,linked_wife_share
Baliya_Belhari.sc,3,1,2,up,2005,linked_wife_share
Baliya_Berua Bari.sc,1,1,0,up,2005,linked_wife_share
Baliya_Chilakhar.sc,7,2,5,up,2005,linked_wife_share
Baliya_Gadwar.sc,6,1,5,up,2005,linked_wife_share
Baliya_Hanumanganj.sc,4,2,2,up,2005,linked_wife_share
Baliya_Maniyar.sc,5,2,3,up,2005,linked_wife_share
Baliya_Murli Chappa.sc,3,1,2,up,2005,linked_wife_share
Baliya_Nagra.sc,11,7,4,up,2005,linked_wife_share
Baliya_Nawanagar.sc,5,3,2,up,2005,linked_wife_share
Baliya_Pandah.sc,6,2,4,up,2005,linked_wife_share
Baliya_Rasra.sc,14,6,8,up,2005,linked_wife_share
Baliya_Revti.sc,2,1,1,up,2005,linked_wife_share
Baliya_Sier.sc,10,4,6,up,2005,linked_wife_share
Baliya_Sohaon.sc,6,2,4,up,2005,linked_wife_share
Balrampur_Balrampur.sc,11,2,9,up,2005,linked_wife_share
Balrampur_Gaidas Buzurg.sc,3,1,2,up,2005,linked_wife_share
Balrampur_Gainsadi.sc,10,2,8,up,2005,linked_wife_share
Balrampur_Hariya Satgharwa.sc,9,2,7,up,2005,linked_wife_share
Balrampur_Pachpedwa.sc,8,3,5,up,2005,linked_wife_share
Balrampur_Rehra Bazar.sc,6,2,4,up,2005,linked_wife_share
Balrampur_Shridattganj.sc,4,1,3,up,2005,linked_wife_share
Balrampur_Tulsipur.sc,7,0,7,up,2005,linked_wife_share
Balrampur_Utraula.sc,4,1,3,up,2005,linked_wife_share
Banda_Baberu.sc,11,3,8,up,2005,linked_wife_share
Banda_Barokhar Khurd.sc,7,2,5,up,2005,linked_wife_share
Banda_Bissanda.sc,10,3,7,up,2005,linked_wife_share
Banda_Jaspura.sc,2,1,1,up,2005,linked_wife_share
Banda_Kamasin.sc,6,2,4,up,2005,linked_wife_share
Banda_Mahua.sc,13,5,8,up,2005,linked_wife_share
Banda_Narani.sc,9,3,6,up,2005,linked_wife_share
Banda_Tindwaari.sc,6,1,5,up,2005,linked_wife_share
Barabanki_Banikoder.sc,13,4,9,up,2005,linked_wife_share
Barabanki_Banki.sc,6,3,3,up,2005,linked_wife_share
Barabanki_Dariyabad.sc,13,4,9,up,2005,linked_wife_share
Barabanki_Dewan.sc,11,2,9,up,2005,linked_wife_share
Barabanki_Haidarganj.sc,18,6,12,up,2005,linked_wife_share
Barabanki_Harakh.sc,9,4,5,up,2005,linked_wife_share
Barabanki_masauli.sc,6,1,5,up,2005,linked_wife_share
Barabanki_Nindur.sc,15,5,10,up,2005,linked_wife_share
Barabanki_Puredlai.sc,10,2,8,up,2005,linked_wife_share
Barabanki_Ramnagar.sc,14,5,9,up,2005,linked_wife_share
Barabanki_Siddhaur.sc,13,5,8,up,2005,linked_wife_share
Barabanki_Sirauli Gauspur.sc,13,5,8,up,2005,linked_wife_share
Barabanki_Suratganj.sc,8,2,6,up,2005,linked_wife_share
Barabanki_Trivediganj.sc,10,2,8,up,2005,linked_wife_share
Bareilly_Alampur Jafrabaad.sc,9,4,5,up,2005,linked_wife_share
Bareilly_Bahedi.sc,9,3,6,up,2005,linked_wife_share
Bareilly_Bhadpura.sc,3,1,2,up,2005,linked_wife_share
Bareilly_Bhojipura.sc,6,3,3,up,2005,linked_wife_share
Bareilly_Bhuta.sc,12,6,6,up,2005,linked_wife_share
Bareilly_Damkhoda.sc,6,5,1,up,2005,linked_wife_share
Bareilly_Faridpur.sc,8,3,5,up,2005,linked_wife_share
Bareilly_Fatehganj ( P O ).sc,6,4,2,up,2005,linked_wife_share
Bareilly_Kyara.sc,1,1,0,up,2005,linked_wife_share
Bareilly_Majhgawan.sc,6,2,4,up,2005,linked_wife_share
Bareilly_Mirganj.sc,5,1,4,up,2005,linked_wife_share
Bareilly_Nawabganj.sc,6,3,3,up,2005,linked_wife_share
Bareilly_Shergarh.sc,3,2,1,up,2005,linked_wife_share
Basti_Bahadurpur.sc,10,4,6,up,2005,linked_wife_share
Basti_Bankati.sc,12,2,10,up,2005,linked_wife_share
Basti_Basti.sc,12,6,6,up,2005,linked_wife_share
Basti_Bikramjot.sc,10,4,6,up,2005,linked_wife_share
Basti_Dubaulia.sc,9,5,4,up,2005,linked_wife_share
Basti_Gour.sc,10,4,6,up,2005,linked_wife_share
Basti_Hareya.sc,11,5,6,up,2005,linked_wife_share
Basti_Kaptaiganj.sc,9,4,5,up,2005,linked_wife_share
Basti_Kudrah.sc,11,4,7,up,2005,linked_wife_share
Basti_Parsrampur.sc,8,5,3,up,2005,linked_wife_share
Basti_Ramnagar.sc,5,2,3,up,2005,linked_wife_share
Basti_Raudhauli.sc,8,2,6,up,2005,linked_wife_share
Basti_Saltoya Gopalpur.sc,9,4,5,up,2005,linked_wife_share
Basti_Saugahat.sc,11,6,5,up,2005,linked_wife_share
Bijnaur_Afzalgarah.sc,6,2,4,up,2005,linked_wife_share
Bijnaur_Haldaur.sc,11,6,5,up,2005,linked_wife_share
Bijnaur_Jalilpur.sc,12,6,6,up,2005,linked_wife_share
Bijnaur_Kiratpur.sc,7,4,3,up,2005,linked_wife_share
Bijnaur_Kotwali.sc,22,8,14,up,2005,linked_wife_share
Bijnaur_Mau Pur Devmal.sc,16,3,13,up,2005,linked_wife_share
Bijnaur_Najibabad.sc,16,6,10,up,2005,linked_wife_share
Bijnaur_Noorpur.sc,11,5,6,up,2005,linked_wife_share
Bijnaur_Syohara.sc,13,3,10,up,2005,linked_wife_share
Budaun_Gunnaur.sc,4,3,1,up,2005,linked_wife_share
Budaun_Junawai.sc,3,2,1,up,2005,linked_wife_share
Bulandshahr_Agauta.sc,5,1,4,up,2005,linked_wife_share
Bulandshahr_Anupshahr.sc,5,2,3,up,2005,linked_wife_share
Bulandshahr_Arniyaan.sc,4,1,3,up,2005,linked_wife_share
Bulandshahr_B. B. Nagar.sc,2,0,2,up,2005,linked_wife_share
Bulandshahr_Bulandshahr.sc,6,3,3,up,2005,linked_wife_share
Bulandshahr_Danpur.sc,1,0,1,up,2005,linked_wife_share
Bulandshahr_Dibai.sc,2,0,2,up,2005,linked_wife_share
Bulandshahr_Gulawati.sc,3,0,3,up,2005,linked_wife_share
Bulandshahr_Jahangirabad.sc,3,0,3,up,2005,linked_wife_share
Bulandshahr_Khujra.sc,8,3,5,up,2005,linked_wife_share
Bulandshahr_Lakhauti.sc,5,2,3,up,2005,linked_wife_share
Bulandshahr_Pahasu.sc,2,0,2,up,2005,linked_wife_share
Bulandshahr_Shikarpur.sc,3,1,2,up,2005,linked_wife_share
Bulandshahr_Sikandrabad.sc,10,2,8,up,2005,linked_wife_share
Bulandshahr_Siyana.sc,4,1,3,up,2005,linked_wife_share
Bulandshahr_Unchagaon.sc,1,0,1,up,2005,linked_wife_share
Chandauli_Barhani.sc,6,2,4,up,2005,linked_wife_share
Chandauli_Chahniya.sc,13,3,10,up,2005,linked_wife_share
Chandauli_Chakia.sc,14,4,10,up,2005,linked_wife_share
Chandauli_Dhanapur.sc,2,0,2,up,2005,linked_wife_share
Chandauli_Naugadh.sc,3,2,1,up,2005,linked_wife_share
Chandauli_Niyamatabad.sc,5,3,2,up,2005,linked_wife_share
Chandauli_Sakaldeeha.sc,8,2,6,up,2005,linked_wife_share
Chandauli_Shahababganj.sc,8,3,5,up,2005,linked_wife_share
Chitrakoot_Karvi ( Chitrakut ).sc,9,3,6,up,2005,linked_wife_share
Chitrakoot_Manikpur.sc,11,4,7,up,2005,linked_wife_share
Chitrakoot_Mau.sc,9,3,6,up,2005,linked_wife_share
Chitrakoot_Pahadi.sc,15,5,10,up,2005,linked_wife_share
Chitrakoot_Ramnagar.sc,6,1,5,up,2005,linked_wife_share
Firozabad_Aaraon.sc,8,4,4,up,2005,linked_wife_share
Firozabad_Eka.sc,5,1,4,up,2005,linked_wife_share
Firozabad_Firozabad.sc,3,0,3,up,2005,linked_wife_share
Firozabad_Hathwant.sc,6,2,4,up,2005,linked_wife_share
Firozabad_Jasrana.sc,5,2,3,up,2005,linked_wife_share
Firozabad_Madanpur.sc,7,4,3,up,2005,linked_wife_share
Firozabad_Narkhi.sc,8,4,4,up,2005,linked_wife_share
Firozabad_Shikohabad.sc,5,2,3,up,2005,linked_wife_share
Firozabad_Tundla.sc,7,1,6,up,2005,linked_wife_share
Gautam Buddha Nagar_Dadri.sc,3,2,1,up,2005,linked_wife_share
Gautam Buddha Nagar_Jewar.sc,3,2,1,up,2005,linked_wife_share
Gautam Buddha Nagar_Visarkh.sc,2,1,1,up,2005,linked_wife_share
Ghaziabad_Bhojpur.sc,7,3,4,up,2005,linked_wife_share
Ghaziabad_Dhaulana.sc,7,2,5,up,2005,linked_wife_share
Ghaziabad_Garhmukteshwar.sc,4,1,3,up,2005,linked_wife_share
Ghaziabad_Hapur.sc,11,3,8,up,2005,linked_wife_share
Ghaziabad_Loni.sc,2,1,1,up,2005,linked_wife_share
Ghaziabad_Muradnagar.sc,7,3,4,up,2005,linked_wife_share
Ghaziabad_Rajapur.sc,4,1,3,up,2005,linked_wife_share
Ghaziabad_Simbhavli.sc,8,3,5,up,2005,linked_wife_share
Ghazipur_Barachwar.sc,11,3,8,up,2005,linked_wife_share
Ghazipur_Bhadaura.sc,2,0,2,up,2005,linked_wife_share
Ghazipur_Jakhniya.sc,13,5,8,up,2005,linked_wife_share
Ghazipur_Jamaniya.sc,5,1,4,up,2005,linked_wife_share
Ghazipur_Karanda.sc,4,2,2,up,2005,linked_wife_share
Ghazipur_Kasimabad.sc,12,3,9,up,2005,linked_wife_share
Ghazipur_Manihari.sc,12,4,8,up,2005,linked_wife_share
Ghazipur_Mardan.sc,11,4,7,up,2005,linked_wife_share
Ghazipur_Muhammadabad.sc,9,1,8,up,2005,linked_wife_share
Ghazipur_Revatipur.sc,4,1,3,up,2005,linked_wife_share
Ghazipur_Sadaat.sc,5,1,4,up,2005,linked_wife_share
Ghazipur_Sadar.sc,6,1,5,up,2005,linked_wife_share
Ghazipur_Saidpur.sc,9,4,5,up,2005,linked_wife_share
Ghazipur_Virano.sc,8,3,5,up,2005,linked_wife_share
Gonda_Belasar.sc,5,2,3,up,2005,linked_wife_share
Gonda_Bhabha njot.sc,2,1,1,up,2005,linked_wife_share
Gonda_Chhapia.sc,11,4,7,up,2005,linked_wife_share
Gonda_Etiyathok.sc,7,2,5,up,2005,linked_wife_share
Gonda_Haladharamuu.sc,6,2,4,up,2005,linked_wife_share
Gonda_Jhanjhari.sc,6,4,2,up,2005,linked_wife_share
Gonda_Karnailganj.sc,4,1,3,up,2005,linked_wife_share
Gonda_Katra Bazar.sc,9,4,5,up,2005,linked_wife_share
Gonda_Manakapur.sc,12,5,7,up,2005,linked_wife_share
Gonda_Mujehana.sc,7,3,4,up,2005,linked_wife_share
Gonda_Nawabganj.sc,7,3,4,up,2005,linked_wife_share
Gonda_Pandri Kripal.sc,8,3,5,up,2005,linked_wife_share
Gonda_Parsapur.sc,2,1,1,up,2005,linked_wife_share
Gonda_Rupaidih.sc,7,1,6,up,2005,linked_wife_share
Gonda_Tarabganj.sc,4,2,2,up,2005,linked_wife_share
Gonda_Wazirganj.sc,9,3,6,up,2005,linked_wife_share
Gorakhpur_Belghat.sc,15,6,9,up,2005,linked_wife_share
Gorakhpur_Bosagaon.sc,5,1,4,up,2005,linked_wife_share
Gorakhpur_Brahmpur.sc,4,3,1,up,2005,linked_wife_share
Gorakhpur_Chargaawon.sc,4,1,3,up,2005,linked_wife_share
Gorakhpur_Gagaha.sc,10,3,7,up,2005,linked_wife_share
Gorakhpur_Gola.sc,8,2,6,up,2005,linked_wife_share
Gorakhpur_J. O. Kauriya.sc,6,3,3,up,2005,linked_wife_share
Gorakhpur_Kauriram.sc,11,5,6,up,2005,linked_wife_share
Gorakhpur_Khajni.sc,11,6,5,up,2005,linked_wife_share
Gorakhpur_Khorabaar.sc,4,4,0,up,2005,linked_wife_share
Gorakhpur_Pali.sc,6,4,2,up,2005,linked_wife_share
Gorakhpur_Piparoli.sc,5,2,3,up,2005,linked_wife_share
Gorakhpur_Pipraich.sc,9,7,2,up,2005,linked_wife_share
Gorakhpur_Sardarnagar.sc,6,5,1,up,2005,linked_wife_share
Gorakhpur_Uruvaon.sc,14,3,11,up,2005,linked_wife_share
Hamirpur_Gohand.sc,5,3,2,up,2005,linked_wife_share
Hamirpur_Kurara.sc,3,3,0,up,2005,linked_wife_share
Hamirpur_Maudha.sc,6,4,2,up,2005,linked_wife_share
Hamirpur_Muskra.sc,6,3,3,up,2005,linked_wife_share
Hamirpur_Raath.sc,4,2,2,up,2005,linked_wife_share
Hamirpur_Sarila.sc,9,7,2,up,2005,linked_wife_share
Hamirpur_Sumerpur.sc,8,3,5,up,2005,linked_wife_share
Hardoi_Ahirorhi.sc,11,4,7,up,2005,linked_wife_share
Hardoi_Barkhani.sc,4,0,4,up,2005,linked_wife_share
Hardoi_Bawan.sc,9,4,5,up,2005,linked_wife_share
Hardoi_Benhadar.sc,11,4,7,up,2005,linked_wife_share
Hardoi_Bharawan.sc,10,2,8,up,2005,linked_wife_share
Hardoi_Bilgraam.sc,13,5,8,up,2005,linked_wife_share
Hardoi_Hariyawan.sc,8,4,4,up,2005,linked_wife_share
Hardoi_Harpalpur.sc,4,2,2,up,2005,linked_wife_share
Hardoi_Kachauna.sc,5,1,4,up,2005,linked_wife_share
Hardoi_Kothawan.sc,5,1,4,up,2005,linked_wife_share
Hardoi_Madhauganj.sc,9,4,5,up,2005,linked_wife_share
Hardoi_Mallawan.sc,8,3,5,up,2005,linked_wife_share
Hardoi_Pihani.sc,12,4,8,up,2005,linked_wife_share
Hardoi_Sandi.sc,5,3,2,up,2005,linked_wife_share
Hardoi_Sandila.sc,8,2,6,up,2005,linked_wife_share
Hardoi_Shahabaad.sc,10,2,8,up,2005,linked_wife_share
Hardoi_Surusa.sc,8,2,6,up,2005,linked_wife_share
Hardoi_Tadiyawan.sc,11,4,7,up,2005,linked_wife_share
Hardoi_Todarpur.sc,8,2,6,up,2005,linked_wife_share
Hathras_Hasayan.sc,10,3,7,up,2005,linked_wife_share
Hathras_Mursan.sc,9,6,3,up,2005,linked_wife_share
Hathras_Sadabad.sc,6,3,3,up,2005,linked_wife_share
Hathras_Sahpau.sc,9,2,7,up,2005,linked_wife_share
Hathras_Sasni.sc,9,3,6,up,2005,linked_wife_share
Hathras_Sikandra Rao.sc,7,3,4,up,2005,linked_wife_share
Itawah_Badh. Pura.sc,9,4,5,up,2005,linked_wife_share
Itawah_Basrehar.sc,10,5,5,up,2005,linked_wife_share
Itawah_Bharathana.sc,9,3,6,up,2005,linked_wife_share
Itawah_Chakarnagar.sc,7,2,5,up,2005,linked_wife_share
Itawah_Jaswantnagar.sc,9,2,7,up,2005,linked_wife_share
Itawah_Mahewa.sc,12,2,10,up,2005,linked_wife_share
Itawah_Saifai.sc,4,3,1,up,2005,linked_wife_share
Itawah_Takha.sc,2,1,1,up,2005,linked_wife_share
Jalaun_Dakor.sc,13,4,9,up,2005,linked_wife_share
Jalaun_Jalaun.sc,12,3,9,up,2005,linked_wife_share
Jalaun_Kadoura.sc,8,6,2,up,2005,linked_wife_share
Jalaun_Kochan.sc,4,0,4,up,2005,linked_wife_share
Jalaun_Kuthound.sc,13,5,8,up,2005,linked_wife_share
Jalaun_Mahewa.sc,9,2,7,up,2005,linked_wife_share
Jalaun_Nadigaon.sc,11,1,10,up,2005,linked_wife_share
Jalaun_Rampura.sc,10,4,6,up,2005,linked_wife_share
Jaunpur_Badlapur.sc,15,4,11,up,2005,linked_wife_share
Jaunpur_Buxa.sc,7,2,5,up,2005,linked_wife_share
Jaunpur_Jalalpur.sc,1,0,1,up,2005,linked_wife_share
Jaunpur_Kerakat.sc,1,1,0,up,2005,linked_wife_share
Jaunpur_Khutahan.sc,10,4,6,up,2005,linked_wife_share
Jaunpur_Madiyahu.sc,1,1,0,up,2005,linked_wife_share
Jaunpur_Maharajganj.sc,14,6,8,up,2005,linked_wife_share
Jaunpur_Ramnagar.sc,1,1,0,up,2005,linked_wife_share
Jaunpur_Shahganj Sodhi.sc,2,0,2,up,2005,linked_wife_share
Jaunpur_Sikarara.sc,3,1,2,up,2005,linked_wife_share
Jaunpur_Suitha Kala.sc,5,1,4,up,2005,linked_wife_share
Jhanshi_Babina.sc,6,2,4,up,2005,linked_wife_share
Jhanshi_Badagaon.sc,4,2,2,up,2005,linked_wife_share
Jhanshi_Bamour.sc,12,5,7,up,2005,linked_wife_share
Jhanshi_Chirgaon.sc,10,3,7,up,2005,linked_wife_share
Jhanshi_Moth.sc,16,6,10,up,2005,linked_wife_share
Kannauj_Chhibramau.sc,12,4,8,up,2005,linked_wife_share
Kannauj_Gugapur.sc,2,1,1,up,2005,linked_wife_share
Kannauj_Haseran.sc,5,4,1,up,2005,linked_wife_share
Kannauj_Jalalabad.sc,9,6,3,up,2005,linked_wife_share
Kannauj_Kannauj.sc,12,5,7,up,2005,linked_wife_share
Kannauj_Saurkh.sc,7,5,2,up,2005,linked_wife_share
Kannauj_Umarda.sc,10,5,5,up,2005,linked_wife_share
Kanpur Nagar_Bhitar Gaon.sc,12,4,8,up,2005,linked_wife_share
Kanpur Nagar_Bilhaur.sc,9,2,7,up,2005,linked_wife_share
Kanpur Nagar_Chaubepur.sc,10,3,7,up,2005,linked_wife_share
Kanpur Nagar_Ghatampur.sc,10,3,7,up,2005,linked_wife_share
Kanpur Nagar_Kakwan.sc,4,2,2,up,2005,linked_wife_share
Kanpur Nagar_Kalyanpur.sc,6,3,3,up,2005,linked_wife_share
Kanpur Nagar_Patara.sc,10,3,7,up,2005,linked_wife_share
Kanpur Nagar_Sarasaul.sc,3,2,1,up,2005,linked_wife_share
Kanpur Nagar_Shivrajpur.sc,12,3,9,up,2005,linked_wife_share
Kanpur Nagar_Vidhnu.sc,11,3,8,up,2005,linked_wife_share
Kaushambi_Chayal.sc,4,2,2,up,2005,linked_wife_share
Kaushambi_Kara.sc,7,1,6,up,2005,linked_wife_share
Kaushambi_Kaushambi.sc,6,3,3,up,2005,linked_wife_share
Kaushambi_Manjhanpur.sc,12,5,7,up,2005,linked_wife_share
Kaushambi_Muratganj.sc,7,3,4,up,2005,linked_wife_share
Kaushambi_NEWADA.sc,10,4,6,up,2005,linked_wife_share
Kaushambi_Sarsawa.sc,9,6,3,up,2005,linked_wife_share
Kaushambi_Sirathu.sc,10,5,5,up,2005,linked_wife_share
Kushinagar_Fazilnagar.sc,9,4,5,up,2005,linked_wife_share
Kushinagar_Hata.sc,6,3,3,up,2005,linked_wife_share
Kushinagar_Kaptaiganj.sc,11,4,7,up,2005,linked_wife_share
Kushinagar_Kasaya.sc,2,1,1,up,2005,linked_wife_share
Kushinagar_Khadda.sc,7,3,4,up,2005,linked_wife_share
Kushinagar_Moti Chak.sc,6,1,5,up,2005,linked_wife_share
Kushinagar_Nebua Naurangia.sc,7,1,6,up,2005,linked_wife_share
Kushinagar_Padrauna.sc,4,1,3,up,2005,linked_wife_share
Kushinagar_Ramkola.sc,6,2,4,up,2005,linked_wife_share
Kushinagar_Sewarhi.sc,5,2,3,up,2005,linked_wife_share
Kushinagar_Sukaroli.sc,8,1,7,up,2005,linked_wife_share
Kushinagar_Tamkuhiraj.sc,8,3,5,up,2005,linked_wife_share
Kushinagar_Vishunpura.sc,5,1,4,up,2005,linked_wife_share
Lakhimpur Khiri_Bankeganj.sc,6,3,3,up,2005,linked_wife_share
Lakhimpur Khiri_Bijua.sc,15,5,10,up,2005,linked_wife_share
Lakhimpur Khiri_Dhaurhara.sc,6,1,5,up,2005,linked_wife_share
Lakhimpur Khiri_Gola ( Kumbhi ).sc,10,3,7,up,2005,linked_wife_share
Lakhimpur Khiri_Isanagar.sc,15,5,10,up,2005,linked_wife_share
Lakhimpur Khiri_Lakhimpur.sc,17,6,11,up,2005,linked_wife_share
Lakhimpur Khiri_Mitauli.sc,13,5,8,up,2005,linked_wife_share
Lakhimpur Khiri_Mohammadi.sc,15,7,8,up,2005,linked_wife_share
Lakhimpur Khiri_Nakha.sc,5,2,3,up,2005,linked_wife_share
Lakhimpur Khiri_Nighasan.sc,8,4,4,up,2005,linked_wife_share
Lakhimpur Khiri_Palia.sc,8,3,5,up,2005,linked_wife_share
Lakhimpur Khiri_Pasgawan.sc,14,4,10,up,2005,linked_wife_share
Lakhimpur Khiri_Phoolbehad.sc,13,3,10,up,2005,linked_wife_share
Lakhimpur Khiri_Ramiyabehar.sc,8,2,6,up,2005,linked_wife_share
Lalitpur_Baar.sc,7,4,3,up,2005,linked_wife_share
Lalitpur_Jakhaura.sc,12,5,7,up,2005,linked_wife_share
Lalitpur_Madawara.sc,8,4,4,up,2005,linked_wife_share
Lalitpur_Mahrauni.sc,7,2,5,up,2005,linked_wife_share
Lalitpur_Talbehat.sc,7,3,4,up,2005,linked_wife_share
Lalitpur_Virddha.sc,9,1,8,up,2005,linked_wife_share
Maharajganj_Brajamangnaj.sc,9,4,5,up,2005,linked_wife_share
Maharajganj_Dhani.sc,2,1,1,up,2005,linked_wife_share
Maharajganj_Ferenda.sc,9,7,2,up,2005,linked_wife_share
Maharajganj_Ghughli.sc,4,3,1,up,2005,linked_wife_share
Maharajganj_Lakshmipur.sc,5,5,0,up,2005,linked_wife_share
Maharajganj_Maharajganj Sadar.sc,5,3,2,up,2005,linked_wife_share
Maharajganj_Mithoura.sc,12,6,6,up,2005,linked_wife_share
Maharajganj_Nautanwa.sc,5,2,3,up,2005,linked_wife_share
Maharajganj_Nichlaul.sc,14,8,6,up,2005,linked_wife_share
Maharajganj_Paniyara.sc,10,6,4,up,2005,linked_wife_share
Maharajganj_Partawal.sc,6,4,2,up,2005,linked_wife_share
Maharajganj_Siswa Bazar.sc,6,5,1,up,2005,linked_wife_share
Mahoba_Charkhari.sc,3,1,2,up,2005,linked_wife_share
Mahoba_Jaitpur.sc,4,1,3,up,2005,linked_wife_share
Mahoba_Kabrai.sc,11,4,7,up,2005,linked_wife_share
Mainpuri_Barnahal.sc,11,3,8,up,2005,linked_wife_share
Mainpuri_Bebar.sc,10,1,9,up,2005,linked_wife_share
Mainpuri_Ghiror.sc,7,2,5,up,2005,linked_wife_share
Mainpuri_Jagir.sc,6,3,3,up,2005,linked_wife_share
Mainpuri_Karhal.sc,11,5,6,up,2005,linked_wife_share
Mainpuri_Kurawli.sc,6,3,3,up,2005,linked_wife_share
Mainpuri_Mainpuri.sc,5,2,3,up,2005,linked_wife_share
Mainpuri_Sultanganj.sc,9,3,6,up,2005,linked_wife_share
Mau_Baragaon.sc,10,7,3,up,2005,linked_wife_share
Mau_Dohrighat.sc,13,6,7,up,2005,linked_wife_share
Mau_Ghosi.sc,9,5,4,up,2005,linked_wife_share
Mau_Kopaganj.sc,9,4,5,up,2005,linked_wife_share
Mau_Muhammadabad.sc,12,7,5,up,2005,linked_wife_share
Mau_Pardha.sc,5,2,3,up,2005,linked_wife_share
Mau_Ranipur.sc,12,5,7,up,2005,linked_wife_share
Mau_Ratanpura.sc,9,6,3,up,2005,linked_wife_share
Mirzapur_Chhaanbe.sc,8,2,6,up,2005,linked_wife_share
Mirzapur_Halia.sc,11,6,5,up,2005,linked_wife_share
Mirzapur_Kon ( Cheelha ).sc,4,1,3,up,2005,linked_wife_share
Mirzapur_Lalganj.sc,10,6,4,up,2005,linked_wife_share
Mirzapur_Majhwan.sc,4,1,3,up,2005,linked_wife_share
Mirzapur_Narayanpur.sc,11,6,5,up,2005,linked_wife_share
Mirzapur_Pahadi.sc,7,3,4,up,2005,linked_wife_share
Mirzapur_Rajgarh.sc,14,6,8,up,2005,linked_wife_share
Mirzapur_Seekhar.sc,2,0,2,up,2005,linked_wife_share
Mirzapur_Seeti.sc,1,0,1,up,2005,linked_wife_share
Muradabad_Asamoli.sc,6,3,3,up,2005,linked_wife_share
Muradabad_Bahjoi.sc,1,0,1,up,2005,linked_wife_share
Muradabad_Bilari.sc,10,5,5,up,2005,linked_wife_share
Muradabad_Chhajlait.sc,2,1,1,up,2005,linked_wife_share
Muradabad_Dilari.sc,9,3,6,up,2005,linked_wife_share
Muradabad_Dingerpur (Kunderki).sc,13,6,7,up,2005,linked_wife_share
Muradabad_Mudhaa Pandey.sc,5,0,5,up,2005,linked_wife_share
Muradabad_Muradabad.sc,5,1,4,up,2005,linked_wife_share
Muradabad_Panwasa.sc,4,1,3,up,2005,linked_wife_share
Muradabad_Sambhal.sc,5,0,5,up,2005,linked_wife_share
Muradabad_Thakurdwara.sc,10,0,10,up,2005,linked_wife_share
Muzzafarnagar_Baghra.sc,3,1,2,up,2005,linked_wife_share
Muzzafarnagar_Budhana.sc,3,1,2,up,2005,linked_wife_share
Muzzafarnagar_Charthaawal.sc,5,2,3,up,2005,linked_wife_share
Muzzafarnagar_Jansath.sc,3,1,2,up,2005,linked_wife_share
Muzzafarnagar_Kandla.sc,1,0,1,up,2005,linked_wife_share
Muzzafarnagar_Khatauli.sc,6,2,4,up,2005,linked_wife_share
Muzzafarnagar_Morna.sc,5,3,2,up,2005,linked_wife_share
Muzzafarnagar_Purkaji.sc,3,1,2,up,2005,linked_wife_share
Muzzafarnagar_Sadar.sc,1,0,1,up,2005,linked_wife_share
Muzzafarnagar_Shahpur.sc,2,1,1,up,2005,linked_wife_share
Muzzafarnagar_Shamli.sc,1,0,1,up,2005,linked_wife_share
Muzzafarnagar_Un.sc,1,1,0,up,2005,linked_wife_share
Pilibhit_Amariya.sc,6,0,6,up,2005,linked_wife_share
Pilibhit_Barkheda.sc,10,4,6,up,2005,linked_wife_share
Pilibhit_Bilsanda.sc,12,6,6,up,2005,linked_wife_share
Pilibhit_Bisalpur.sc,7,3,4,up,2005,linked_wife_share
Pilibhit_Lalauri Kheda.sc,4,0,4,up,2005,linked_wife_share
Pilibhit_Marauri.sc,3,3,0,up,2005,linked_wife_share
Pilibhit_Purnanpur.sc,14,4,10,up,2005,linked_wife_share
Pratapgarh_Baabaa Belkharnath Dhaam.sc,6,1,5,up,2005,linked_wife_share
Pratapgarh_Baabaganj.sc,11,4,7,up,2005,linked_wife_share
Pratapgarh_Bihar.sc,13,3,10,up,2005,linked_wife_share
Pratapgarh_Gaura.sc,4,2,2,up,2005,linked_wife_share
Pratapgarh_Kalakankar.sc,11,4,7,up,2005,linked_wife_share
Pratapgarh_Kunda.sc,14,5,9,up,2005,linked_wife_share
Pratapgarh_Lakshmanpur.sc,8,2,6,up,2005,linked_wife_share
Pratapgarh_Lalganj.sc,7,3,4,up,2005,linked_wife_share
Pratapgarh_Magraura.sc,11,4,7,up,2005,linked_wife_share
Pratapgarh_Mandhaata.sc,10,3,7,up,2005,linked_wife_share
Pratapgarh_Patti.sc,6,3,3,up,2005,linked_wife_share
Pratapgarh_Sadar.sc,3,2,1,up,2005,linked_wife_share
Pratapgarh_Sandwaa Chandrika.sc,6,2,4,up,2005,linked_wife_share
Pratapgarh_Sangipur.sc,9,5,4,up,2005,linked_wife_share
Pratapgarh_Shivgarh.sc,6,2,4,up,2005,linked_wife_share
Rae bareli_Amawan.sc,7,2,5,up,2005,linked_wife_share
Rae bareli_Bachhrawan.sc,8,4,4,up,2005,linked_wife_share
Rae bareli_Dalmau.sc,9,5,4,up,2005,linked_wife_share
Rae bareli_Deenshaahgaura.sc,4,3,1,up,2005,linked_wife_share
Rae bareli_Harchandpur.sc,8,3,5,up,2005,linked_wife_share
Rae bareli_Khiro.sc,10,4,6,up,2005,linked_wife_share
Rae bareli_Lalganj.sc,8,3,5,up,2005,linked_wife_share
Rae bareli_Maharajganj.sc,8,2,6,up,2005,linked_wife_share
Rae bareli_Rahi.sc,8,3,5,up,2005,linked_wife_share
Rae bareli_Rohanea.sc,4,1,3,up,2005,linked_wife_share
Rae bareli_Sareni.sc,12,3,9,up,2005,linked_wife_share
Rae bareli_Sataon.sc,5,3,2,up,2005,linked_wife_share
Rae bareli_Shivgarh.sc,7,2,5,up,2005,linked_wife_share
Rae bareli_Unchahaar.sc,7,4,3,up,2005,linked_wife_share
Rampur_Bilaaspur.sc,8,1,7,up,2005,linked_wife_share
Rampur_Milk.sc,19,9,10,up,2005,linked_wife_share
Rampur_Saidnagar.sc,4,2,2,up,2005,linked_wife_share
Saharanpur_Baliyakhedi.sc,13,8,5,up,2005,linked_wife_share
Saharanpur_Devbanda.sc,9,4,5,up,2005,linked_wife_share
Saharanpur_Gangoh.sc,5,3,2,up,2005,linked_wife_share
Saharanpur_Muzaffarabad.sc,10,5,5,up,2005,linked_wife_share
Saharanpur_Nagal.sc,8,4,4,up,2005,linked_wife_share
Saharanpur_Nakud.sc,13,4,9,up,2005,linked_wife_share
Saharanpur_Rampur Maniharan.sc,9,3,6,up,2005,linked_wife_share
Saharanpur_Sarsawa.sc,7,3,4,up,2005,linked_wife_share
Sant Kabeer Nagar_Baghauli.sc,7,2,5,up,2005,linked_wife_share
Sant Kabeer Nagar_Belhar Kala.sc,9,4,5,up,2005,linked_wife_share
Sant Kabeer Nagar_Khalilabad.sc,8,4,4,up,2005,linked_wife_share
Sant Kabeer Nagar_Mehdawal.sc,5,2,3,up,2005,linked_wife_share
Sant Kabeer Nagar_Nathnagar.sc,13,4,9,up,2005,linked_wife_share
Sant Kabeer Nagar_Pauli.sc,5,2,3,up,2005,linked_wife_share
Sant Kabeer Nagar_Sautha.sc,2,1,1,up,2005,linked_wife_share
Sant Kabeer Nagar_Semriyawa.sc,6,2,4,up,2005,linked_wife_share
Sant Ravidas Nagar_Abholi.sc,5,2,3,up,2005,linked_wife_share
Sant Ravidas Nagar_Aurain.sc,14,2,12,up,2005,linked_wife_share
Sant Ravidas Nagar_Bhadohi.sc,13,5,8,up,2005,linked_wife_share
Sant Ravidas Nagar_Deegh.sc,10,5,5,up,2005,linked_wife_share
Sant Ravidas Nagar_Gyanpur.sc,7,2,5,up,2005,linked_wife_share
Sant Ravidas Nagar_Suriyawan.sc,8,5,3,up,2005,linked_wife_share
Shravasti_Gilola.sc,11,4,7,up,2005,linked_wife_share
Shravasti_Hariharpur Rani.sc,6,3,3,up,2005,linked_wife_share
Shravasti_Ikouna.sc,10,4,6,up,2005,linked_wife_share
Shravasti_Jamunha.sc,10,3,7,up,2005,linked_wife_share
Shravasti_Sirsia.sc,10,1,9,up,2005,linked_wife_share
Siddharth Nagar_Badhni.sc,6,2,4,up,2005,linked_wife_share
Siddharth Nagar_Bansi.sc,6,2,4,up,2005,linked_wife_share
Siddharth Nagar_Bhanwaapur.sc,10,3,7,up,2005,linked_wife_share
Siddharth Nagar_Dumriaganj.sc,9,2,7,up,2005,linked_wife_share
Siddharth Nagar_Itwa.sc,4,2,2,up,2005,linked_wife_share
Siddharth Nagar_Jogiya.sc,5,0,5,up,2005,linked_wife_share
Siddharth Nagar_Khesarha.sc,11,5,6,up,2005,linked_wife_share
Siddharth Nagar_Khuniyav.sc,4,0,4,up,2005,linked_wife_share
Siddharth Nagar_Lotan Bazar.sc,6,1,5,up,2005,linked_wife_share
Siddharth Nagar_Mithwal.sc,8,4,4,up,2005,linked_wife_share
Siddharth Nagar_Naugadh.sc,4,2,2,up,2005,linked_wife_share
Siddharth Nagar_Shohratgarh.sc,8,2,6,up,2005,linked_wife_share
Siddharth Nagar_UskaBazar.sc,4,1,3,up,2005,linked_wife_share
Sitapur_Ailiya.sc,14,7,7,up,2005,linked_wife_share
Sitapur_Behata.sc,8,4,4,up,2005,linked_wife_share
Sitapur_Biswan.sc,16,5,11,up,2005,linked_wife_share
Sitapur_Gondlamau.sc,5,3,2,up,2005,linked_wife_share
Sitapur_Hargaon.sc,12,4,8,up,2005,linked_wife_share
Sitapur_Kasmanda.sc,13,5,8,up,2005,linked_wife_share
Sitapur_Khairbad.sc,9,5,4,up,2005,linked_wife_share
Sitapur_Laharpur.sc,10,4,6,up,2005,linked_wife_share
Sitapur_Machhrehta.sc,10,3,7,up,2005,linked_wife_share
Sitapur_Mahmudabad.sc,10,3,7,up,2005,linked_wife_share
Sitapur_Maholi.sc,7,4,3,up,2005,linked_wife_share
Sitapur_Mishrikh.sc,11,3,8,up,2005,linked_wife_share
Sitapur_Pahala.sc,13,5,8,up,2005,linked_wife_share
Sitapur_Parsendi.sc,15,5,10,up,2005,linked_wife_share
Sitapur_Pisawan.sc,15,6,9,up,2005,linked_wife_share
Sitapur_Rampurmathura.sc,10,4,6,up,2005,linked_wife_share
Sitapur_Reusaa.sc,12,4,8,up,2005,linked_wife_share
Sitapur_Sakran.sc,7,2,5,up,2005,linked_wife_share
Sitapur_Sidhauli.sc,9,4,5,up,2005,linked_wife_share
Sonbhadra_Chatra.sc,4,3,1,up,2005,linked_wife_share
Sonbhadra_Chopan.sc,1,0,1,up,2005,linked_wife_share
Sonbhadra_Duddhi.sc,10,3,7,up,2005,linked_wife_share
Sonbhadra_Ghorawal.sc,17,13,4,up,2005,linked_wife_share
Sonbhadra_Myorpur.sc,13,6,7,up,2005,linked_wife_share
Sonbhadra_Nagwan.sc,7,5,2,up,2005,linked_wife_share
Sonbhadra_Robertsganj.sc,8,2,6,up,2005,linked_wife_share
Sonbhadra_Vabhni.sc,7,4,3,up,2005,linked_wife_share
Sultanpur_Akhandnagar.sc,11,4,7,up,2005,linked_wife_share
Sultanpur_Baldirai.sc,6,1,5,up,2005,linked_wife_share
Sultanpur_Bhaiyya.sc,12,3,9,up,2005,linked_wife_share
Sultanpur_Dhanpat Ganj.sc,8,3,5,up,2005,linked_wife_share
Sultanpur_Doobepur.sc,9,4,5,up,2005,linked_wife_share
Sultanpur_Dostpur.sc,6,3,3,up,2005,linked_wife_share
Sultanpur_Jaisinghpur.sc,13,4,9,up,2005,linked_wife_share
Sultanpur_Kadipur.sc,3,0,3,up,2005,linked_wife_share
Sultanpur_Kudebhar.sc,5,2,3,up,2005,linked_wife_share
Sultanpur_Kudwar.sc,5,1,4,up,2005,linked_wife_share
Sultanpur_Lambhua.sc,13,5,8,up,2005,linked_wife_share
Sultanpur_Motigarpur.sc,7,3,4,up,2005,linked_wife_share
Sultanpur_Pratappur Kemaicha.sc,7,4,3,up,2005,linked_wife_share
Unnao_Asoha.sc,10,4,6,up,2005,linked_wife_share
Unnao_Auras.sc,9,4,5,up,2005,linked_wife_share
Unnao_Bangarmau.sc,8,4,4,up,2005,linked_wife_share
Unnao_Bichiya.sc,11,6,5,up,2005,linked_wife_share
Unnao_Bighapur.sc,11,3,8,up,2005,linked_wife_share
Unnao_Fatehpur Chaurasi.sc,8,4,4,up,2005,linked_wife_share
Unnao_Hasan ganj.sc,15,6,9,up,2005,linked_wife_share
Unnao_Hilauli.sc,9,1,8,up,2005,linked_wife_share
Unnao_Nawabganj.sc,11,5,6,up,2005,linked_wife_share
Unnao_Purwa.sc,7,2,5,up,2005,linked_wife_share
Unnao_Safipur.sc,10,5,5,up,2005,linked_wife_share
Unnao_Si. Sirosi.sc,12,6,6,up,2005,linked_wife_share
Unnao_Sikandarpur Karan.sc,9,4,5,up,2005,linked_wife_share
Unnao_Sumerpur.sc,12,4,8,up,2005,linked_wife_share
Varanasi_Araji Lines.sc,12,3,9,up,2005,linked_wife_share
Varanasi_Badagaon.sc,9,4,5,up,2005,linked_wife_share
Varanasi_Chiraigaon.sc,4,2,2,up,2005,linked_wife_share
Varanasi_Cholapur.sc,10,3,7,up,2005,linked_wife_share
Varanasi_Harhua.sc,5,2,3,up,2005,linked_wife_share
Varanasi_Kashividyapeeth.sc,4,2,2,up,2005,linked_wife_share
Varanasi_Pindra.sc,13,5,8,up,2005,linked_wife_share
Varanasi_Sewapuri.sc,13,5,8,up,2005,linked_wife_share
Bahraich_Mihipurwa.st,2,2,0,up,2005,linked_wife_share
Balrampur_Gainsadi.st,1,1,0,up,2005,linked_wife_share
Balrampur_Pachpedwa.st,2,0,2,up,2005,linked_wife_share
Lakhimpur Khiri_Palia.st,9,7,2,up,2005,linked_wife_share
Rae bareli_Khiro.st,1,0,1,up,2005,linked_wife_share
Shravasti_Sirsia.st,1,1,0,up,2005,linked_wife_share
Agra_Achnera.general,17,7,10,up,2010,linked_wife_share
Agra_Akolaa.general,8,2,6,up,2010,linked_wife_share
Agra_Bah.general,17,2,15,up,2010,linked_wife_share
Agra_Baroli Ahir.general,10,3,7,up,2010,linked_wife_share
Agra_Bichpuri.general,1,0,1,up,2010,linked_wife_share
Agra_Etmaadpur.general,12,2,10,up,2010,linked_wife_share
Agra_Fatehabad.general,17,8,9,up,2010,linked_wife_share
Agra_Fatehpur Seekri.general,11,2,9,up,2010,linked_wife_share
Agra_Jagner.general,5,1,4,up,2010,linked_wife_share
Agra_Khandoli.general,9,5,4,up,2010,linked_wife_share
Agra_Pinahat.general,14,4,10,up,2010,linked_wife_share
Agra_Shamshabaad.general,15,2,13,up,2010,linked_wife_share
Ambedkar Nagar_Akbarpur.general,40,15,25,up,2010,linked_wife_share
Ambedkar Nagar_Basakhari.general,20,7,13,up,2010,linked_wife_share
Ambedkar Nagar_Bhiti.general,23,10,13,up,2010,linked_wife_share
Ambedkar Nagar_Jahangirganj.general,23,7,16,up,2010,linked_wife_share
Ambedkar Nagar_Jalalpur.general,35,13,22,up,2010,linked_wife_share
Ambedkar Nagar_Katehri.general,25,9,16,up,2010,linked_wife_share
Ambedkar Nagar_Miyan.general,33,10,23,up,2010,linked_wife_share
Ambedkar Nagar_Ramnagar.general,32,12,20,up,2010,linked_wife_share
Ambedkar Nagar_Tanda.general,36,12,24,up,2010,linked_wife_share
Auraiya_Achhaldaa.general,12,4,8,up,2010,linked_wife_share
Auraiya_Ajitmal.general,19,6,13,up,2010,linked_wife_share
Auraiya_Auraiya.general,25,11,14,up,2010,linked_wife_share
Auraiya_Bhagyanagar.general,25,7,18,up,2010,linked_wife_share
Auraiya_Eva Katra.general,14,4,10,up,2010,linked_wife_share
Auraiya_Sahar.general,19,6,13,up,2010,linked_wife_share
Auraiya_Vidhuna.general,25,10,15,up,2010,linked_wife_share
Bagpat_Bagpat.general,12,6,6,up,2010,linked_wife_share
Bagpat_Baraut.general,16,6,10,up,2010,linked_wife_share
Bagpat_Binauli.general,11,2,9,up,2010,linked_wife_share
Bagpat_Chhaparauli.general,6,2,4,up,2010,linked_wife_share
Bagpat_Khekhada.general,11,3,8,up,2010,linked_wife_share
Bagpat_Pilana.general,11,5,6,up,2010,linked_wife_share
Bahraich_Balha.general,9,5,4,up,2010,linked_wife_share
Bahraich_Fakhrpur.general,33,11,22,up,2010,linked_wife_share
Bahraich_Huzurpur.general,33,11,22,up,2010,linked_wife_share
Bahraich_Jarwal.general,30,9,21,up,2010,linked_wife_share
Bahraich_Kaiserganj.general,23,7,16,up,2010,linked_wife_share
Bahraich_Mahsi.general,26,10,16,up,2010,linked_wife_share
Bahraich_Mihipurwa.general,19,6,13,up,2010,linked_wife_share
Bahraich_Nawabganj.general,22,6,16,up,2010,linked_wife_share
Bahraich_Prayagpur.general,24,7,17,up,2010,linked_wife_share
Bahraich_Risia.general,23,8,15,up,2010,linked_wife_share
Bahraich_Shivpur.general,24,7,17,up,2010,linked_wife_share
Bahraich_Tajwapur.general,27,8,19,up,2010,linked_wife_share
Bahraich_Visheshwarganj.general,27,10,17,up,2010,linked_wife_share
Baliya_Baasadeeh.general,17,6,11,up,2010,linked_wife_share
Baliya_Bairiya.general,15,6,9,up,2010,linked_wife_share
Baliya_Belhari.general,10,4,6,up,2010,linked_wife_share
Baliya_Berua Bari.general,8,0,8,up,2010,linked_wife_share
Baliya_Chilakhar.general,17,8,9,up,2010,linked_wife_share
Baliya_Gadwar.general,19,6,13,up,2010,linked_wife_share
Baliya_Hanumanganj.general,22,7,15,up,2010,linked_wife_share
Baliya_Maniyar.general,9,0,9,up,2010,linked_wife_share
Baliya_Murli Chappa.general,9,3,6,up,2010,linked_wife_share
Baliya_Nagra.general,21,6,15,up,2010,linked_wife_share
Baliya_Nawanagar.general,13,3,10,up,2010,linked_wife_share
Baliya_Pandah.general,17,6,11,up,2010,linked_wife_share
Baliya_Rasra.general,25,8,17,up,2010,linked_wife_share
Baliya_Revti.general,14,6,8,up,2010,linked_wife_share
Baliya_Sier.general,22,6,16,up,2010,linked_wife_share
Baliya_Sohaon.general,19,5,14,up,2010,linked_wife_share
Balrampur_Balrampur.general,39,14,25,up,2010,linked_wife_share
Balrampur_Gaidas Buzurg.general,13,6,7,up,2010,linked_wife_share
Balrampur_Gainsadi.general,34,10,24,up,2010,linked_wife_share
Balrampur_Hariya Satgharwa.general,37,14,23,up,2010,linked_wife_share
Balrampur_Pachpedwa.general,24,7,17,up,2010,linked_wife_share
Balrampur_Rehra Bazar.general,41,23,18,up,2010,linked_wife_share
Balrampur_Shridattganj.general,23,9,14,up,2010,linked_wife_share
Balrampur_Tulsipur.general,37,13,24,up,2010,linked_wife_share
Balrampur_Utraula.general,22,6,16,up,2010,linked_wife_share
Banda_Baberu.general,21,8,13,up,2010,linked_wife_share
Banda_Badokhar Khurd.general,17,8,9,up,2010,linked_wife_share
Banda_Bissanda.general,17,6,11,up,2010,linked_wife_share
Banda_Jaspura.general,14,3,11,up,2010,linked_wife_share
Banda_Kamasin.general,16,6,10,up,2010,linked_wife_share
Banda_Mahua.general,27,6,21,up,2010,linked_wife_share
Banda_Narani.general,28,9,19,up,2010,linked_wife_share
Banda_Tindwaari.general,13,5,8,up,2010,linked_wife_share
Barabanki_Banikoder.general,21,6,15,up,2010,linked_wife_share
Barabanki_Banki.general,14,6,8,up,2010,linked_wife_share
Barabanki_Dariyabad.general,13,0,13,up,2010,linked_wife_share
Barabanki_Dewan.general,22,8,14,up,2010,linked_wife_share
Barabanki_Haidarganj.general,21,6,15,up,2010,linked_wife_share
Barabanki_Harakh.general,15,6,9,up,2010,linked_wife_share
Barabanki_masauli.general,15,4,11,up,2010,linked_wife_share
Barabanki_Nindur.general,24,9,15,up,2010,linked_wife_share
Barabanki_Puredlai.general,8,7,1,up,2010,linked_wife_share
Barabanki_Ramnagar.general,28,8,20,up,2010,linked_wife_share
Barabanki_Siddhaur.general,23,7,16,up,2010,linked_wife_share
Barabanki_Sirauli Gauspur.general,25,9,16,up,2010,linked_wife_share
Barabanki_Suratganj.general,28,8,20,up,2010,linked_wife_share
Barabanki_Trivediganj.general,23,4,19,up,2010,linked_wife_share
Bareilly_Alampur Jafrabaad.general,32,10,22,up,2010,linked_wife_share
Bareilly_Bahedi.general,30,8,22,up,2010,linked_wife_share
Bareilly_Bhadpura.general,13,5,8,up,2010,linked_wife_share
Bareilly_Bhojipura.general,30,10,20,up,2010,linked_wife_share
Bareilly_Bhuta.general,28,11,17,up,2010,linked_wife_share
Bareilly_Damkhoda.general,17,6,11,up,2010,linked_wife_share
Bareilly_Faridpur.general,20,6,14,up,2010,linked_wife_share
Bareilly_Fatehganj ( P O ).general,21,4,17,up,2010,linked_wife_share
Bareilly_Kyara.general,6,2,4,up,2010,linked_wife_share
Bareilly_Majhgawan.general,23,7,16,up,2010,linked_wife_share
Bareilly_Mirganj.general,20,4,16,up,2010,linked_wife_share
Bareilly_Nawabganj.general,20,3,17,up,2010,linked_wife_share
Bareilly_Shergarh.general,11,4,7,up,2010,linked_wife_share
Basti_Bahadurpur.general,27,9,18,up,2010,linked_wife_share
Basti_Bankati.general,13,7,6,up,2010,linked_wife_share
Basti_Basti.general,25,5,20,up,2010,linked_wife_share
Basti_Bikramjot.general,23,8,15,up,2010,linked_wife_share
Basti_Dubaulia.general,16,6,10,up,2010,linked_wife_share
Basti_Gour.general,26,8,18,up,2010,linked_wife_share
Basti_Hareya.general,30,11,19,up,2010,linked_wife_share
Basti_Kaptaiganj.general,15,5,10,up,2010,linked_wife_share
Basti_Kudrah.general,23,8,15,up,2010,linked_wife_share
Basti_Parsrampur.general,25,7,18,up,2010,linked_wife_share
Basti_Ramnagar.general,23,8,15,up,2010,linked_wife_share
Basti_Raudhauli.general,24,8,16,up,2010,linked_wife_share
Basti_Saltoya Gopalpur.general,9,9,0,up,2010,linked_wife_share
Basti_Saugahat.general,11,7,4,up,2010,linked_wife_share
Bijnaur_Afzalgarah.general,14,4,10,up,2010,linked_wife_share
Bijnaur_Haldaur.general,28,10,18,up,2010,linked_wife_share
Bijnaur_Jalilpur.general,29,9,20,up,2010,linked_wife_share
Bijnaur_Kiratpur.general,9,3,6,up,2010,linked_wife_share
Bijnaur_Kotwali.general,46,14,32,up,2010,linked_wife_share
Bijnaur_Mau Pur Devmal.general,23,7,16,up,2010,linked_wife_share
Bijnaur_Najibabad.general,33,13,20,up,2010,linked_wife_share
Bijnaur_Noorpur.general,29,12,17,up,2010,linked_wife_share
Bijnaur_Syohara.general,25,9,16,up,2010,linked_wife_share
Budaun_Gunnaur.general,19,4,15,up,2010,linked_wife_share
Budaun_Junawai.general,25,7,18,up,2010,linked_wife_share
Bulandshahr_Agauta.general,18,3,15,up,2010,linked_wife_share
Bulandshahr_Anupshahr.general,11,3,8,up,2010,linked_wife_share
Bulandshahr_Arniyaan.general,17,4,13,up,2010,linked_wife_share
Bulandshahr_B. B. Nagar.general,5,0,5,up,2010,linked_wife_share
Bulandshahr_Bulandshahr.general,18,5,13,up,2010,linked_wife_share
Bulandshahr_Danpur.general,3,2,1,up,2010,linked_wife_share
Bulandshahr_Dibai.general,1,1,0,up,2010,linked_wife_share
Bulandshahr_Gulawati.general,11,3,8,up,2010,linked_wife_share
Bulandshahr_Jahangirabad.general,12,4,8,up,2010,linked_wife_share
Bulandshahr_Khujra.general,22,7,15,up,2010,linked_wife_share
Bulandshahr_Lakhauti.general,16,5,11,up,2010,linked_wife_share
Bulandshahr_Pahasu.general,5,2,3,up,2010,linked_wife_share
Bulandshahr_Shikarpur.general,7,0,7,up,2010,linked_wife_share
Bulandshahr_Sikandrabad.general,28,9,19,up,2010,linked_wife_share
Bulandshahr_Siyana.general,6,2,4,up,2010,linked_wife_share
Bulandshahr_Unchagaon.general,7,0,7,up,2010,linked_wife_share
Chandauli_Barhani.general,10,2,8,up,2010,linked_wife_share
Chandauli_Chahniya.general,23,6,17,up,2010,linked_wife_share
Chandauli_Chakia.general,23,7,16,up,2010,linked_wife_share
Chandauli_Dhanapur.general,5,2,3,up,2010,linked_wife_share
Chandauli_Naugadh.general,8,1,7,up,2010,linked_wife_share
Chandauli_Niyamatabad.general,16,4,12,up,2010,linked_wife_share
Chandauli_Sakaldeeha.general,20,6,14,up,2010,linked_wife_share
Chandauli_Shahababganj.general,13,5,8,up,2010,linked_wife_share
Chitrakoot_Karwi (Chitrakoot).general,32,12,20,up,2010,linked_wife_share
Chitrakoot_Manikpur.general,21,8,13,up,2010,linked_wife_share
Chitrakoot_Mau.general,14,6,8,up,2010,linked_wife_share
Chitrakoot_Pahadi.general,31,8,23,up,2010,linked_wife_share
Chitrakoot_Ramnagar.general,8,3,5,up,2010,linked_wife_share
Firozabad_Aaraon.general,16,7,9,up,2010,linked_wife_share
Firozabad_Eka.general,21,6,15,up,2010,linked_wife_share
Firozabad_Firozabad.general,19,5,14,up,2010,linked_wife_share
Firozabad_Hathwant.general,18,7,11,up,2010,linked_wife_share
Firozabad_Jasrana.general,19,4,15,up,2010,linked_wife_share
Firozabad_Madanpur.general,20,5,15,up,2010,linked_wife_share
Firozabad_Narkhi.general,9,2,7,up,2010,linked_wife_share
Firozabad_Shikohabad.general,19,7,12,up,2010,linked_wife_share
Firozabad_Tundla.general,12,7,5,up,2010,linked_wife_share
Gautam Buddha Nagar_Dadri.general,9,3,6,up,2010,linked_wife_share
Gautam Buddha Nagar_Jewar.general,5,0,5,up,2010,linked_wife_share
Gautam Buddha Nagar_Visarkh.general,5,1,4,up,2010,linked_wife_share
Ghaziabad_Bhojpur.general,14,3,11,up,2010,linked_wife_share
Ghaziabad_Dhaulana.general,15,7,8,up,2010,linked_wife_share
Ghaziabad_Garhmukteshwar.general,16,5,11,up,2010,linked_wife_share
Ghaziabad_Hapur.general,28,8,20,up,2010,linked_wife_share
Ghaziabad_Loni.general,7,2,5,up,2010,linked_wife_share
Ghaziabad_Muradnagar.general,5,3,2,up,2010,linked_wife_share
Ghaziabad_Rajapur.general,12,4,8,up,2010,linked_wife_share
Ghaziabad_Simbhavli.general,22,5,17,up,2010,linked_wife_share
Ghazipur_Barachwar.general,21,6,15,up,2010,linked_wife_share
Ghazipur_Bhadaura.general,15,3,12,up,2010,linked_wife_share
Ghazipur_Jakhniya.general,26,8,18,up,2010,linked_wife_share
Ghazipur_Jamaniya.general,10,5,5,up,2010,linked_wife_share
Ghazipur_Karanda.general,10,3,7,up,2010,linked_wife_share
Ghazipur_Kasimabad.general,32,11,21,up,2010,linked_wife_share
Ghazipur_Manihari.general,17,6,11,up,2010,linked_wife_share
Ghazipur_Mardan.general,20,5,15,up,2010,linked_wife_share
Ghazipur_Muhammadabad.general,24,8,16,up,2010,linked_wife_share
Ghazipur_Revatipur.general,9,3,6,up,2010,linked_wife_share
Ghazipur_Sadaat.general,25,7,18,up,2010,linked_wife_share
Ghazipur_Sadar.general,14,3,11,up,2010,linked_wife_share
Ghazipur_Saidpur.general,26,10,16,up,2010,linked_wife_share
Ghazipur_Virano.general,13,6,7,up,2010,linked_wife_share
Gonda_Belasar.general,19,7,12,up,2010,linked_wife_share
Gonda_Bhabha njot.general,19,6,13,up,2010,linked_wife_share
Gonda_Chhapia.general,31,9,22,up,2010,linked_wife_share
Gonda_Etiyathok.general,27,7,20,up,2010,linked_wife_share
Gonda_Haladharamuu.general,22,6,16,up,2010,linked_wife_share
Gonda_Jhanjhari.general,27,8,19,up,2010,linked_wife_share
Gonda_Karnailganj.general,30,9,21,up,2010,linked_wife_share
Gonda_Katra Bazar.general,23,8,15,up,2010,linked_wife_share
Gonda_Manakapur.general,17,8,9,up,2010,linked_wife_share
Gonda_Mujehana.general,24,8,16,up,2010,linked_wife_share
Gonda_Nawabganj.general,17,8,9,up,2010,linked_wife_share
Gonda_Pandri Kripal.general,17,7,10,up,2010,linked_wife_share
Gonda_Parsapur.general,17,0,17,up,2010,linked_wife_share
Gonda_Rupaidih.general,19,3,16,up,2010,linked_wife_share
Gonda_Tarabganj.general,17,6,11,up,2010,linked_wife_share
Gonda_Wazirganj.general,27,11,16,up,2010,linked_wife_share
Gorakhpur_Barhalganj.general,8,2,6,up,2010,linked_wife_share
Gorakhpur_Belghat.general,26,9,17,up,2010,linked_wife_share
Gorakhpur_Bosagaon.general,17,7,10,up,2010,linked_wife_share
Gorakhpur_Brahmpur.general,8,2,6,up,2010,linked_wife_share
Gorakhpur_Chargaawon.general,5,3,2,up,2010,linked_wife_share
Gorakhpur_Gagaha.general,21,7,14,up,2010,linked_wife_share
Gorakhpur_Gola.general,19,10,9,up,2010,linked_wife_share
Gorakhpur_J. O. Kauriya.general,12,2,10,up,2010,linked_wife_share
Gorakhpur_Kauriram.general,17,6,11,up,2010,linked_wife_share
Gorakhpur_Khajni.general,25,7,18,up,2010,linked_wife_share
Gorakhpur_Khorabaar.general,7,1,6,up,2010,linked_wife_share
Gorakhpur_Pali.general,11,5,6,up,2010,linked_wife_share
Gorakhpur_Piparoli.general,12,2,10,up,2010,linked_wife_share
Gorakhpur_Pipraich.general,18,4,14,up,2010,linked_wife_share
Gorakhpur_Sardarnagar.general,9,4,5,up,2010,linked_wife_share
Gorakhpur_Uruvaon.general,23,8,15,up,2010,linked_wife_share
Hamirpur_Gohand.general,9,3,6,up,2010,linked_wife_share
Hamirpur_Kurara.general,6,3,3,up,2010,linked_wife_share
Hamirpur_Maudha.general,16,5,11,up,2010,linked_wife_share
Hamirpur_Muskra.general,12,3,9,up,2010,linked_wife_share
Hamirpur_Raath.general,4,3,1,up,2010,linked_wife_share
Hamirpur_Sarila.general,12,5,7,up,2010,linked_wife_share
Hamirpur_Sumerpur.general,15,5,10,up,2010,linked_wife_share
Hardoi_Ahirorhi.general,26,9,17,up,2010,linked_wife_share
Hardoi_Barkhani.general,14,3,11,up,2010,linked_wife_share
Hardoi_Bawan.general,14,4,10,up,2010,linked_wife_share
Hardoi_Benhadar.general,17,6,11,up,2010,linked_wife_share
Hardoi_Bharawan.general,19,5,14,up,2010,linked_wife_share
Hardoi_Bilgraam.general,29,10,19,up,2010,linked_wife_share
Hardoi_Hariyawan.general,16,6,10,up,2010,linked_wife_share
Hardoi_Harpalpur.general,20,7,13,up,2010,linked_wife_share
Hardoi_Kachauna.general,10,2,8,up,2010,linked_wife_share
Hardoi_Kothawan.general,15,4,11,up,2010,linked_wife_share
Hardoi_Madhauganj.general,18,6,12,up,2010,linked_wife_share
Hardoi_Mallawan.general,10,2,8,up,2010,linked_wife_share
Hardoi_Pihani.general,21,6,15,up,2010,linked_wife_share
Hardoi_Sandi.general,18,8,10,up,2010,linked_wife_share
Hardoi_Sandila.general,19,5,14,up,2010,linked_wife_share
Hardoi_Shahabaad.general,18,3,15,up,2010,linked_wife_share
Hardoi_Surusa.general,17,7,10,up,2010,linked_wife_share
Hardoi_Tadiyawan.general,19,5,14,up,2010,linked_wife_share
Hardoi_Todarpur.general,17,8,9,up,2010,linked_wife_share
Hathras_Hasayan.general,20,5,15,up,2010,linked_wife_share
Hathras_Mursan.general,22,9,13,up,2010,linked_wife_share
Hathras_Sadabad.general,22,7,15,up,2010,linked_wife_share
Hathras_Sahpau.general,14,5,9,up,2010,linked_wife_share
Hathras_Sasni.general,19,6,13,up,2010,linked_wife_share
Hathras_Sikandra Rao.general,14,4,10,up,2010,linked_wife_share
Itawah_Badh. Pura.general,13,4,9,up,2010,linked_wife_share
Itawah_Basrehar.general,16,5,11,up,2010,linked_wife_share
Itawah_Bharathana.general,19,5,14,up,2010,linked_wife_share
Itawah_Chakarnagar.general,16,5,11,up,2010,linked_wife_share
Itawah_Jaswantnagar.general,18,7,11,up,2010,linked_wife_share
Itawah_Mahewa.general,25,9,16,up,2010,linked_wife_share
Itawah_Saifai.general,7,1,6,up,2010,linked_wife_share
Itawah_Takha.general,7,0,7,up,2010,linked_wife_share
Jalaun_Dakor.general,21,8,13,up,2010,linked_wife_share
Jalaun_Jalaun.general,22,9,13,up,2010,linked_wife_share
Jalaun_Kadoura.general,16,5,11,up,2010,linked_wife_share
Jalaun_Kochan.general,7,1,6,up,2010,linked_wife_share
Jalaun_Kuthound.general,19,8,11,up,2010,linked_wife_share
Jalaun_Mahewa.general,19,6,13,up,2010,linked_wife_share
Jalaun_Nadigaon.general,13,5,8,up,2010,linked_wife_share
Jalaun_Rampura.general,7,2,5,up,2010,linked_wife_share
Jaunpur_Badlapur.general,31,11,20,up,2010,linked_wife_share
Jaunpur_Buxa.general,15,8,7,up,2010,linked_wife_share
Jaunpur_Dobhi.general,1,1,0,up,2010,linked_wife_share
Jaunpur_Jalalpur.general,2,0,2,up,2010,linked_wife_share
Jaunpur_Karanja Kala.general,2,0,2,up,2010,linked_wife_share
Jaunpur_Kerakat.general,2,2,0,up,2010,linked_wife_share
Jaunpur_Khutahan.general,17,5,12,up,2010,linked_wife_share
Jaunpur_Machhalishahr.general,1,0,1,up,2010,linked_wife_share
Jaunpur_Maharajganj.general,30,9,21,up,2010,linked_wife_share
Jaunpur_Ramnagar.general,2,0,2,up,2010,linked_wife_share
Jaunpur_Rampur.general,1,0,1,up,2010,linked_wife_share
Jaunpur_Shahganj Sodhi.general,12,2,10,up,2010,linked_wife_share
Jaunpur_Sikarara.general,2,0,2,up,2010,linked_wife_share
Jaunpur_Srikoni.general,2,0,2,up,2010,linked_wife_share
Jaunpur_Suitha Kala.general,12,6,6,up,2010,linked_wife_share
Jaunpur_Sujangang.general,2,2,0,up,2010,linked_wife_share
Jhanshi_Babina.general,20,7,13,up,2010,linked_wife_share
Jhanshi_Badagaon.general,9,3,6,up,2010,linked_wife_share
Jhanshi_Bamour.general,24,8,16,up,2010,linked_wife_share
Jhanshi_Chirgaon.general,15,5,10,up,2010,linked_wife_share
Jhanshi_Moth.general,26,9,17,up,2010,linked_wife_share
Kannauj_Chhibramau.general,35,9,26,up,2010,linked_wife_share
Kannauj_Gugapur.general,7,3,4,up,2010,linked_wife_share
Kannauj_Haseran.general,13,5,8,up,2010,linked_wife_share
Kannauj_Jalalabad.general,11,4,7,up,2010,linked_wife_share
Kannauj_Kannauj.general,24,6,18,up,2010,linked_wife_share
Kannauj_Saurkh.general,17,6,11,up,2010,linked_wife_share
Kannauj_Umarda.general,28,9,19,up,2010,linked_wife_share
Kanpur Nagar_Bhitar Gaon.general,26,8,18,up,2010,linked_wife_share
Kanpur Nagar_Bilhaur.general,15,1,14,up,2010,linked_wife_share
Kanpur Nagar_Chaubepur.general,20,6,14,up,2010,linked_wife_share
Kanpur Nagar_Ghatampur.general,15,0,15,up,2010,linked_wife_share
Kanpur Nagar_Kakwan.general,7,2,5,up,2010,linked_wife_share
Kanpur Nagar_Kalyanpur.general,11,3,8,up,2010,linked_wife_share
Kanpur Nagar_Patara.general,18,6,12,up,2010,linked_wife_share
Kanpur Nagar_Sarasaul.general,13,4,9,up,2010,linked_wife_share
Kanpur Nagar_Shivrajpur.general,14,0,14,up,2010,linked_wife_share
Kanpur Nagar_Vidhnu.general,9,0,9,up,2010,linked_wife_share
Kaushambi_Chayal.general,4,1,3,up,2010,linked_wife_share
Kaushambi_Kara.general,14,3,11,up,2010,linked_wife_share
Kaushambi_Kaushambi.general,14,3,11,up,2010,linked_wife_share
Kaushambi_Manjhanpur.general,1,0,1,up,2010,linked_wife_share
Kaushambi_Muratganj.general,13,3,10,up,2010,linked_wife_share
Kaushambi_NEWADA.general,23,7,16,up,2010,linked_wife_share
Kaushambi_Sarsawa.general,7,0,7,up,2010,linked_wife_share
Kaushambi_Sirathu.general,26,10,16,up,2010,linked_wife_share
Kushinagar_Fazilnagar.general,24,10,14,up,2010,linked_wife_share
Kushinagar_Hata.general,17,6,11,up,2010,linked_wife_share
Kushinagar_Kaptaiganj.general,26,10,16,up,2010,linked_wife_share
Kushinagar_Kasaya.general,6,3,3,up,2010,linked_wife_share
Kushinagar_Khadda.general,17,6,11,up,2010,linked_wife_share
Kushinagar_Moti Chak.general,23,6,17,up,2010,linked_wife_share
Kushinagar_Nebua Naurangia.general,19,8,11,up,2010,linked_wife_share
Kushinagar_Padrauna.general,21,6,15,up,2010,linked_wife_share
Kushinagar_Ramkola.general,14,2,12,up,2010,linked_wife_share
Kushinagar_Sewarhi.general,10,4,6,up,2010,linked_wife_share
Kushinagar_Sukaroli.general,14,2,12,up,2010,linked_wife_share
Kushinagar_Tamkuhiraj.general,22,8,14,up,2010,linked_wife_share
Kushinagar_Vishunpura.general,22,4,18,up,2010,linked_wife_share
Lakhimpur Khiri_Bankeganj.general,11,2,9,up,2010,linked_wife_share
Lakhimpur Khiri_Bijua.general,26,8,18,up,2010,linked_wife_share
Lakhimpur Khiri_Dhaurhara.general,14,4,10,up,2010,linked_wife_share
Lakhimpur Khiri_Gola (Kumbhi).general,21,7,14,up,2010,linked_wife_share
Lakhimpur Khiri_Isanagar.general,29,9,20,up,2010,linked_wife_share
Lakhimpur Khiri_Lakhimpur.general,27,11,16,up,2010,linked_wife_share
Lakhimpur Khiri_Mitauli.general,28,12,16,up,2010,linked_wife_share
Lakhimpur Khiri_Mohammadi.general,27,7,20,up,2010,linked_wife_share
Lakhimpur Khiri_Nakha.general,12,4,8,up,2010,linked_wife_share
Lakhimpur Khiri_Nighasan.general,21,7,14,up,2010,linked_wife_share
Lakhimpur Khiri_Palia.general,14,5,9,up,2010,linked_wife_share
Lakhimpur Khiri_Pasgawan.general,32,5,27,up,2010,linked_wife_share
Lakhimpur Khiri_Phoolbehad.general,24,7,17,up,2010,linked_wife_share
Lakhimpur Khiri_Ramiyabehar.general,18,6,12,up,2010,linked_wife_share
Lalitpur_Baar.general,14,5,9,up,2010,linked_wife_share
Lalitpur_Jakhaura.general,26,6,20,up,2010,linked_wife_share
Lalitpur_Mahrauni.general,16,5,11,up,2010,linked_wife_share
Lalitpur_Maraawara.general,17,5,12,up,2010,linked_wife_share
Lalitpur_Talbehat.general,11,4,7,up,2010,linked_wife_share
Lalitpur_Virddha.general,24,8,16,up,2010,linked_wife_share
Maharajganj_Brajamangnaj.general,23,8,15,up,2010,linked_wife_share
Maharajganj_Dhani.general,8,3,5,up,2010,linked_wife_share
Maharajganj_Ferenda.general,20,7,13,up,2010,linked_wife_share
Maharajganj_Ghughli.general,18,6,12,up,2010,linked_wife_share
Maharajganj_Lakshmipur.general,21,4,17,up,2010,linked_wife_share
Maharajganj_Maharajganj Sadar.general,15,4,11,up,2010,linked_wife_share
Maharajganj_Mithoura.general,24,9,15,up,2010,linked_wife_share
Maharajganj_Nautanwa.general,18,7,11,up,2010,linked_wife_share
Maharajganj_Nichlaul.general,26,10,16,up,2010,linked_wife_share
Maharajganj_Paniyara.general,15,6,9,up,2010,linked_wife_share
Maharajganj_Partawal.general,23,7,16,up,2010,linked_wife_share
Maharajganj_Siswa Bazar.general,12,3,9,up,2010,linked_wife_share
Mahoba_Charkhari.general,10,3,7,up,2010,linked_wife_share
Mahoba_Jaitpur.general,6,3,3,up,2010,linked_wife_share
Mahoba_Kabrai.general,19,6,13,up,2010,linked_wife_share
Mainpuri_Barnahal.general,18,8,10,up,2010,linked_wife_share
Mainpuri_Bebar.general,28,9,19,up,2010,linked_wife_share
Mainpuri_Ghiror.general,22,5,17,up,2010,linked_wife_share
Mainpuri_Jagir.general,14,4,10,up,2010,linked_wife_share
Mainpuri_Karhal.general,20,6,14,up,2010,linked_wife_share
Mainpuri_Kurawli.general,17,8,9,up,2010,linked_wife_share
Mainpuri_Mainpuri.general,19,7,12,up,2010,linked_wife_share
Mainpuri_Sultanganj.general,24,8,16,up,2010,linked_wife_share
Mau_Baragaon.general,16,7,9,up,2010,linked_wife_share
Mau_Dohrighat.general,23,10,13,up,2010,linked_wife_share
Mau_Ghosi.general,18,6,12,up,2010,linked_wife_share
Mau_Kopaganj.general,16,5,11,up,2010,linked_wife_share
Mau_Muhammadabad.general,22,8,14,up,2010,linked_wife_share
Mau_Pardha.general,5,2,3,up,2010,linked_wife_share
Mau_Ranipur.general,22,8,14,up,2010,linked_wife_share
Mau_Ratanpura.general,14,5,9,up,2010,linked_wife_share
Mirzapur_Chhaanbe.general,20,5,15,up,2010,linked_wife_share
Mirzapur_Halia.general,28,7,21,up,2010,linked_wife_share
Mirzapur_Jamalpur.general,1,0,1,up,2010,linked_wife_share
Mirzapur_Kon (Cheelha).general,10,3,7,up,2010,linked_wife_share
Mirzapur_Lalganj.general,18,5,13,up,2010,linked_wife_share
Mirzapur_Majhwan.general,6,1,5,up,2010,linked_wife_share
Mirzapur_Narayanpur.general,18,13,5,up,2010,linked_wife_share
Mirzapur_Pahadi.general,13,4,9,up,2010,linked_wife_share
Mirzapur_Rajgarh.general,26,6,20,up,2010,linked_wife_share
Mirzapur_Seekhar.general,7,3,4,up,2010,linked_wife_share
Muradabad_Asamoli.general,15,3,12,up,2010,linked_wife_share
Muradabad_Bahjoi.general,4,1,3,up,2010,linked_wife_share
Muradabad_Bilari.general,15,4,11,up,2010,linked_wife_share
Muradabad_Chhajlait.general,7,2,5,up,2010,linked_wife_share
Muradabad_Dilari.general,31,11,20,up,2010,linked_wife_share
Muradabad_Dingarpur (Kundarki).general,34,9,25,up,2010,linked_wife_share
Muradabad_Mudhaa Pandey.general,23,4,19,up,2010,linked_wife_share
Muradabad_Muradabad.general,19,6,13,up,2010,linked_wife_share
Muradabad_Panwasa.general,12,3,9,up,2010,linked_wife_share
Muradabad_Sambhal.general,16,3,13,up,2010,linked_wife_share
Muradabad_Thakurdwara.general,23,5,18,up,2010,linked_wife_share
Muzzafarnagar_Baghra.general,13,4,9,up,2010,linked_wife_share
Muzzafarnagar_Budhana.general,13,6,7,up,2010,linked_wife_share
Muzzafarnagar_Charthaawal.general,14,4,10,up,2010,linked_wife_share
Muzzafarnagar_Jansath.general,7,3,4,up,2010,linked_wife_share
Muzzafarnagar_Kairana.general,7,3,4,up,2010,linked_wife_share
Muzzafarnagar_Kandla.general,9,4,5,up,2010,linked_wife_share
Muzzafarnagar_Khatauli.general,22,9,13,up,2010,linked_wife_share
Muzzafarnagar_Morna.general,13,4,9,up,2010,linked_wife_share
Muzzafarnagar_Purkaji.general,9,0,9,up,2010,linked_wife_share
Muzzafarnagar_Sadar.general,5,2,3,up,2010,linked_wife_share
Muzzafarnagar_Shahpur.general,7,2,5,up,2010,linked_wife_share
Muzzafarnagar_Shamli.general,13,5,8,up,2010,linked_wife_share
Muzzafarnagar_Un.general,12,3,9,up,2010,linked_wife_share
Pilibhit_Amariya.general,33,16,17,up,2010,linked_wife_share
Pilibhit_Barkheda.general,27,9,18,up,2010,linked_wife_share
Pilibhit_Bilsanda.general,27,10,17,up,2010,linked_wife_share
Pilibhit_Bisalpur.general,27,9,18,up,2010,linked_wife_share
Pilibhit_Lalauri Kheda.general,17,1,16,up,2010,linked_wife_share
Pilibhit_Marauri.general,18,4,14,up,2010,linked_wife_share
Pilibhit_Purnanpur.general,32,9,23,up,2010,linked_wife_share
Pratapgarh_Baabaa Belkharnath Dhaam.general,24,6,18,up,2010,linked_wife_share
Pratapgarh_Baabaganj.general,22,7,15,up,2010,linked_wife_share
Pratapgarh_Bihar.general,22,7,15,up,2010,linked_wife_share
Pratapgarh_Gaura.general,12,6,6,up,2010,linked_wife_share
Pratapgarh_Kalakankar.general,18,7,11,up,2010,linked_wife_share
Pratapgarh_Kunda.general,30,10,20,up,2010,linked_wife_share
Pratapgarh_Lakshmanpur.general,23,9,14,up,2010,linked_wife_share
Pratapgarh_Lalganj.general,11,3,8,up,2010,linked_wife_share
Pratapgarh_Magraura.general,22,7,15,up,2010,linked_wife_share
Pratapgarh_Mandhaata.general,17,8,9,up,2010,linked_wife_share
Pratapgarh_Patti.general,18,5,13,up,2010,linked_wife_share
Pratapgarh_Sadar.general,14,4,10,up,2010,linked_wife_share
Pratapgarh_Sandwaa Chandrika.general,16,4,12,up,2010,linked_wife_share
Pratapgarh_Sangipur.general,22,6,16,up,2010,linked_wife_share
Pratapgarh_Shivgarh.general,16,4,12,up,2010,linked_wife_share
Rae bareli_Amawan.general,10,1,9,up,2010,linked_wife_share
Rae bareli_Bachhrawan.general,17,6,11,up,2010,linked_wife_share
Rae bareli_Dalmau.general,21,6,15,up,2010,linked_wife_share
Rae bareli_Deenshaahgaura.general,12,4,8,up,2010,linked_wife_share
Rae bareli_Harchandpur.general,15,6,9,up,2010,linked_wife_share
Rae bareli_Khiro.general,20,5,15,up,2010,linked_wife_share
Rae bareli_Lalganj.general,16,3,13,up,2010,linked_wife_share
Rae bareli_Maharajganj.general,17,4,13,up,2010,linked_wife_share
Rae bareli_Rahi.general,18,5,13,up,2010,linked_wife_share
Rae bareli_Rohanea.general,4,1,3,up,2010,linked_wife_share
Rae bareli_Sareni.general,25,8,17,up,2010,linked_wife_share
Rae bareli_Sataon.general,13,4,9,up,2010,linked_wife_share
Rae bareli_Shivgarh.general,11,4,7,up,2010,linked_wife_share
Rae bareli_Unchahaar.general,15,5,10,up,2010,linked_wife_share
Rampur_Bilaaspur.general,35,10,25,up,2010,linked_wife_share
Rampur_Milk.general,52,0,52,up,2010,linked_wife_share
Rampur_Saidnagar.general,23,7,16,up,2010,linked_wife_share
Saharanpur_Baliyakhedi.general,21,8,13,up,2010,linked_wife_share
Saharanpur_Devbanda.general,17,5,12,up,2010,linked_wife_share
Saharanpur_Gangoh.general,17,5,12,up,2010,linked_wife_share
Saharanpur_Muzaffarabad.general,27,8,19,up,2010,linked_wife_share
Saharanpur_Nagal.general,11,3,8,up,2010,linked_wife_share
Saharanpur_Nakud.general,24,8,16,up,2010,linked_wife_share
Saharanpur_Rampur Maniharan.general,14,5,9,up,2010,linked_wife_share
Saharanpur_Sarsawa.general,19,6,13,up,2010,linked_wife_share
Sant Kabeer Nagar_Baghauli.general,27,8,19,up,2010,linked_wife_share
Sant Kabeer Nagar_Belhar Kala.general,18,4,14,up,2010,linked_wife_share
Sant Kabeer Nagar_Khalilabad.general,18,5,13,up,2010,linked_wife_share
Sant Kabeer Nagar_Mehdawal.general,20,6,14,up,2010,linked_wife_share
Sant Kabeer Nagar_Nathnagar.general,22,5,17,up,2010,linked_wife_share
Sant Kabeer Nagar_Pauli.general,9,4,5,up,2010,linked_wife_share
Sant Kabeer Nagar_Sautha.general,9,3,6,up,2010,linked_wife_share
Sant Kabeer Nagar_Semriyawa.general,24,8,16,up,2010,linked_wife_share
Sant Ravidas Nagar_Abholi.general,17,5,12,up,2010,linked_wife_share
Sant Ravidas Nagar_Aurain.general,36,13,23,up,2010,linked_wife_share
Sant Ravidas Nagar_Bhadohi.general,17,7,10,up,2010,linked_wife_share
Sant Ravidas Nagar_Deegh.general,23,7,16,up,2010,linked_wife_share
Sant Ravidas Nagar_Gyanpur.general,20,7,13,up,2010,linked_wife_share
Sant Ravidas Nagar_Suriyawan.general,18,4,14,up,2010,linked_wife_share
Shravasti_Gilola.general,23,8,15,up,2010,linked_wife_share
Shravasti_Hariharpur Rani.general,20,9,11,up,2010,linked_wife_share
Shravasti_Ikouna.general,29,10,19,up,2010,linked_wife_share
Shravasti_Jamunha.general,29,10,19,up,2010,linked_wife_share
Shravasti_Sirsia.general,30,9,21,up,2010,linked_wife_share
Siddharth Nagar_Badhni.general,17,8,9,up,2010,linked_wife_share
Siddharth Nagar_Bansi.general,18,5,13,up,2010,linked_wife_share
Siddharth Nagar_Bhanwaapur.general,23,5,18,up,2010,linked_wife_share
Siddharth Nagar_Dumriaganj.general,41,13,28,up,2010,linked_wife_share
Siddharth Nagar_Itwa.general,25,7,18,up,2010,linked_wife_share
Siddharth Nagar_Jogiya.general,18,5,13,up,2010,linked_wife_share
Siddharth Nagar_Khesarha.general,28,5,23,up,2010,linked_wife_share
Siddharth Nagar_Khuniyav.general,22,8,14,up,2010,linked_wife_share
Siddharth Nagar_Lotan Bazar.general,18,6,12,up,2010,linked_wife_share
Siddharth Nagar_Mithwal.general,27,8,19,up,2010,linked_wife_share
Siddharth Nagar_Naugadh.general,15,5,10,up,2010,linked_wife_share
Siddharth Nagar_Shohratgarh.general,15,5,10,up,2010,linked_wife_share
Siddharth Nagar_UskaBazar.general,13,5,8,up,2010,linked_wife_share
Sitapur_Ailiya.general,30,9,21,up,2010,linked_wife_share
Sitapur_Behata.general,20,7,13,up,2010,linked_wife_share
Sitapur_Biswan.general,30,9,21,up,2010,linked_wife_share
Sitapur_Gondlamau.general,12,3,9,up,2010,linked_wife_share
Sitapur_Hargaon.general,22,8,14,up,2010,linked_wife_share
Sitapur_Kasmanda.general,25,10,15,up,2010,linked_wife_share
Sitapur_Khairbad.general,21,7,14,up,2010,linked_wife_share
Sitapur_Laharpur.general,14,6,8,up,2010,linked_wife_share
Sitapur_Machhrehta.general,25,8,17,up,2010,linked_wife_share
Sitapur_Mahmudabad.general,21,7,14,up,2010,linked_wife_share
Sitapur_Maholi.general,14,5,9,up,2010,linked_wife_share
Sitapur_Mishrikh.general,21,6,15,up,2010,linked_wife_share
Sitapur_Pahala.general,31,9,22,up,2010,linked_wife_share
Sitapur_Parsendi.general,29,9,20,up,2010,linked_wife_share
Sitapur_Pisawan.general,30,9,21,up,2010,linked_wife_share
Sitapur_Rampurmathura.general,24,10,14,up,2010,linked_wife_share
Sitapur_Reusaa.general,24,7,17,up,2010,linked_wife_share
Sitapur_Sakran.general,17,4,13,up,2010,linked_wife_share
Sitapur_Sidhauli.general,17,5,12,up,2010,linked_wife_share
Sonbhadra_Chatra.general,10,1,9,up,2010,linked_wife_share
Sonbhadra_Chopan.general,9,2,7,up,2010,linked_wife_share
Sonbhadra_Duddhi.general,7,1,6,up,2010,linked_wife_share
Sonbhadra_Ghorawal.general,34,13,21,up,2010,linked_wife_share
Sonbhadra_Myorpur.general,24,6,18,up,2010,linked_wife_share
Sonbhadra_Nagwan.general,4,1,3,up,2010,linked_wife_share
Sonbhadra_Robertsganj.general,22,10,12,up,2010,linked_wife_share
Sonbhadra_Vabhni.general,7,2,5,up,2010,linked_wife_share
Sultanpur_Akhandnagar.general,24,6,18,up,2010,linked_wife_share
Sultanpur_Baldirai.general,13,3,10,up,2010,linked_wife_share
Sultanpur_Bhaiyya.general,21,7,14,up,2010,linked_wife_share
Sultanpur_Dhanpat Ganj.general,17,5,12,up,2010,linked_wife_share
Sultanpur_Doobepur.general,29,9,20,up,2010,linked_wife_share
Sultanpur_Dostpur.general,9,1,8,up,2010,linked_wife_share
Sultanpur_Jaisinghpur.general,23,6,17,up,2010,linked_wife_share
Sultanpur_Kadipur.general,15,8,7,up,2010,linked_wife_share
Sultanpur_Kudebhar.general,21,6,15,up,2010,linked_wife_share
Sultanpur_Kudwar.general,17,7,10,up,2010,linked_wife_share
Sultanpur_Lambhua.general,24,7,17,up,2010,linked_wife_share
Sultanpur_Motigarpur.general,13,4,9,up,2010,linked_wife_share
Sultanpur_Pratappur Kemaicha.general,16,5,11,up,2010,linked_wife_share
Unnao_Asoha.general,24,7,17,up,2010,linked_wife_share
Unnao_Auras.general,21,8,13,up,2010,linked_wife_share
Unnao_Bangarmau.general,15,5,10,up,2010,linked_wife_share
Unnao_Bichiya.general,21,5,16,up,2010,linked_wife_share
Unnao_Bighapur.general,22,7,15,up,2010,linked_wife_share
Unnao_Fatehpur Chaurasi.general,15,7,8,up,2010,linked_wife_share
Unnao_Hasan ganj.general,27,8,19,up,2010,linked_wife_share
Unnao_Hilauli.general,15,5,10,up,2010,linked_wife_share
Unnao_Nawabganj.general,26,10,16,up,2010,linked_wife_share
Unnao_Purwa.general,19,7,12,up,2010,linked_wife_share
Unnao_Safipur.general,22,8,14,up,2010,linked_wife_share
Unnao_Si. Sirosi.general,19,7,12,up,2010,linked_wife_share
Unnao_Sikandarpur Karan.general,20,7,13,up,2010,linked_wife_share
Unnao_Sumerpur.general,24,7,17,up,2010,linked_wife_share
Varanasi_Araji Lines.general,43,17,26,up,2010,linked_wife_share
Varanasi_Badagaon.general,26,7,19,up,2010,linked_wife_share
Varanasi_Chiraigaon.general,11,3,8,up,2010,linked_wife_share
Varanasi_Cholapur.general,21,7,14,up,2010,linked_wife_share
Varanasi_Harhua.general,18,4,14,up,2010,linked_wife_share
Varanasi_Kashividyapeeth.general,18,7,11,up,2010,linked_wife_share
Varanasi_Pindra.general,35,12,23,up,2010,linked_wife_share
Varanasi_Sewapuri.general,35,14,21,up,2010,linked_wife_share
Agra_Achnera.obc,6,0,6,up,2010,linked_wife_share
Agra_Akolaa.obc,6,2,4,up,2010,linked_wife_share
Agra_Bah.obc,7,0,7,up,2010,linked_wife_share
Agra_Baroli Ahir.obc,9,0,9,up,2010,linked_wife_share
Agra_Bichpuri.obc,4,0,4,up,2010,linked_wife_share
Agra_Etmaadpur.obc,8,2,6,up,2010,linked_wife_share
Agra_Fatehabad.obc,11,5,6,up,2010,linked_wife_share
Agra_Fatehpur Seekri.obc,9,3,6,up,2010,linked_wife_share
Agra_Jagner.obc,3,0,3,up,2010,linked_wife_share
Agra_Khandoli.obc,6,1,5,up,2010,linked_wife_share
Agra_Pinahat.obc,5,2,3,up,2010,linked_wife_share
Agra_Shamshabaad.obc,8,4,4,up,2010,linked_wife_share
Ambedkar Nagar_Akbarpur.obc,23,7,16,up,2010,linked_wife_share
Ambedkar Nagar_Basakhari.obc,14,3,11,up,2010,linked_wife_share
Ambedkar Nagar_Bhiti.obc,9,4,5,up,2010,linked_wife_share
Ambedkar Nagar_Jahangirganj.obc,11,4,7,up,2010,linked_wife_share
Ambedkar Nagar_Jalalpur.obc,19,8,11,up,2010,linked_wife_share
Ambedkar Nagar_Katehri.obc,13,5,8,up,2010,linked_wife_share
Ambedkar Nagar_Miyan.obc,16,5,11,up,2010,linked_wife_share
Ambedkar Nagar_Ramnagar.obc,21,8,13,up,2010,linked_wife_share
Ambedkar Nagar_Tanda.obc,19,7,12,up,2010,linked_wife_share
Auraiya_Achhaldaa.obc,8,3,5,up,2010,linked_wife_share
Auraiya_Ajitmal.obc,10,4,6,up,2010,linked_wife_share
Auraiya_Auraiya.obc,15,4,11,up,2010,linked_wife_share
Auraiya_Bhagyanagar.obc,14,5,9,up,2010,linked_wife_share
Auraiya_Eva Katra.obc,6,2,4,up,2010,linked_wife_share
Auraiya_Sahar.obc,15,5,10,up,2010,linked_wife_share
Auraiya_Vidhuna.obc,11,4,7,up,2010,linked_wife_share
Bagpat_Bagpat.obc,4,2,2,up,2010,linked_wife_share
Bagpat_Baraut.obc,6,2,4,up,2010,linked_wife_share
Bagpat_Binauli.obc,6,3,3,up,2010,linked_wife_share
Bagpat_Chhaparauli.obc,4,2,2,up,2010,linked_wife_share
Bagpat_Khekhada.obc,5,2,3,up,2010,linked_wife_share
Bagpat_Pilana.obc,8,3,5,up,2010,linked_wife_share
Bahraich_Balha.obc,3,0,3,up,2010,linked_wife_share
Bahraich_Fakhrpur.obc,15,5,10,up,2010,linked_wife_share
Bahraich_Huzurpur.obc,15,5,10,up,2010,linked_wife_share
Bahraich_Jarwal.obc,15,6,9,up,2010,linked_wife_share
Bahraich_Kaiserganj.obc,11,3,8,up,2010,linked_wife_share
Bahraich_Mahsi.obc,12,5,7,up,2010,linked_wife_share
Bahraich_Mihipurwa.obc,12,6,6,up,2010,linked_wife_share
Bahraich_Nawabganj.obc,11,5,6,up,2010,linked_wife_share
Bahraich_Prayagpur.obc,12,5,7,up,2010,linked_wife_share
Bahraich_Risia.obc,13,5,8,up,2010,linked_wife_share
Bahraich_Shivpur.obc,12,5,7,up,2010,linked_wife_share
Bahraich_Tajwapur.obc,14,4,10,up,2010,linked_wife_share
Bahraich_Visheshwarganj.obc,14,5,9,up,2010,linked_wife_share
Baliya_Baasadeeh.obc,6,3,3,up,2010,linked_wife_share
Baliya_Bairiya.obc,6,2,4,up,2010,linked_wife_share
Baliya_Belhari.obc,3,1,2,up,2010,linked_wife_share
Baliya_Berua Bari.obc,5,2,3,up,2010,linked_wife_share
Baliya_Chilakhar.obc,9,2,7,up,2010,linked_wife_share
Baliya_Gadwar.obc,10,4,6,up,2010,linked_wife_share
Baliya_Hanumanganj.obc,7,4,3,up,2010,linked_wife_share
Baliya_Maniyar.obc,14,3,11,up,2010,linked_wife_share
Baliya_Murli Chappa.obc,6,2,4,up,2010,linked_wife_share
Baliya_Nagra.obc,6,2,4,up,2010,linked_wife_share
Baliya_Nawanagar.obc,11,4,7,up,2010,linked_wife_share
Baliya_Pandah.obc,9,4,5,up,2010,linked_wife_share
Baliya_Rasra.obc,12,5,7,up,2010,linked_wife_share
Baliya_Revti.obc,5,1,4,up,2010,linked_wife_share
Baliya_Sier.obc,17,5,12,up,2010,linked_wife_share
Baliya_Sohaon.obc,10,5,5,up,2010,linked_wife_share
Balrampur_Balrampur.obc,16,4,12,up,2010,linked_wife_share
Balrampur_Gaidas Buzurg.obc,5,3,2,up,2010,linked_wife_share
Balrampur_Gainsadi.obc,18,6,12,up,2010,linked_wife_share
Balrampur_Hariya Satgharwa.obc,19,7,12,up,2010,linked_wife_share
Balrampur_Pachpedwa.obc,13,4,9,up,2010,linked_wife_share
Balrampur_Rehra Bazar.obc,11,2,9,up,2010,linked_wife_share
Balrampur_Shridattganj.obc,13,5,8,up,2010,linked_wife_share
Balrampur_Tulsipur.obc,16,7,9,up,2010,linked_wife_share
Balrampur_Utraula.obc,14,5,9,up,2010,linked_wife_share
Banda_Baberu.obc,12,5,7,up,2010,linked_wife_share
Banda_Badokhar Khurd.obc,8,3,5,up,2010,linked_wife_share
Banda_Bissanda.obc,9,3,6,up,2010,linked_wife_share
Banda_Jaspura.obc,8,3,5,up,2010,linked_wife_share
Banda_Kamasin.obc,7,2,5,up,2010,linked_wife_share
Banda_Mahua.obc,14,5,9,up,2010,linked_wife_share
Banda_Narani.obc,16,7,9,up,2010,linked_wife_share
Banda_Tindwaari.obc,8,2,6,up,2010,linked_wife_share
Barabanki_Banikoder.obc,14,7,7,up,2010,linked_wife_share
Barabanki_Banki.obc,10,4,6,up,2010,linked_wife_share
Barabanki_Dariyabad.obc,20,0,20,up,2010,linked_wife_share
Barabanki_Dewan.obc,9,2,7,up,2010,linked_wife_share
Barabanki_Haidarganj.obc,12,4,8,up,2010,linked_wife_share
Barabanki_Harakh.obc,14,4,10,up,2010,linked_wife_share
Barabanki_masauli.obc,6,3,3,up,2010,linked_wife_share
Barabanki_Nindur.obc,12,4,8,up,2010,linked_wife_share
Barabanki_Puredlai.obc,8,0,8,up,2010,linked_wife_share
Barabanki_Ramnagar.obc,15,5,10,up,2010,linked_wife_share
Barabanki_Siddhaur.obc,17,5,12,up,2010,linked_wife_share
Barabanki_Sirauli Gauspur.obc,12,4,8,up,2010,linked_wife_share
Barabanki_Suratganj.obc,15,5,10,up,2010,linked_wife_share
Barabanki_Trivediganj.obc,14,5,9,up,2010,linked_wife_share
Bareilly_Alampur Jafrabaad.obc,15,4,11,up,2010,linked_wife_share
Bareilly_Bahedi.obc,17,6,11,up,2010,linked_wife_share
Bareilly_Bhadpura.obc,6,2,4,up,2010,linked_wife_share
Bareilly_Bhojipura.obc,12,3,9,up,2010,linked_wife_share
Bareilly_Bhuta.obc,15,6,9,up,2010,linked_wife_share
Bareilly_Damkhoda.obc,10,3,7,up,2010,linked_wife_share
Bareilly_Faridpur.obc,9,3,6,up,2010,linked_wife_share
Bareilly_Fatehganj ( P O ).obc,13,5,8,up,2010,linked_wife_share
Bareilly_Kyara.obc,3,1,2,up,2010,linked_wife_share
Bareilly_Majhgawan.obc,9,2,7,up,2010,linked_wife_share
Bareilly_Mirganj.obc,11,5,6,up,2010,linked_wife_share
Bareilly_Nawabganj.obc,6,1,5,up,2010,linked_wife_share
Bareilly_Shergarh.obc,9,2,7,up,2010,linked_wife_share
Basti_Bahadurpur.obc,9,4,5,up,2010,linked_wife_share
Basti_Bankati.obc,21,3,18,up,2010,linked_wife_share
Basti_Basti.obc,16,5,11,up,2010,linked_wife_share
Basti_Bikramjot.obc,18,5,13,up,2010,linked_wife_share
Basti_Dubaulia.obc,11,4,7,up,2010,linked_wife_share
Basti_Gour.obc,11,4,7,up,2010,linked_wife_share
Basti_Hareya.obc,12,3,9,up,2010,linked_wife_share
Basti_Kaptaiganj.obc,13,3,10,up,2010,linked_wife_share
Basti_Kudrah.obc,16,5,11,up,2010,linked_wife_share
Basti_Parsrampur.obc,13,6,7,up,2010,linked_wife_share
Basti_Ramnagar.obc,12,3,9,up,2010,linked_wife_share
Basti_Raudhauli.obc,11,3,8,up,2010,linked_wife_share
Basti_Saltoya Gopalpur.obc,36,5,31,up,2010,linked_wife_share
Basti_Saugahat.obc,23,5,18,up,2010,linked_wife_share
Bijnaur_Afzalgarah.obc,8,3,5,up,2010,linked_wife_share
Bijnaur_Haldaur.obc,15,7,8,up,2010,linked_wife_share
Bijnaur_Jalilpur.obc,18,7,11,up,2010,linked_wife_share
Bijnaur_Kiratpur.obc,4,0,4,up,2010,linked_wife_share
Bijnaur_Kotwali.obc,22,9,13,up,2010,linked_wife_share
Bijnaur_Mau Pur Devmal.obc,17,6,11,up,2010,linked_wife_share
Bijnaur_Najibabad.obc,21,6,15,up,2010,linked_wife_share
Bijnaur_Noorpur.obc,17,7,10,up,2010,linked_wife_share
Bijnaur_Syohara.obc,15,6,9,up,2010,linked_wife_share
Budaun_Gunnaur.obc,9,3,6,up,2010,linked_wife_share
Budaun_Junawai.obc,7,3,4,up,2010,linked_wife_share
Bulandshahr_Agauta.obc,7,4,3,up,2010,linked_wife_share
Bulandshahr_Anupshahr.obc,6,1,5,up,2010,linked_wife_share
Bulandshahr_Arniyaan.obc,3,1,2,up,2010,linked_wife_share
Bulandshahr_B. B. Nagar.obc,3,0,3,up,2010,linked_wife_share
Bulandshahr_Bulandshahr.obc,11,3,8,up,2010,linked_wife_share
Bulandshahr_Danpur.obc,1,0,1,up,2010,linked_wife_share
Bulandshahr_Dibai.obc,3,2,1,up,2010,linked_wife_share
Bulandshahr_Gulawati.obc,4,1,3,up,2010,linked_wife_share
Bulandshahr_Jahangirabad.obc,4,3,1,up,2010,linked_wife_share
Bulandshahr_Khujra.obc,7,3,4,up,2010,linked_wife_share
Bulandshahr_Lakhauti.obc,6,3,3,up,2010,linked_wife_share
Bulandshahr_Pahasu.obc,3,1,2,up,2010,linked_wife_share
Bulandshahr_Shikarpur.obc,1,0,1,up,2010,linked_wife_share
Bulandshahr_Sikandrabad.obc,12,7,5,up,2010,linked_wife_share
Bulandshahr_Siyana.obc,2,1,1,up,2010,linked_wife_share
Bulandshahr_Unchagaon.obc,6,2,4,up,2010,linked_wife_share
Chandauli_Barhani.obc,2,0,2,up,2010,linked_wife_share
Chandauli_Chahniya.obc,11,3,8,up,2010,linked_wife_share
Chandauli_Chakia.obc,11,3,8,up,2010,linked_wife_share
Chandauli_Dhanapur.obc,1,1,0,up,2010,linked_wife_share
Chandauli_Naugadh.obc,4,2,2,up,2010,linked_wife_share
Chandauli_Niyamatabad.obc,13,3,10,up,2010,linked_wife_share
Chandauli_Sakaldeeha.obc,12,4,8,up,2010,linked_wife_share
Chandauli_Shahababganj.obc,9,2,7,up,2010,linked_wife_share
Chitrakoot_Karwi (Chitrakoot).obc,14,4,10,up,2010,linked_wife_share
Chitrakoot_Manikpur.obc,8,3,5,up,2010,linked_wife_share
Chitrakoot_Mau.obc,7,4,3,up,2010,linked_wife_share
Chitrakoot_Pahadi.obc,15,5,10,up,2010,linked_wife_share
Chitrakoot_Ramnagar.obc,6,3,3,up,2010,linked_wife_share
Firozabad_Aaraon.obc,10,3,7,up,2010,linked_wife_share
Firozabad_Eka.obc,12,4,8,up,2010,linked_wife_share
Firozabad_Firozabad.obc,5,4,1,up,2010,linked_wife_share
Firozabad_Hathwant.obc,8,2,6,up,2010,linked_wife_share
Firozabad_Jasrana.obc,8,5,3,up,2010,linked_wife_share
Firozabad_Madanpur.obc,14,4,10,up,2010,linked_wife_share
Firozabad_Narkhi.obc,7,2,5,up,2010,linked_wife_share
Firozabad_Shikohabad.obc,9,3,6,up,2010,linked_wife_share
Firozabad_Tundla.obc,8,5,3,up,2010,linked_wife_share
Gautam Buddha Nagar_Dadri.obc,6,4,2,up,2010,linked_wife_share
Gautam Buddha Nagar_Jewar.obc,2,1,1,up,2010,linked_wife_share
Gautam Buddha Nagar_Visarkh.obc,2,0,2,up,2010,linked_wife_share
Ghaziabad_Bhojpur.obc,6,3,3,up,2010,linked_wife_share
Ghaziabad_Dhaulana.obc,10,5,5,up,2010,linked_wife_share
Ghaziabad_Garhmukteshwar.obc,9,4,5,up,2010,linked_wife_share
Ghaziabad_Hapur.obc,11,3,8,up,2010,linked_wife_share
Ghaziabad_Loni.obc,3,1,2,up,2010,linked_wife_share
Ghaziabad_Muradnagar.obc,15,5,10,up,2010,linked_wife_share
Ghaziabad_Rajapur.obc,4,3,1,up,2010,linked_wife_share
Ghaziabad_Simbhavli.obc,10,3,7,up,2010,linked_wife_share
Ghazipur_Barachwar.obc,14,4,10,up,2010,linked_wife_share
Ghazipur_Bhadaura.obc,6,1,5,up,2010,linked_wife_share
Ghazipur_Jakhniya.obc,21,9,12,up,2010,linked_wife_share
Ghazipur_Jamaniya.obc,7,3,4,up,2010,linked_wife_share
Ghazipur_Karanda.obc,8,5,3,up,2010,linked_wife_share
Ghazipur_Kasimabad.obc,15,6,9,up,2010,linked_wife_share
Ghazipur_Manihari.obc,16,6,10,up,2010,linked_wife_share
Ghazipur_Mardan.obc,7,2,5,up,2010,linked_wife_share
Ghazipur_Muhammadabad.obc,16,6,10,up,2010,linked_wife_share
Ghazipur_Revatipur.obc,3,1,2,up,2010,linked_wife_share
Ghazipur_Sadaat.obc,9,5,4,up,2010,linked_wife_share
Ghazipur_Sadar.obc,8,3,5,up,2010,linked_wife_share
Ghazipur_Saidpur.obc,11,3,8,up,2010,linked_wife_share
Ghazipur_Virano.obc,10,3,7,up,2010,linked_wife_share
Gonda_Belasar.obc,7,2,5,up,2010,linked_wife_share
Gonda_Bhabha njot.obc,18,9,9,up,2010,linked_wife_share
Gonda_Chhapia.obc,17,7,10,up,2010,linked_wife_share
Gonda_Etiyathok.obc,14,4,10,up,2010,linked_wife_share
Gonda_Haladharamuu.obc,10,6,4,up,2010,linked_wife_share
Gonda_Jhanjhari.obc,18,7,11,up,2010,linked_wife_share
Gonda_Karnailganj.obc,11,5,6,up,2010,linked_wife_share
Gonda_Katra Bazar.obc,11,3,8,up,2010,linked_wife_share
Gonda_Manakapur.obc,21,7,14,up,2010,linked_wife_share
Gonda_Mujehana.obc,10,3,7,up,2010,linked_wife_share
Gonda_Nawabganj.obc,20,6,14,up,2010,linked_wife_share
Gonda_Pandri Kripal.obc,7,2,5,up,2010,linked_wife_share
Gonda_Parsapur.obc,13,1,12,up,2010,linked_wife_share
Gonda_Rupaidih.obc,10,3,7,up,2010,linked_wife_share
Gonda_Tarabganj.obc,9,3,6,up,2010,linked_wife_share
Gonda_Wazirganj.obc,10,4,6,up,2010,linked_wife_share
Gorakhpur_Barhalganj.obc,2,2,0,up,2010,linked_wife_share
Gorakhpur_Belghat.obc,14,5,9,up,2010,linked_wife_share
Gorakhpur_Bosagaon.obc,9,3,6,up,2010,linked_wife_share
Gorakhpur_Brahmpur.obc,9,3,6,up,2010,linked_wife_share
Gorakhpur_Chargaawon.obc,6,1,5,up,2010,linked_wife_share
Gorakhpur_Gagaha.obc,12,5,7,up,2010,linked_wife_share
Gorakhpur_Gola.obc,13,5,8,up,2010,linked_wife_share
Gorakhpur_J. O. Kauriya.obc,10,4,6,up,2010,linked_wife_share
Gorakhpur_Kauriram.obc,11,4,7,up,2010,linked_wife_share
Gorakhpur_Khajni.obc,16,7,9,up,2010,linked_wife_share
Gorakhpur_Khorabaar.obc,5,4,1,up,2010,linked_wife_share
Gorakhpur_Pali.obc,4,2,2,up,2010,linked_wife_share
Gorakhpur_Piparoli.obc,8,2,6,up,2010,linked_wife_share
Gorakhpur_Pipraich.obc,12,3,9,up,2010,linked_wife_share
Gorakhpur_Sardarnagar.obc,10,4,6,up,2010,linked_wife_share
Gorakhpur_Uruvaon.obc,12,3,9,up,2010,linked_wife_share
Hamirpur_Gohand.obc,7,2,5,up,2010,linked_wife_share
Hamirpur_Kurara.obc,4,2,2,up,2010,linked_wife_share
Hamirpur_Maudha.obc,9,5,4,up,2010,linked_wife_share
Hamirpur_Muskra.obc,5,2,3,up,2010,linked_wife_share
Hamirpur_Raath.obc,5,2,3,up,2010,linked_wife_share
Hamirpur_Sarila.obc,9,4,5,up,2010,linked_wife_share
Hamirpur_Sumerpur.obc,10,3,7,up,2010,linked_wife_share
Hardoi_Ahirorhi.obc,11,4,7,up,2010,linked_wife_share
Hardoi_Barkhani.obc,8,3,5,up,2010,linked_wife_share
Hardoi_Bawan.obc,11,3,8,up,2010,linked_wife_share
Hardoi_Benhadar.obc,10,1,9,up,2010,linked_wife_share
Hardoi_Bharawan.obc,5,1,4,up,2010,linked_wife_share
Hardoi_Bilgraam.obc,14,6,8,up,2010,linked_wife_share
Hardoi_Hariyawan.obc,8,3,5,up,2010,linked_wife_share
Hardoi_Harpalpur.obc,9,5,4,up,2010,linked_wife_share
Hardoi_Kachauna.obc,5,3,2,up,2010,linked_wife_share
Hardoi_Kothawan.obc,5,2,3,up,2010,linked_wife_share
Hardoi_Madhauganj.obc,8,3,5,up,2010,linked_wife_share
Hardoi_Mallawan.obc,6,2,4,up,2010,linked_wife_share
Hardoi_Pihani.obc,13,4,9,up,2010,linked_wife_share
Hardoi_Sandi.obc,9,4,5,up,2010,linked_wife_share
Hardoi_Sandila.obc,10,4,6,up,2010,linked_wife_share
Hardoi_Shahabaad.obc,13,5,8,up,2010,linked_wife_share
Hardoi_Surusa.obc,9,2,7,up,2010,linked_wife_share
Hardoi_Tadiyawan.obc,12,4,8,up,2010,linked_wife_share
Hardoi_Todarpur.obc,10,2,8,up,2010,linked_wife_share
Hathras_Hasayan.obc,11,5,6,up,2010,linked_wife_share
Hathras_Mursan.obc,13,5,8,up,2010,linked_wife_share
Hathras_Sadabad.obc,8,1,7,up,2010,linked_wife_share
Hathras_Sahpau.obc,11,4,7,up,2010,linked_wife_share
Hathras_Sasni.obc,14,4,10,up,2010,linked_wife_share
Hathras_Sikandra Rao.obc,10,4,6,up,2010,linked_wife_share
Itawah_Badh. Pura.obc,8,3,5,up,2010,linked_wife_share
Itawah_Basrehar.obc,11,3,8,up,2010,linked_wife_share
Itawah_Bharathana.obc,11,4,7,up,2010,linked_wife_share
Itawah_Chakarnagar.obc,7,3,4,up,2010,linked_wife_share
Itawah_Jaswantnagar.obc,12,5,7,up,2010,linked_wife_share
Itawah_Mahewa.obc,14,5,9,up,2010,linked_wife_share
Itawah_Saifai.obc,14,3,11,up,2010,linked_wife_share
Itawah_Takha.obc,3,2,1,up,2010,linked_wife_share
Jalaun_Dakor.obc,12,4,8,up,2010,linked_wife_share
Jalaun_Jalaun.obc,12,5,7,up,2010,linked_wife_share
Jalaun_Kadoura.obc,12,3,9,up,2010,linked_wife_share
Jalaun_Kochan.obc,4,1,3,up,2010,linked_wife_share
Jalaun_Kuthound.obc,14,6,8,up,2010,linked_wife_share
Jalaun_Mahewa.obc,10,4,6,up,2010,linked_wife_share
Jalaun_Nadigaon.obc,12,2,10,up,2010,linked_wife_share
Jalaun_Rampura.obc,14,3,11,up,2010,linked_wife_share
Jaunpur_Badlapur.obc,15,6,9,up,2010,linked_wife_share
Jaunpur_Buxa.obc,7,3,4,up,2010,linked_wife_share
Jaunpur_Karanja Kala.obc,1,1,0,up,2010,linked_wife_share
Jaunpur_Khutahan.obc,13,5,8,up,2010,linked_wife_share
Jaunpur_Machhalishahr.obc,1,1,0,up,2010,linked_wife_share
Jaunpur_Madiyahu.obc,1,0,1,up,2010,linked_wife_share
Jaunpur_Maharajganj.obc,17,7,10,up,2010,linked_wife_share
Jaunpur_Ramnagar.obc,1,0,1,up,2010,linked_wife_share
Jaunpur_Shahganj Sodhi.obc,5,2,3,up,2010,linked_wife_share
Jaunpur_Sikarara.obc,3,1,2,up,2010,linked_wife_share
Jaunpur_Suitha Kala.obc,6,3,3,up,2010,linked_wife_share
Jhanshi_Babina.obc,6,2,4,up,2010,linked_wife_share
Jhanshi_Badagaon.obc,6,2,4,up,2010,linked_wife_share
Jhanshi_Bamour.obc,9,3,6,up,2010,linked_wife_share
Jhanshi_Chirgaon.obc,8,2,6,up,2010,linked_wife_share
Jhanshi_Moth.obc,14,5,9,up,2010,linked_wife_share
Kannauj_Chhibramau.obc,18,6,12,up,2010,linked_wife_share
Kannauj_Gugapur.obc,5,2,3,up,2010,linked_wife_share
Kannauj_Haseran.obc,9,4,5,up,2010,linked_wife_share
Kannauj_Jalalabad.obc,8,2,6,up,2010,linked_wife_share
Kannauj_Kannauj.obc,13,4,9,up,2010,linked_wife_share
Kannauj_Saurkh.obc,11,6,5,up,2010,linked_wife_share
Kannauj_Umarda.obc,11,3,8,up,2010,linked_wife_share
Kanpur Nagar_Bhitar Gaon.obc,4,3,1,up,2010,linked_wife_share
Kanpur Nagar_Bilhaur.obc,16,3,13,up,2010,linked_wife_share
Kanpur Nagar_Chaubepur.obc,11,5,6,up,2010,linked_wife_share
Kanpur Nagar_Ghatampur.obc,11,0,11,up,2010,linked_wife_share
Kanpur Nagar_Kakwan.obc,4,3,1,up,2010,linked_wife_share
Kanpur Nagar_Kalyanpur.obc,5,1,4,up,2010,linked_wife_share
Kanpur Nagar_Patara.obc,8,3,5,up,2010,linked_wife_share
Kanpur Nagar_Sarasaul.obc,5,1,4,up,2010,linked_wife_share
Kanpur Nagar_Shivrajpur.obc,27,0,27,up,2010,linked_wife_share
Kanpur Nagar_Vidhnu.obc,19,5,14,up,2010,linked_wife_share
Kaushambi_Chayal.obc,3,0,3,up,2010,linked_wife_share
Kaushambi_Kara.obc,8,5,3,up,2010,linked_wife_share
Kaushambi_Kaushambi.obc,9,3,6,up,2010,linked_wife_share
Kaushambi_Manjhanpur.obc,22,9,13,up,2010,linked_wife_share
Kaushambi_Muratganj.obc,10,3,7,up,2010,linked_wife_share
Kaushambi_NEWADA.obc,13,5,8,up,2010,linked_wife_share
Kaushambi_Sarsawa.obc,14,6,8,up,2010,linked_wife_share
Kaushambi_Sirathu.obc,9,4,5,up,2010,linked_wife_share
Kushinagar_Fazilnagar.obc,13,3,10,up,2010,linked_wife_share
Kushinagar_Hata.obc,10,1,9,up,2010,linked_wife_share
Kushinagar_Kaptaiganj.obc,14,5,9,up,2010,linked_wife_share
Kushinagar_Kasaya.obc,2,0,2,up,2010,linked_wife_share
Kushinagar_Khadda.obc,10,4,6,up,2010,linked_wife_share
Kushinagar_Moti Chak.obc,10,4,6,up,2010,linked_wife_share
Kushinagar_Nebua Naurangia.obc,8,3,5,up,2010,linked_wife_share
Kushinagar_Padrauna.obc,13,5,8,up,2010,linked_wife_share
Kushinagar_Ramkola.obc,9,3,6,up,2010,linked_wife_share
Kushinagar_Sewarhi.obc,8,2,6,up,2010,linked_wife_share
Kushinagar_Sukaroli.obc,10,3,7,up,2010,linked_wife_share
Kushinagar_Tamkuhiraj.obc,7,2,5,up,2010,linked_wife_share
Kushinagar_Vishunpura.obc,9,2,7,up,2010,linked_wife_share
Lakhimpur Khiri_Bankeganj.obc,7,3,4,up,2010,linked_wife_share
Lakhimpur Khiri_Bijua.obc,17,6,11,up,2010,linked_wife_share
Lakhimpur Khiri_Dhaurhara.obc,8,3,5,up,2010,linked_wife_share
Lakhimpur Khiri_Gola (Kumbhi).obc,11,4,7,up,2010,linked_wife_share
Lakhimpur Khiri_Isanagar.obc,17,5,12,up,2010,linked_wife_share
Lakhimpur Khiri_Lakhimpur.obc,17,5,12,up,2010,linked_wife_share
Lakhimpur Khiri_Mitauli.obc,17,7,10,up,2010,linked_wife_share
Lakhimpur Khiri_Mohammadi.obc,21,9,12,up,2010,linked_wife_share
Lakhimpur Khiri_Nakha.obc,3,1,2,up,2010,linked_wife_share
Lakhimpur Khiri_Nighasan.obc,11,5,6,up,2010,linked_wife_share
Lakhimpur Khiri_Palia.obc,10,3,7,up,2010,linked_wife_share
Lakhimpur Khiri_Pasgawan.obc,15,7,8,up,2010,linked_wife_share
Lakhimpur Khiri_Phoolbehad.obc,12,5,7,up,2010,linked_wife_share
Lakhimpur Khiri_Ramiyabehar.obc,8,1,7,up,2010,linked_wife_share
Lalitpur_Baar.obc,5,2,3,up,2010,linked_wife_share
Lalitpur_Jakhaura.obc,16,7,9,up,2010,linked_wife_share
Lalitpur_Mahrauni.obc,9,4,5,up,2010,linked_wife_share
Lalitpur_Maraawara.obc,8,3,5,up,2010,linked_wife_share
Lalitpur_Talbehat.obc,5,1,4,up,2010,linked_wife_share
Lalitpur_Virddha.obc,9,3,6,up,2010,linked_wife_share
Maharajganj_Brajamangnaj.obc,14,5,9,up,2010,linked_wife_share
Maharajganj_Dhani.obc,4,2,2,up,2010,linked_wife_share
Maharajganj_Ferenda.obc,12,2,10,up,2010,linked_wife_share
Maharajganj_Ghughli.obc,10,5,5,up,2010,linked_wife_share
Maharajganj_Lakshmipur.obc,13,4,9,up,2010,linked_wife_share
Maharajganj_Maharajganj Sadar.obc,7,2,5,up,2010,linked_wife_share
Maharajganj_Mithoura.obc,13,6,7,up,2010,linked_wife_share
Maharajganj_Nautanwa.obc,10,5,5,up,2010,linked_wife_share
Maharajganj_Nichlaul.obc,13,6,7,up,2010,linked_wife_share
Maharajganj_Paniyara.obc,8,3,5,up,2010,linked_wife_share
Maharajganj_Partawal.obc,15,6,9,up,2010,linked_wife_share
Maharajganj_Siswa Bazar.obc,9,2,7,up,2010,linked_wife_share
Mahoba_Charkhari.obc,6,3,3,up,2010,linked_wife_share
Mahoba_Jaitpur.obc,2,1,1,up,2010,linked_wife_share
Mahoba_Kabrai.obc,13,4,9,up,2010,linked_wife_share
Mainpuri_Barnahal.obc,14,5,9,up,2010,linked_wife_share
Mainpuri_Bebar.obc,16,6,10,up,2010,linked_wife_share
Mainpuri_Ghiror.obc,6,0,6,up,2010,linked_wife_share
Mainpuri_Jagir.obc,8,4,4,up,2010,linked_wife_share
Mainpuri_Karhal.obc,12,5,7,up,2010,linked_wife_share
Mainpuri_Kurawli.obc,11,5,6,up,2010,linked_wife_share
Mainpuri_Mainpuri.obc,9,5,4,up,2010,linked_wife_share
Mainpuri_Sultanganj.obc,13,4,9,up,2010,linked_wife_share
Mau_Baragaon.obc,11,3,8,up,2010,linked_wife_share
Mau_Dohrighat.obc,12,2,10,up,2010,linked_wife_share
Mau_Ghosi.obc,13,4,9,up,2010,linked_wife_share
Mau_Kopaganj.obc,10,1,9,up,2010,linked_wife_share
Mau_Muhammadabad.obc,10,2,8,up,2010,linked_wife_share
Mau_Pardha.obc,6,1,5,up,2010,linked_wife_share
Mau_Ranipur.obc,12,3,9,up,2010,linked_wife_share
Mau_Ratanpura.obc,13,4,9,up,2010,linked_wife_share
Mirzapur_Chhaanbe.obc,11,5,6,up,2010,linked_wife_share
Mirzapur_Halia.obc,14,5,9,up,2010,linked_wife_share
Mirzapur_Kon (Cheelha).obc,4,3,1,up,2010,linked_wife_share
Mirzapur_Lalganj.obc,12,4,8,up,2010,linked_wife_share
Mirzapur_Majhwan.obc,3,1,2,up,2010,linked_wife_share
Mirzapur_Narayanpur.obc,25,11,14,up,2010,linked_wife_share
Mirzapur_Pahadi.obc,9,4,5,up,2010,linked_wife_share
Mirzapur_Rajgarh.obc,17,6,11,up,2010,linked_wife_share
Mirzapur_Seekhar.obc,2,1,1,up,2010,linked_wife_share
Mirzapur_Seeti.obc,1,0,1,up,2010,linked_wife_share
Muradabad_Asamoli.obc,6,3,3,up,2010,linked_wife_share
Muradabad_Bahjoi.obc,5,3,2,up,2010,linked_wife_share
Muradabad_Bilari.obc,12,4,8,up,2010,linked_wife_share
Muradabad_Chhajlait.obc,4,0,4,up,2010,linked_wife_share
Muradabad_Dilari.obc,12,4,8,up,2010,linked_wife_share
Muradabad_Dingarpur (Kundarki).obc,18,6,12,up,2010,linked_wife_share
Muradabad_Mudhaa Pandey.obc,12,4,8,up,2010,linked_wife_share
Muradabad_Muradabad.obc,4,2,2,up,2010,linked_wife_share
Muradabad_Panwasa.obc,4,1,3,up,2010,linked_wife_share
Muradabad_Sambhal.obc,7,5,2,up,2010,linked_wife_share
Muradabad_Thakurdwara.obc,11,3,8,up,2010,linked_wife_share
Muzzafarnagar_Baghra.obc,6,4,2,up,2010,linked_wife_share
Muzzafarnagar_Budhana.obc,5,0,5,up,2010,linked_wife_share
Muzzafarnagar_Charthaawal.obc,6,1,5,up,2010,linked_wife_share
Muzzafarnagar_Jansath.obc,6,3,3,up,2010,linked_wife_share
Muzzafarnagar_Kairana.obc,4,1,3,up,2010,linked_wife_share
Muzzafarnagar_Kandla.obc,6,2,4,up,2010,linked_wife_share
Muzzafarnagar_Khatauli.obc,6,2,4,up,2010,linked_wife_share
Muzzafarnagar_Morna.obc,7,3,4,up,2010,linked_wife_share
Muzzafarnagar_Purkaji.obc,6,1,5,up,2010,linked_wife_share
Muzzafarnagar_Sadar.obc,1,0,1,up,2010,linked_wife_share
Muzzafarnagar_Shahpur.obc,5,2,3,up,2010,linked_wife_share
Muzzafarnagar_Shamli.obc,4,1,3,up,2010,linked_wife_share
Muzzafarnagar_Un.obc,2,1,1,up,2010,linked_wife_share
Pilibhit_Amariya.obc,12,6,6,up,2010,linked_wife_share
Pilibhit_Barkheda.obc,15,4,11,up,2010,linked_wife_share
Pilibhit_Bilsanda.obc,15,5,10,up,2010,linked_wife_share
Pilibhit_Bisalpur.obc,16,3,13,up,2010,linked_wife_share
Pilibhit_Lalauri Kheda.obc,11,4,7,up,2010,linked_wife_share
Pilibhit_Marauri.obc,5,4,1,up,2010,linked_wife_share
Pilibhit_Purnanpur.obc,15,5,10,up,2010,linked_wife_share
Pratapgarh_Baabaa Belkharnath Dhaam.obc,10,5,5,up,2010,linked_wife_share
Pratapgarh_Baabaganj.obc,11,5,6,up,2010,linked_wife_share
Pratapgarh_Bihar.obc,15,4,11,up,2010,linked_wife_share
Pratapgarh_Gaura.obc,9,4,5,up,2010,linked_wife_share
Pratapgarh_Kalakankar.obc,10,3,7,up,2010,linked_wife_share
Pratapgarh_Kunda.obc,16,5,11,up,2010,linked_wife_share
Pratapgarh_Lakshmanpur.obc,11,4,7,up,2010,linked_wife_share
Pratapgarh_Lalganj.obc,6,1,5,up,2010,linked_wife_share
Pratapgarh_Magraura.obc,14,3,11,up,2010,linked_wife_share
Pratapgarh_Mandhaata.obc,13,1,12,up,2010,linked_wife_share
Pratapgarh_Patti.obc,12,5,7,up,2010,linked_wife_share
Pratapgarh_Sadar.obc,5,2,3,up,2010,linked_wife_share
Pratapgarh_Sandwaa Chandrika.obc,9,2,7,up,2010,linked_wife_share
Pratapgarh_Sangipur.obc,7,3,4,up,2010,linked_wife_share
Pratapgarh_Shivgarh.obc,10,2,8,up,2010,linked_wife_share
Rae bareli_Amawan.obc,9,3,6,up,2010,linked_wife_share
Rae bareli_Bachhrawan.obc,10,4,6,up,2010,linked_wife_share
Rae bareli_Dalmau.obc,11,6,5,up,2010,linked_wife_share
Rae bareli_Deenshaahgaura.obc,4,2,2,up,2010,linked_wife_share
Rae bareli_Harchandpur.obc,5,1,4,up,2010,linked_wife_share
Rae bareli_Khiro.obc,13,4,9,up,2010,linked_wife_share
Rae bareli_Lalganj.obc,9,4,5,up,2010,linked_wife_share
Rae bareli_Maharajganj.obc,4,0,4,up,2010,linked_wife_share
Rae bareli_Rahi.obc,9,2,7,up,2010,linked_wife_share
Rae bareli_Rohanea.obc,2,0,2,up,2010,linked_wife_share
Rae bareli_Sareni.obc,15,5,10,up,2010,linked_wife_share
Rae bareli_Sataon.obc,6,2,4,up,2010,linked_wife_share
Rae bareli_Shivgarh.obc,7,5,2,up,2010,linked_wife_share
Rae bareli_Unchahaar.obc,8,3,5,up,2010,linked_wife_share
Rampur_Bilaaspur.obc,17,5,12,up,2010,linked_wife_share
Rampur_Milk.obc,18,7,11,up,2010,linked_wife_share
Rampur_Saidnagar.obc,8,3,5,up,2010,linked_wife_share
Saharanpur_Baliyakhedi.obc,15,6,9,up,2010,linked_wife_share
Saharanpur_Devbanda.obc,11,2,9,up,2010,linked_wife_share
Saharanpur_Gangoh.obc,17,6,11,up,2010,linked_wife_share
Saharanpur_Muzaffarabad.obc,12,4,8,up,2010,linked_wife_share
Saharanpur_Nagal.obc,7,1,6,up,2010,linked_wife_share
Saharanpur_Nakud.obc,14,6,8,up,2010,linked_wife_share
Saharanpur_Rampur Maniharan.obc,10,3,7,up,2010,linked_wife_share
Saharanpur_Sarsawa.obc,14,6,8,up,2010,linked_wife_share
Sant Kabeer Nagar_Baghauli.obc,11,4,7,up,2010,linked_wife_share
Sant Kabeer Nagar_Belhar Kala.obc,7,2,5,up,2010,linked_wife_share
Sant Kabeer Nagar_Khalilabad.obc,7,2,5,up,2010,linked_wife_share
Sant Kabeer Nagar_Mehdawal.obc,8,3,5,up,2010,linked_wife_share
Sant Kabeer Nagar_Nathnagar.obc,18,4,14,up,2010,linked_wife_share
Sant Kabeer Nagar_Pauli.obc,4,1,3,up,2010,linked_wife_share
Sant Kabeer Nagar_Sautha.obc,3,1,2,up,2010,linked_wife_share
Sant Kabeer Nagar_Semriyawa.obc,11,2,9,up,2010,linked_wife_share
Sant Ravidas Nagar_Abholi.obc,8,3,5,up,2010,linked_wife_share
Sant Ravidas Nagar_Aurain.obc,16,6,10,up,2010,linked_wife_share
Sant Ravidas Nagar_Bhadohi.obc,17,7,10,up,2010,linked_wife_share
Sant Ravidas Nagar_Deegh.obc,6,1,5,up,2010,linked_wife_share
Sant Ravidas Nagar_Gyanpur.obc,7,1,6,up,2010,linked_wife_share
Sant Ravidas Nagar_Suriyawan.obc,10,3,7,up,2010,linked_wife_share
Shravasti_Gilola.obc,15,6,9,up,2010,linked_wife_share
Shravasti_Hariharpur Rani.obc,10,4,6,up,2010,linked_wife_share
Shravasti_Ikouna.obc,14,5,9,up,2010,linked_wife_share
Shravasti_Jamunha.obc,16,5,11,up,2010,linked_wife_share
Shravasti_Sirsia.obc,14,5,9,up,2010,linked_wife_share
Siddharth Nagar_Badhni.obc,10,3,7,up,2010,linked_wife_share
Siddharth Nagar_Bansi.obc,9,3,6,up,2010,linked_wife_share
Siddharth Nagar_Bhanwaapur.obc,18,4,14,up,2010,linked_wife_share
Siddharth Nagar_Dumriaganj.obc,17,7,10,up,2010,linked_wife_share
Siddharth Nagar_Itwa.obc,5,3,2,up,2010,linked_wife_share
Siddharth Nagar_Jogiya.obc,8,3,5,up,2010,linked_wife_share
Siddharth Nagar_Khesarha.obc,9,5,4,up,2010,linked_wife_share
Siddharth Nagar_Khuniyav.obc,10,4,6,up,2010,linked_wife_share
Siddharth Nagar_Lotan Bazar.obc,7,2,5,up,2010,linked_wife_share
Siddharth Nagar_Mithwal.obc,16,4,12,up,2010,linked_wife_share
Siddharth Nagar_Naugadh.obc,9,1,8,up,2010,linked_wife_share
Siddharth Nagar_Shohratgarh.obc,12,4,8,up,2010,linked_wife_share
Siddharth Nagar_UskaBazar.obc,9,4,5,up,2010,linked_wife_share
Sitapur_Ailiya.obc,13,7,6,up,2010,linked_wife_share
Sitapur_Behata.obc,11,4,7,up,2010,linked_wife_share
Sitapur_Biswan.obc,17,6,11,up,2010,linked_wife_share
Sitapur_Gondlamau.obc,6,1,5,up,2010,linked_wife_share
Sitapur_Hargaon.obc,16,8,8,up,2010,linked_wife_share
Sitapur_Kasmanda.obc,15,6,9,up,2010,linked_wife_share
Sitapur_Khairbad.obc,9,2,7,up,2010,linked_wife_share
Sitapur_Laharpur.obc,11,3,8,up,2010,linked_wife_share
Sitapur_Machhrehta.obc,13,5,8,up,2010,linked_wife_share
Sitapur_Mahmudabad.obc,11,4,7,up,2010,linked_wife_share
Sitapur_Maholi.obc,8,3,5,up,2010,linked_wife_share
Sitapur_Mishrikh.obc,13,4,9,up,2010,linked_wife_share
Sitapur_Pahala.obc,13,7,6,up,2010,linked_wife_share
Sitapur_Parsendi.obc,14,5,9,up,2010,linked_wife_share
Sitapur_Pisawan.obc,15,5,10,up,2010,linked_wife_share
Sitapur_Rampurmathura.obc,11,4,7,up,2010,linked_wife_share
Sitapur_Reusaa.obc,15,5,10,up,2010,linked_wife_share
Sitapur_Sakran.obc,10,4,6,up,2010,linked_wife_share
Sitapur_Sidhauli.obc,13,3,10,up,2010,linked_wife_share
Sonbhadra_Chatra.obc,3,2,1,up,2010,linked_wife_share
Sonbhadra_Chopan.obc,5,4,1,up,2010,linked_wife_share
Sonbhadra_Duddhi.obc,11,0,11,up,2010,linked_wife_share
Sonbhadra_Ghorawal.obc,13,4,9,up,2010,linked_wife_share
Sonbhadra_Myorpur.obc,13,5,8,up,2010,linked_wife_share
Sonbhadra_Nagwan.obc,9,3,6,up,2010,linked_wife_share
Sonbhadra_Robertsganj.obc,7,3,4,up,2010,linked_wife_share
Sonbhadra_Vabhni.obc,8,3,5,up,2010,linked_wife_share
Sultanpur_Akhandnagar.obc,11,2,9,up,2010,linked_wife_share
Sultanpur_Baldirai.obc,8,2,6,up,2010,linked_wife_share
Sultanpur_Bhaiyya.obc,14,6,8,up,2010,linked_wife_share
Sultanpur_Dhanpat Ganj.obc,8,4,4,up,2010,linked_wife_share
Sultanpur_Doobepur.obc,14,5,9,up,2010,linked_wife_share
Sultanpur_Dostpur.obc,7,3,4,up,2010,linked_wife_share
Sultanpur_Jaisinghpur.obc,12,3,9,up,2010,linked_wife_share
Sultanpur_Kadipur.obc,7,1,6,up,2010,linked_wife_share
Sultanpur_Kudebhar.obc,7,1,6,up,2010,linked_wife_share
Sultanpur_Kudwar.obc,8,5,3,up,2010,linked_wife_share
Sultanpur_Lambhua.obc,14,3,11,up,2010,linked_wife_share
Sultanpur_Motigarpur.obc,7,3,4,up,2010,linked_wife_share
Sultanpur_Pratappur Kemaicha.obc,8,2,6,up,2010,linked_wife_share
Unnao_Asoha.obc,14,6,8,up,2010,linked_wife_share
Unnao_Auras.obc,10,4,6,up,2010,linked_wife_share
Unnao_Bangarmau.obc,8,3,5,up,2010,linked_wife_share
Unnao_Bichiya.obc,12,4,8,up,2010,linked_wife_share
Unnao_Bighapur.obc,11,2,9,up,2010,linked_wife_share
Unnao_Fatehpur Chaurasi.obc,10,3,7,up,2010,linked_wife_share
Unnao_Hasan ganj.obc,14,6,8,up,2010,linked_wife_share
Unnao_Hilauli.obc,7,3,4,up,2010,linked_wife_share
Unnao_Nawabganj.obc,16,5,11,up,2010,linked_wife_share
Unnao_Purwa.obc,12,5,7,up,2010,linked_wife_share
Unnao_Safipur.obc,8,3,5,up,2010,linked_wife_share
Unnao_Si. Sirosi.obc,12,4,8,up,2010,linked_wife_share
Unnao_Sikandarpur Karan.obc,6,3,3,up,2010,linked_wife_share
Unnao_Sumerpur.obc,12,3,9,up,2010,linked_wife_share
Varanasi_Araji Lines.obc,24,9,15,up,2010,linked_wife_share
Varanasi_Badagaon.obc,15,5,10,up,2010,linked_wife_share
Varanasi_Chiraigaon.obc,13,2,11,up,2010,linked_wife_share
Varanasi_Cholapur.obc,12,4,8,up,2010,linked_wife_share
Varanasi_Harhua.obc,10,3,7,up,2010,linked_wife_share
Varanasi_Kashividyapeeth.obc,7,2,5,up,2010,linked_wife_share
Varanasi_Pindra.obc,21,6,15,up,2010,linked_wife_share
Varanasi_Sewapuri.obc,19,7,12,up,2010,linked_wife_share
Agra_Achnera.sc,5,0,5,up,2010,linked_wife_share
Agra_Akolaa.sc,4,2,2,up,2010,linked_wife_share
Agra_Bah.sc,5,0,5,up,2010,linked_wife_share
Agra_Baroli Ahir.sc,6,0,6,up,2010,linked_wife_share
Agra_Bichpuri.sc,3,1,2,up,2010,linked_wife_share
Agra_Etmaadpur.sc,9,3,6,up,2010,linked_wife_share
Agra_Fatehabad.sc,4,1,3,up,2010,linked_wife_share
Agra_Fatehpur Seekri.sc,5,1,4,up,2010,linked_wife_share
Agra_Jagner.sc,2,1,1,up,2010,linked_wife_share
Agra_Khandoli.sc,7,1,6,up,2010,linked_wife_share
Agra_Pinahat.sc,4,1,3,up,2010,linked_wife_share
Agra_Shamshabaad.sc,4,1,3,up,2010,linked_wife_share
Ambedkar Nagar_Akbarpur.sc,17,4,13,up,2010,linked_wife_share
Ambedkar Nagar_Basakhari.sc,13,4,9,up,2010,linked_wife_share
Ambedkar Nagar_Bhiti.sc,12,4,8,up,2010,linked_wife_share
Ambedkar Nagar_Jahangirganj.sc,8,2,6,up,2010,linked_wife_share
Ambedkar Nagar_Jalalpur.sc,16,7,9,up,2010,linked_wife_share
Ambedkar Nagar_Katehri.sc,7,2,5,up,2010,linked_wife_share
Ambedkar Nagar_Miyan.sc,11,4,7,up,2010,linked_wife_share
Ambedkar Nagar_Ramnagar.sc,11,4,7,up,2010,linked_wife_share
Ambedkar Nagar_Tanda.sc,20,8,12,up,2010,linked_wife_share
Auraiya_Achhaldaa.sc,11,4,7,up,2010,linked_wife_share
Auraiya_Ajitmal.sc,10,3,7,up,2010,linked_wife_share
Auraiya_Auraiya.sc,12,4,8,up,2010,linked_wife_share
Auraiya_Bhagyanagar.sc,8,2,6,up,2010,linked_wife_share
Auraiya_Eva Katra.sc,6,3,3,up,2010,linked_wife_share
Auraiya_Sahar.sc,10,4,6,up,2010,linked_wife_share
Auraiya_Vidhuna.sc,12,3,9,up,2010,linked_wife_share
Bagpat_Bagpat.sc,3,2,1,up,2010,linked_wife_share
Bagpat_Baraut.sc,3,0,3,up,2010,linked_wife_share
Bagpat_Binauli.sc,2,1,1,up,2010,linked_wife_share
Bagpat_Chhaparauli.sc,2,1,1,up,2010,linked_wife_share
Bagpat_Khekhada.sc,3,2,1,up,2010,linked_wife_share
Bagpat_Pilana.sc,2,0,2,up,2010,linked_wife_share
Bahraich_Balha.sc,4,2,2,up,2010,linked_wife_share
Bahraich_Fakhrpur.sc,4,2,2,up,2010,linked_wife_share
Bahraich_Huzurpur.sc,6,3,3,up,2010,linked_wife_share
Bahraich_Jarwal.sc,5,2,3,up,2010,linked_wife_share
Bahraich_Kaiserganj.sc,4,0,4,up,2010,linked_wife_share
Bahraich_Mahsi.sc,6,2,4,up,2010,linked_wife_share
Bahraich_Mihipurwa.sc,5,2,3,up,2010,linked_wife_share
Bahraich_Nawabganj.sc,12,5,7,up,2010,linked_wife_share
Bahraich_Prayagpur.sc,10,5,5,up,2010,linked_wife_share
Bahraich_Risia.sc,9,4,5,up,2010,linked_wife_share
Bahraich_Shivpur.sc,7,2,5,up,2010,linked_wife_share
Bahraich_Tajwapur.sc,5,0,5,up,2010,linked_wife_share
Bahraich_Visheshwarganj.sc,9,4,5,up,2010,linked_wife_share
Baliya_Baasadeeh.sc,3,1,2,up,2010,linked_wife_share
Baliya_Bairiya.sc,3,1,2,up,2010,linked_wife_share
Baliya_Belhari.sc,4,2,2,up,2010,linked_wife_share
Baliya_Berua Bari.sc,2,1,1,up,2010,linked_wife_share
Baliya_Chilakhar.sc,9,2,7,up,2010,linked_wife_share
Baliya_Gadwar.sc,7,2,5,up,2010,linked_wife_share
Baliya_Hanumanganj.sc,4,1,3,up,2010,linked_wife_share
Baliya_Maniyar.sc,4,0,4,up,2010,linked_wife_share
Baliya_Murli Chappa.sc,1,1,0,up,2010,linked_wife_share
Baliya_Nagra.sc,11,4,7,up,2010,linked_wife_share
Baliya_Nawanagar.sc,6,2,4,up,2010,linked_wife_share
Baliya_Pandah.sc,5,1,4,up,2010,linked_wife_share
Baliya_Rasra.sc,10,3,7,up,2010,linked_wife_share
Baliya_Revti.sc,3,1,2,up,2010,linked_wife_share
Baliya_Sier.sc,11,3,8,up,2010,linked_wife_share
Baliya_Sohaon.sc,5,2,3,up,2010,linked_wife_share
Balrampur_Balrampur.sc,13,5,8,up,2010,linked_wife_share
Balrampur_Gaidas Buzurg.sc,3,2,1,up,2010,linked_wife_share
Balrampur_Gainsadi.sc,8,2,6,up,2010,linked_wife_share
Balrampur_Hariya Satgharwa.sc,10,4,6,up,2010,linked_wife_share
Balrampur_Pachpedwa.sc,6,4,2,up,2010,linked_wife_share
Balrampur_Rehra Bazar.sc,4,1,3,up,2010,linked_wife_share
Balrampur_Shridattganj.sc,2,1,1,up,2010,linked_wife_share
Balrampur_Tulsipur.sc,5,1,4,up,2010,linked_wife_share
Balrampur_Utraula.sc,8,3,5,up,2010,linked_wife_share
Banda_Baberu.sc,10,3,7,up,2010,linked_wife_share
Banda_Badokhar Khurd.sc,5,0,5,up,2010,linked_wife_share
Banda_Bissanda.sc,9,3,6,up,2010,linked_wife_share
Banda_Jaspura.sc,1,1,0,up,2010,linked_wife_share
Banda_Kamasin.sc,8,4,4,up,2010,linked_wife_share
Banda_Mahua.sc,14,6,8,up,2010,linked_wife_share
Banda_Narani.sc,13,5,8,up,2010,linked_wife_share
Banda_Tindwaari.sc,5,3,2,up,2010,linked_wife_share
Barabanki_Banikoder.sc,18,8,10,up,2010,linked_wife_share
Barabanki_Banki.sc,7,2,5,up,2010,linked_wife_share
Barabanki_Dariyabad.sc,13,0,13,up,2010,linked_wife_share
Barabanki_Dewan.sc,9,3,6,up,2010,linked_wife_share
Barabanki_Haidarganj.sc,6,1,5,up,2010,linked_wife_share
Barabanki_Harakh.sc,8,3,5,up,2010,linked_wife_share
Barabanki_masauli.sc,8,2,6,up,2010,linked_wife_share
Barabanki_Nindur.sc,14,4,10,up,2010,linked_wife_share
Barabanki_Puredlai.sc,18,1,17,up,2010,linked_wife_share
Barabanki_Ramnagar.sc,13,5,8,up,2010,linked_wife_share
Barabanki_Siddhaur.sc,14,8,6,up,2010,linked_wife_share
Barabanki_Sirauli Gauspur.sc,9,3,6,up,2010,linked_wife_share
Barabanki_Suratganj.sc,5,1,4,up,2010,linked_wife_share
Barabanki_Trivediganj.sc,11,4,7,up,2010,linked_wife_share
Bareilly_Alampur Jafrabaad.sc,6,2,4,up,2010,linked_wife_share
Bareilly_Bahedi.sc,11,3,8,up,2010,linked_wife_share
Bareilly_Bhadpura.sc,6,3,3,up,2010,linked_wife_share
Bareilly_Bhojipura.sc,5,2,3,up,2010,linked_wife_share
Bareilly_Bhuta.sc,10,1,9,up,2010,linked_wife_share
Bareilly_Damkhoda.sc,7,3,4,up,2010,linked_wife_share
Bareilly_Faridpur.sc,9,4,5,up,2010,linked_wife_share
Bareilly_Fatehganj ( P O ).sc,5,1,4,up,2010,linked_wife_share
Bareilly_Kyara.sc,2,0,2,up,2010,linked_wife_share
Bareilly_Majhgawan.sc,5,2,3,up,2010,linked_wife_share
Bareilly_Mirganj.sc,7,2,5,up,2010,linked_wife_share
Bareilly_Nawabganj.sc,9,3,6,up,2010,linked_wife_share
Bareilly_Ramnagar.sc,1,1,0,up,2010,linked_wife_share
Bareilly_Shergarh.sc,4,2,2,up,2010,linked_wife_share
Basti_Bahadurpur.sc,13,4,9,up,2010,linked_wife_share
Basti_Bankati.sc,9,3,6,up,2010,linked_wife_share
Basti_Basti.sc,13,5,8,up,2010,linked_wife_share
Basti_Bikramjot.sc,11,4,7,up,2010,linked_wife_share
Basti_Dubaulia.sc,5,1,4,up,2010,linked_wife_share
Basti_Gour.sc,9,3,6,up,2010,linked_wife_share
Basti_Hareya.sc,8,2,6,up,2010,linked_wife_share
Basti_Kaptaiganj.sc,5,2,3,up,2010,linked_wife_share
Basti_Kudrah.sc,8,3,5,up,2010,linked_wife_share
Basti_Parsrampur.sc,10,3,7,up,2010,linked_wife_share
Basti_Ramnagar.sc,4,1,3,up,2010,linked_wife_share
Basti_Raudhauli.sc,5,2,3,up,2010,linked_wife_share
Basti_Saltoya Gopalpur.sc,10,7,3,up,2010,linked_wife_share
Basti_Saugahat.sc,13,4,9,up,2010,linked_wife_share
Bijnaur_Afzalgarah.sc,6,2,4,up,2010,linked_wife_share
Bijnaur_Haldaur.sc,12,5,7,up,2010,linked_wife_share
Bijnaur_Jalilpur.sc,13,6,7,up,2010,linked_wife_share
Bijnaur_Kiratpur.sc,5,2,3,up,2010,linked_wife_share
Bijnaur_Kotwali.sc,18,7,11,up,2010,linked_wife_share
Bijnaur_Mau Pur Devmal.sc,10,2,8,up,2010,linked_wife_share
Bijnaur_Najibabad.sc,17,6,11,up,2010,linked_wife_share
Bijnaur_Noorpur.sc,14,5,9,up,2010,linked_wife_share
Bijnaur_Syohara.sc,11,6,5,up,2010,linked_wife_share
Budaun_Gunnaur.sc,4,2,2,up,2010,linked_wife_share
Budaun_Junawai.sc,4,1,3,up,2010,linked_wife_share
Bulandshahr_Agauta.sc,6,2,4,up,2010,linked_wife_share
Bulandshahr_Anupshahr.sc,8,2,6,up,2010,linked_wife_share
Bulandshahr_Arniyaan.sc,9,2,7,up,2010,linked_wife_share
Bulandshahr_B. B. Nagar.sc,1,0,1,up,2010,linked_wife_share
Bulandshahr_Bulandshahr.sc,9,3,6,up,2010,linked_wife_share
Bulandshahr_Dibai.sc,4,2,2,up,2010,linked_wife_share
Bulandshahr_Gulawati.sc,3,1,2,up,2010,linked_wife_share
Bulandshahr_Jahangirabad.sc,6,2,4,up,2010,linked_wife_share
Bulandshahr_Khujra.sc,11,4,7,up,2010,linked_wife_share
Bulandshahr_Lakhauti.sc,7,3,4,up,2010,linked_wife_share
Bulandshahr_Pahasu.sc,2,1,1,up,2010,linked_wife_share
Bulandshahr_Shikarpur.sc,4,1,3,up,2010,linked_wife_share
Bulandshahr_Sikandrabad.sc,11,3,8,up,2010,linked_wife_share
Bulandshahr_Unchagaon.sc,4,1,3,up,2010,linked_wife_share
Chandauli_Barhani.sc,3,0,3,up,2010,linked_wife_share
Chandauli_Chahniya.sc,14,4,10,up,2010,linked_wife_share
Chandauli_Chakia.sc,12,2,10,up,2010,linked_wife_share
Chandauli_Naugadh.sc,4,2,2,up,2010,linked_wife_share
Chandauli_Niyamatabad.sc,6,2,4,up,2010,linked_wife_share
Chandauli_Sakaldeeha.sc,7,1,6,up,2010,linked_wife_share
Chandauli_Shahababganj.sc,14,5,9,up,2010,linked_wife_share
Chitrakoot_Karwi (Chitrakoot).sc,9,5,4,up,2010,linked_wife_share
Chitrakoot_Manikpur.sc,12,5,7,up,2010,linked_wife_share
Chitrakoot_Mau.sc,5,2,3,up,2010,linked_wife_share
Chitrakoot_Pahadi.sc,13,4,9,up,2010,linked_wife_share
Chitrakoot_Ramnagar.sc,6,3,3,up,2010,linked_wife_share
Firozabad_Aaraon.sc,7,2,5,up,2010,linked_wife_share
Firozabad_Eka.sc,4,2,2,up,2010,linked_wife_share
Firozabad_Firozabad.sc,6,2,4,up,2010,linked_wife_share
Firozabad_Hathwant.sc,7,4,3,up,2010,linked_wife_share
Firozabad_Jasrana.sc,6,2,4,up,2010,linked_wife_share
Firozabad_Madanpur.sc,8,3,5,up,2010,linked_wife_share
Firozabad_Narkhi.sc,3,1,2,up,2010,linked_wife_share
Firozabad_Shikohabad.sc,9,3,6,up,2010,linked_wife_share
Firozabad_Tundla.sc,7,3,4,up,2010,linked_wife_share
Gautam Buddha Nagar_Dadri.sc,4,1,3,up,2010,linked_wife_share
Gautam Buddha Nagar_Jewar.sc,1,0,1,up,2010,linked_wife_share
Gautam Buddha Nagar_Visarkh.sc,1,1,0,up,2010,linked_wife_share
Ghaziabad_Bhojpur.sc,8,4,4,up,2010,linked_wife_share
Ghaziabad_Dhaulana.sc,5,3,2,up,2010,linked_wife_share
Ghaziabad_Garhmukteshwar.sc,5,2,3,up,2010,linked_wife_share
Ghaziabad_Hapur.sc,11,3,8,up,2010,linked_wife_share
Ghaziabad_Loni.sc,1,0,1,up,2010,linked_wife_share
Ghaziabad_Muradnagar.sc,4,2,2,up,2010,linked_wife_share
Ghaziabad_Rajapur.sc,2,1,1,up,2010,linked_wife_share
Ghaziabad_Simbhavli.sc,5,2,3,up,2010,linked_wife_share
Ghazipur_Barachwar.sc,11,4,7,up,2010,linked_wife_share
Ghazipur_Bhadaura.sc,2,1,1,up,2010,linked_wife_share
Ghazipur_Jakhniya.sc,15,5,10,up,2010,linked_wife_share
Ghazipur_Jamaniya.sc,3,1,2,up,2010,linked_wife_share
Ghazipur_Karanda.sc,7,3,4,up,2010,linked_wife_share
Ghazipur_Kasimabad.sc,13,6,7,up,2010,linked_wife_share
Ghazipur_Manihari.sc,10,2,8,up,2010,linked_wife_share
Ghazipur_Mardan.sc,9,4,5,up,2010,linked_wife_share
Ghazipur_Muhammadabad.sc,11,4,7,up,2010,linked_wife_share
Ghazipur_Revatipur.sc,1,1,0,up,2010,linked_wife_share
Ghazipur_Sadaat.sc,12,4,8,up,2010,linked_wife_share
Ghazipur_Sadar.sc,5,1,4,up,2010,linked_wife_share
Ghazipur_Saidpur.sc,8,2,6,up,2010,linked_wife_share
Ghazipur_Virano.sc,9,3,6,up,2010,linked_wife_share
Gonda_Belasar.sc,5,1,4,up,2010,linked_wife_share
Gonda_Bhabha njot.sc,6,4,2,up,2010,linked_wife_share
Gonda_Chhapia.sc,9,4,5,up,2010,linked_wife_share
Gonda_Etiyathok.sc,8,4,4,up,2010,linked_wife_share
Gonda_Haladharamuu.sc,8,3,5,up,2010,linked_wife_share
Gonda_Jhanjhari.sc,9,4,5,up,2010,linked_wife_share
Gonda_Karnailganj.sc,5,3,2,up,2010,linked_wife_share
Gonda_Katra Bazar.sc,5,1,4,up,2010,linked_wife_share
Gonda_Manakapur.sc,12,4,8,up,2010,linked_wife_share
Gonda_Mujehana.sc,6,3,3,up,2010,linked_wife_share
Gonda_Nawabganj.sc,10,4,6,up,2010,linked_wife_share
Gonda_Pandri Kripal.sc,8,2,6,up,2010,linked_wife_share
Gonda_Parsapur.sc,4,0,4,up,2010,linked_wife_share
Gonda_Rupaidih.sc,8,1,7,up,2010,linked_wife_share
Gonda_Tarabganj.sc,4,1,3,up,2010,linked_wife_share
Gonda_Wazirganj.sc,10,4,6,up,2010,linked_wife_share
Gorakhpur_Barhalganj.sc,4,0,4,up,2010,linked_wife_share
Gorakhpur_Belghat.sc,13,4,9,up,2010,linked_wife_share
Gorakhpur_Bosagaon.sc,8,3,5,up,2010,linked_wife_share
Gorakhpur_Brahmpur.sc,10,4,6,up,2010,linked_wife_share
Gorakhpur_Chargaawon.sc,5,2,3,up,2010,linked_wife_share
Gorakhpur_Gagaha.sc,14,5,9,up,2010,linked_wife_share
Gorakhpur_Gola.sc,7,2,5,up,2010,linked_wife_share
Gorakhpur_J. O. Kauriya.sc,4,1,3,up,2010,linked_wife_share
Gorakhpur_Kauriram.sc,9,1,8,up,2010,linked_wife_share
Gorakhpur_Khajni.sc,11,3,8,up,2010,linked_wife_share
Gorakhpur_Khorabaar.sc,8,3,5,up,2010,linked_wife_share
Gorakhpur_Pali.sc,7,4,3,up,2010,linked_wife_share
Gorakhpur_Piparoli.sc,6,3,3,up,2010,linked_wife_share
Gorakhpur_Pipraich.sc,11,4,7,up,2010,linked_wife_share
Gorakhpur_Sardarnagar.sc,11,3,8,up,2010,linked_wife_share
Gorakhpur_Uruvaon.sc,9,3,6,up,2010,linked_wife_share
Hamirpur_Gohand.sc,5,1,4,up,2010,linked_wife_share
Hamirpur_Kurara.sc,3,1,2,up,2010,linked_wife_share
Hamirpur_Maudha.sc,5,2,3,up,2010,linked_wife_share
Hamirpur_Muskra.sc,5,2,3,up,2010,linked_wife_share
Hamirpur_Raath.sc,3,2,1,up,2010,linked_wife_share
Hamirpur_Sarila.sc,8,3,5,up,2010,linked_wife_share
Hamirpur_Sumerpur.sc,6,2,4,up,2010,linked_wife_share
Hardoi_Ahirorhi.sc,12,3,9,up,2010,linked_wife_share
Hardoi_Barkhani.sc,5,2,3,up,2010,linked_wife_share
Hardoi_Bawan.sc,12,3,9,up,2010,linked_wife_share
Hardoi_Benhadar.sc,9,4,5,up,2010,linked_wife_share
Hardoi_Bharawan.sc,8,2,6,up,2010,linked_wife_share
Hardoi_Bilgraam.sc,11,2,9,up,2010,linked_wife_share
Hardoi_Hariyawan.sc,10,4,6,up,2010,linked_wife_share
Hardoi_Harpalpur.sc,4,1,3,up,2010,linked_wife_share
Hardoi_Kachauna.sc,5,1,4,up,2010,linked_wife_share
Hardoi_Kothawan.sc,7,2,5,up,2010,linked_wife_share
Hardoi_Madhauganj.sc,10,5,5,up,2010,linked_wife_share
Hardoi_Mallawan.sc,7,3,4,up,2010,linked_wife_share
Hardoi_Pihani.sc,12,6,6,up,2010,linked_wife_share
Hardoi_Sandi.sc,4,2,2,up,2010,linked_wife_share
Hardoi_Sandila.sc,6,2,4,up,2010,linked_wife_share
Hardoi_Shahabaad.sc,9,4,5,up,2010,linked_wife_share
Hardoi_Surusa.sc,9,4,5,up,2010,linked_wife_share
Hardoi_Tadiyawan.sc,13,4,9,up,2010,linked_wife_share
Hardoi_Todarpur.sc,9,2,7,up,2010,linked_wife_share
Hathras_Hasayan.sc,9,4,5,up,2010,linked_wife_share
Hathras_Mursan.sc,10,4,6,up,2010,linked_wife_share
Hathras_Sadabad.sc,8,4,4,up,2010,linked_wife_share
Hathras_Sahpau.sc,10,3,7,up,2010,linked_wife_share
Hathras_Sasni.sc,11,5,6,up,2010,linked_wife_share
Hathras_Sikandra Rao.sc,11,4,7,up,2010,linked_wife_share
Itawah_Badh. Pura.sc,4,2,2,up,2010,linked_wife_share
Itawah_Basrehar.sc,6,2,4,up,2010,linked_wife_share
Itawah_Bharathana.sc,10,4,6,up,2010,linked_wife_share
Itawah_Chakarnagar.sc,8,2,6,up,2010,linked_wife_share
Itawah_Jaswantnagar.sc,11,5,6,up,2010,linked_wife_share
Itawah_Mahewa.sc,14,2,12,up,2010,linked_wife_share
Itawah_Saifai.sc,3,1,2,up,2010,linked_wife_share
Itawah_Takha.sc,6,1,5,up,2010,linked_wife_share
Jalaun_Dakor.sc,14,4,10,up,2010,linked_wife_share
Jalaun_Jalaun.sc,12,3,9,up,2010,linked_wife_share
Jalaun_Kadoura.sc,12,6,6,up,2010,linked_wife_share
Jalaun_Kochan.sc,7,2,5,up,2010,linked_wife_share
Jalaun_Kuthound.sc,9,3,6,up,2010,linked_wife_share
Jalaun_Mahewa.sc,6,3,3,up,2010,linked_wife_share
Jalaun_Nadigaon.sc,7,2,5,up,2010,linked_wife_share
Jalaun_Rampura.sc,13,3,10,up,2010,linked_wife_share
Jaunpur_Badlapur.sc,16,5,11,up,2010,linked_wife_share
Jaunpur_Buxa.sc,2,0,2,up,2010,linked_wife_share
Jaunpur_Dobhi.sc,1,1,0,up,2010,linked_wife_share
Jaunpur_Jalalpur.sc,1,0,1,up,2010,linked_wife_share
Jaunpur_Karanja Kala.sc,2,1,1,up,2010,linked_wife_share
Jaunpur_Khutahan.sc,6,2,4,up,2010,linked_wife_share
Jaunpur_Machhalishahr.sc,2,0,2,up,2010,linked_wife_share
Jaunpur_Madiyahu.sc,2,1,1,up,2010,linked_wife_share
Jaunpur_Maharajganj.sc,12,4,8,up,2010,linked_wife_share
Jaunpur_Muftiganj.sc,2,0,2,up,2010,linked_wife_share
Jaunpur_Shahganj Sodhi.sc,1,1,0,up,2010,linked_wife_share
Jaunpur_Srikoni.sc,1,1,0,up,2010,linked_wife_share
Jaunpur_Suitha Kala.sc,7,2,5,up,2010,linked_wife_share
Jhanshi_Babina.sc,7,1,6,up,2010,linked_wife_share
Jhanshi_Badagaon.sc,10,4,6,up,2010,linked_wife_share
Jhanshi_Bamour.sc,9,2,7,up,2010,linked_wife_share
Jhanshi_Chirgaon.sc,8,1,7,up,2010,linked_wife_share
Jhanshi_Moth.sc,13,6,7,up,2010,linked_wife_share
Kannauj_Chhibramau.sc,12,4,8,up,2010,linked_wife_share
Kannauj_Gugapur.sc,2,0,2,up,2010,linked_wife_share
Kannauj_Haseran.sc,5,3,2,up,2010,linked_wife_share
Kannauj_Jalalabad.sc,6,3,3,up,2010,linked_wife_share
Kannauj_Kannauj.sc,13,5,8,up,2010,linked_wife_share
Kannauj_Saurkh.sc,8,2,6,up,2010,linked_wife_share
Kannauj_Umarda.sc,10,5,5,up,2010,linked_wife_share
Kanpur Nagar_Bhitar Gaon.sc,10,1,9,up,2010,linked_wife_share
Kanpur Nagar_Bilhaur.sc,8,1,7,up,2010,linked_wife_share
Kanpur Nagar_Chaubepur.sc,10,5,5,up,2010,linked_wife_share
Kanpur Nagar_Ghatampur.sc,10,1,9,up,2010,linked_wife_share
Kanpur Nagar_Kakwan.sc,5,2,3,up,2010,linked_wife_share
Kanpur Nagar_Kalyanpur.sc,7,3,4,up,2010,linked_wife_share
Kanpur Nagar_Patara.sc,10,2,8,up,2010,linked_wife_share
Kanpur Nagar_Sarasaul.sc,5,0,5,up,2010,linked_wife_share
Kanpur Nagar_Shivrajpur.sc,5,1,4,up,2010,linked_wife_share
Kanpur Nagar_Vidhnu.sc,9,2,7,up,2010,linked_wife_share
Kaushambi_Chayal.sc,3,1,2,up,2010,linked_wife_share
Kaushambi_Kara.sc,10,3,7,up,2010,linked_wife_share
Kaushambi_Kaushambi.sc,12,5,7,up,2010,linked_wife_share
Kaushambi_Manjhanpur.sc,17,5,12,up,2010,linked_wife_share
Kaushambi_Muratganj.sc,5,3,2,up,2010,linked_wife_share
Kaushambi_NEWADA.sc,9,5,4,up,2010,linked_wife_share
Kaushambi_Sarsawa.sc,9,5,4,up,2010,linked_wife_share
Kaushambi_Sirathu.sc,11,6,5,up,2010,linked_wife_share
Kushinagar_Fazilnagar.sc,7,2,5,up,2010,linked_wife_share
Kushinagar_Hata.sc,7,2,5,up,2010,linked_wife_share
Kushinagar_Kaptaiganj.sc,8,1,7,up,2010,linked_wife_share
Kushinagar_Kasaya.sc,3,0,3,up,2010,linked_wife_share
Kushinagar_Khadda.sc,6,2,4,up,2010,linked_wife_share
Kushinagar_Moti Chak.sc,4,1,3,up,2010,linked_wife_share
Kushinagar_Nebua Naurangia.sc,8,4,4,up,2010,linked_wife_share
Kushinagar_Padrauna.sc,3,1,2,up,2010,linked_wife_share
Kushinagar_Ramkola.sc,6,2,4,up,2010,linked_wife_share
Kushinagar_Sewarhi.sc,4,3,1,up,2010,linked_wife_share
Kushinagar_Sukaroli.sc,7,4,3,up,2010,linked_wife_share
Kushinagar_Tamkuhiraj.sc,7,1,6,up,2010,linked_wife_share
Kushinagar_Vishunpura.sc,6,3,3,up,2010,linked_wife_share
Lakhimpur Khiri_Bankeganj.sc,11,5,6,up,2010,linked_wife_share
Lakhimpur Khiri_Bijua.sc,10,4,6,up,2010,linked_wife_share
Lakhimpur Khiri_Dhaurhara.sc,7,3,4,up,2010,linked_wife_share
Lakhimpur Khiri_Gola (Kumbhi).sc,11,4,7,up,2010,linked_wife_share
Lakhimpur Khiri_Isanagar.sc,12,5,7,up,2010,linked_wife_share
Lakhimpur Khiri_Lakhimpur.sc,10,3,7,up,2010,linked_wife_share
Lakhimpur Khiri_Mitauli.sc,15,7,8,up,2010,linked_wife_share
Lakhimpur Khiri_Mohammadi.sc,16,6,10,up,2010,linked_wife_share
Lakhimpur Khiri_Nakha.sc,4,1,3,up,2010,linked_wife_share
Lakhimpur Khiri_Nighasan.sc,7,3,4,up,2010,linked_wife_share
Lakhimpur Khiri_Palia.sc,7,4,3,up,2010,linked_wife_share
Lakhimpur Khiri_Pasgawan.sc,16,6,10,up,2010,linked_wife_share
Lakhimpur Khiri_Phoolbehad.sc,9,4,5,up,2010,linked_wife_share
Lakhimpur Khiri_Ramiyabehar.sc,6,1,5,up,2010,linked_wife_share
Lalitpur_Baar.sc,6,2,4,up,2010,linked_wife_share
Lalitpur_Jakhaura.sc,13,5,8,up,2010,linked_wife_share
Lalitpur_Mahrauni.sc,8,4,4,up,2010,linked_wife_share
Lalitpur_Maraawara.sc,11,3,8,up,2010,linked_wife_share
Lalitpur_Talbehat.sc,6,2,4,up,2010,linked_wife_share
Lalitpur_Virddha.sc,8,4,4,up,2010,linked_wife_share
Maharajganj_Brajamangnaj.sc,4,1,3,up,2010,linked_wife_share
Maharajganj_Dhani.sc,2,1,1,up,2010,linked_wife_share
Maharajganj_Ferenda.sc,12,5,7,up,2010,linked_wife_share
Maharajganj_Ghughli.sc,5,3,2,up,2010,linked_wife_share
Maharajganj_Lakshmipur.sc,4,0,4,up,2010,linked_wife_share
Maharajganj_Maharajganj Sadar.sc,11,4,7,up,2010,linked_wife_share
Maharajganj_Mithoura.sc,13,4,9,up,2010,linked_wife_share
Maharajganj_Nautanwa.sc,5,0,5,up,2010,linked_wife_share
Maharajganj_Nichlaul.sc,12,1,11,up,2010,linked_wife_share
Maharajganj_Paniyara.sc,12,5,7,up,2010,linked_wife_share
Maharajganj_Partawal.sc,9,3,6,up,2010,linked_wife_share
Maharajganj_Siswa Bazar.sc,6,2,4,up,2010,linked_wife_share
Mahoba_Charkhari.sc,6,2,4,up,2010,linked_wife_share
Mahoba_Jaitpur.sc,4,0,4,up,2010,linked_wife_share
Mahoba_Kabrai.sc,13,6,7,up,2010,linked_wife_share
Mainpuri_Barnahal.sc,7,2,5,up,2010,linked_wife_share
Mainpuri_Bebar.sc,12,4,8,up,2010,linked_wife_share
Mainpuri_Ghiror.sc,5,2,3,up,2010,linked_wife_share
Mainpuri_Jagir.sc,5,2,3,up,2010,linked_wife_share
Mainpuri_Karhal.sc,8,2,6,up,2010,linked_wife_share
Mainpuri_Kurawli.sc,9,3,6,up,2010,linked_wife_share
Mainpuri_Mainpuri.sc,7,4,3,up,2010,linked_wife_share
Mainpuri_Sultanganj.sc,8,2,6,up,2010,linked_wife_share
Mau_Baragaon.sc,11,4,7,up,2010,linked_wife_share
Mau_Dohrighat.sc,8,2,6,up,2010,linked_wife_share
Mau_Ghosi.sc,12,5,7,up,2010,linked_wife_share
Mau_Kopaganj.sc,11,2,9,up,2010,linked_wife_share
Mau_Muhammadabad.sc,9,2,7,up,2010,linked_wife_share
Mau_Pardha.sc,5,2,3,up,2010,linked_wife_share
Mau_Ranipur.sc,8,3,5,up,2010,linked_wife_share
Mau_Ratanpura.sc,7,1,6,up,2010,linked_wife_share
Mirzapur_Chhaanbe.sc,12,6,6,up,2010,linked_wife_share
Mirzapur_Halia.sc,12,5,7,up,2010,linked_wife_share
Mirzapur_Kon (Cheelha).sc,6,1,5,up,2010,linked_wife_share
Mirzapur_Lalganj.sc,12,5,7,up,2010,linked_wife_share
Mirzapur_Majhwan.sc,6,4,2,up,2010,linked_wife_share
Mirzapur_Narayanpur.sc,15,4,11,up,2010,linked_wife_share
Mirzapur_Pahadi.sc,6,2,4,up,2010,linked_wife_share
Mirzapur_Rajgarh.sc,13,4,9,up,2010,linked_wife_share
Mirzapur_Seekhar.sc,2,2,0,up,2010,linked_wife_share
Muradabad_Asamoli.sc,3,0,3,up,2010,linked_wife_share
Muradabad_Bilari.sc,7,4,3,up,2010,linked_wife_share
Muradabad_Chhajlait.sc,2,1,1,up,2010,linked_wife_share
Muradabad_Dilari.sc,6,3,3,up,2010,linked_wife_share
Muradabad_Dingarpur (Kundarki).sc,11,3,8,up,2010,linked_wife_share
Muradabad_Mudhaa Pandey.sc,4,2,2,up,2010,linked_wife_share
Muradabad_Muradabad.sc,2,0,2,up,2010,linked_wife_share
Muradabad_Panwasa.sc,4,1,3,up,2010,linked_wife_share
Muradabad_Sambhal.sc,9,5,4,up,2010,linked_wife_share
Muradabad_Thakurdwara.sc,6,5,1,up,2010,linked_wife_share
Muzzafarnagar_Baghra.sc,3,1,2,up,2010,linked_wife_share
Muzzafarnagar_Charthaawal.sc,5,2,3,up,2010,linked_wife_share
Muzzafarnagar_Jansath.sc,3,1,2,up,2010,linked_wife_share
Muzzafarnagar_Kairana.sc,1,0,1,up,2010,linked_wife_share
Muzzafarnagar_Kandla.sc,2,0,2,up,2010,linked_wife_share
Muzzafarnagar_Khatauli.sc,6,2,4,up,2010,linked_wife_share
Muzzafarnagar_Morna.sc,2,1,1,up,2010,linked_wife_share
Muzzafarnagar_Purkaji.sc,4,0,4,up,2010,linked_wife_share
Muzzafarnagar_Sadar.sc,2,1,1,up,2010,linked_wife_share
Muzzafarnagar_Shahpur.sc,2,0,2,up,2010,linked_wife_share
Muzzafarnagar_Shamli.sc,1,1,0,up,2010,linked_wife_share
Muzzafarnagar_Un.sc,3,1,2,up,2010,linked_wife_share
Pilibhit_Amariya.sc,6,1,5,up,2010,linked_wife_share
Pilibhit_Barkheda.sc,6,3,3,up,2010,linked_wife_share
Pilibhit_Bilsanda.sc,10,3,7,up,2010,linked_wife_share
Pilibhit_Bisalpur.sc,7,1,6,up,2010,linked_wife_share
Pilibhit_Lalauri Kheda.sc,3,1,2,up,2010,linked_wife_share
Pilibhit_Marauri.sc,5,0,5,up,2010,linked_wife_share
Pilibhit_Purnanpur.sc,8,4,4,up,2010,linked_wife_share
Pratapgarh_Baabaa Belkharnath Dhaam.sc,8,2,6,up,2010,linked_wife_share
Pratapgarh_Baabaganj.sc,12,3,9,up,2010,linked_wife_share
Pratapgarh_Bihar.sc,13,5,8,up,2010,linked_wife_share
Pratapgarh_Gaura.sc,6,3,3,up,2010,linked_wife_share
Pratapgarh_Kalakankar.sc,9,3,6,up,2010,linked_wife_share
Pratapgarh_Kunda.sc,10,6,4,up,2010,linked_wife_share
Pratapgarh_Lakshmanpur.sc,7,1,6,up,2010,linked_wife_share
Pratapgarh_Lalganj.sc,7,5,2,up,2010,linked_wife_share
Pratapgarh_Magraura.sc,13,4,9,up,2010,linked_wife_share
Pratapgarh_Mandhaata.sc,7,3,4,up,2010,linked_wife_share
Pratapgarh_Patti.sc,9,5,4,up,2010,linked_wife_share
Pratapgarh_Sadar.sc,7,1,6,up,2010,linked_wife_share
Pratapgarh_Sandwaa Chandrika.sc,7,2,5,up,2010,linked_wife_share
Pratapgarh_Sangipur.sc,9,2,7,up,2010,linked_wife_share
Pratapgarh_Shivgarh.sc,5,1,4,up,2010,linked_wife_share
Rae bareli_Amawan.sc,7,3,4,up,2010,linked_wife_share
Rae bareli_Bachhrawan.sc,8,4,4,up,2010,linked_wife_share
Rae bareli_Dalmau.sc,9,4,5,up,2010,linked_wife_share
Rae bareli_Deenshaahgaura.sc,4,2,2,up,2010,linked_wife_share
Rae bareli_Harchandpur.sc,5,1,4,up,2010,linked_wife_share
Rae bareli_Khiro.sc,10,6,4,up,2010,linked_wife_share
Rae bareli_Lalganj.sc,10,4,6,up,2010,linked_wife_share
Rae bareli_Maharajganj.sc,6,1,5,up,2010,linked_wife_share
Rae bareli_Rahi.sc,11,3,8,up,2010,linked_wife_share
Rae bareli_Rohanea.sc,3,1,2,up,2010,linked_wife_share
Rae bareli_Sareni.sc,16,5,11,up,2010,linked_wife_share
Rae bareli_Sataon.sc,3,1,2,up,2010,linked_wife_share
Rae bareli_Shivgarh.sc,7,2,5,up,2010,linked_wife_share
Rae bareli_Unchahaar.sc,5,2,3,up,2010,linked_wife_share
Rampur_Bilaaspur.sc,10,2,8,up,2010,linked_wife_share
Rampur_Milk.sc,19,0,19,up,2010,linked_wife_share
Rampur_Saidnagar.sc,6,3,3,up,2010,linked_wife_share
Saharanpur_Baliyakhedi.sc,13,3,10,up,2010,linked_wife_share
Saharanpur_Devbanda.sc,12,4,8,up,2010,linked_wife_share
Saharanpur_Gangoh.sc,7,1,6,up,2010,linked_wife_share
Saharanpur_Muzaffarabad.sc,12,5,7,up,2010,linked_wife_share
Saharanpur_Nagal.sc,11,4,7,up,2010,linked_wife_share
Saharanpur_Nakud.sc,7,2,5,up,2010,linked_wife_share
Saharanpur_Rampur Maniharan.sc,11,5,6,up,2010,linked_wife_share
Saharanpur_Sarsawa.sc,6,2,4,up,2010,linked_wife_share
Sant Kabeer Nagar_Baghauli.sc,9,4,5,up,2010,linked_wife_share
Sant Kabeer Nagar_Belhar Kala.sc,5,2,3,up,2010,linked_wife_share
Sant Kabeer Nagar_Khalilabad.sc,11,3,8,up,2010,linked_wife_share
Sant Kabeer Nagar_Mehdawal.sc,6,2,4,up,2010,linked_wife_share
Sant Kabeer Nagar_Nathnagar.sc,17,6,11,up,2010,linked_wife_share
Sant Kabeer Nagar_Pauli.sc,5,2,3,up,2010,linked_wife_share
Sant Kabeer Nagar_Sautha.sc,1,0,1,up,2010,linked_wife_share
Sant Kabeer Nagar_Semriyawa.sc,9,4,5,up,2010,linked_wife_share
Sant Ravidas Nagar_Abholi.sc,7,3,4,up,2010,linked_wife_share
Sant Ravidas Nagar_Aurain.sc,19,6,13,up,2010,linked_wife_share
Sant Ravidas Nagar_Bhadohi.sc,9,4,5,up,2010,linked_wife_share
Sant Ravidas Nagar_Deegh.sc,5,2,3,up,2010,linked_wife_share
Sant Ravidas Nagar_Gyanpur.sc,9,4,5,up,2010,linked_wife_share
Sant Ravidas Nagar_Suriyawan.sc,11,3,8,up,2010,linked_wife_share
Shravasti_Gilola.sc,13,4,9,up,2010,linked_wife_share
Shravasti_Hariharpur Rani.sc,6,2,4,up,2010,linked_wife_share
Shravasti_Ikouna.sc,6,3,3,up,2010,linked_wife_share
Shravasti_Jamunha.sc,10,4,6,up,2010,linked_wife_share
Shravasti_Sirsia.sc,8,3,5,up,2010,linked_wife_share
Siddharth Nagar_Badhni.sc,4,3,1,up,2010,linked_wife_share
Siddharth Nagar_Bansi.sc,6,3,3,up,2010,linked_wife_share
Siddharth Nagar_Bhanwaapur.sc,10,6,4,up,2010,linked_wife_share
Siddharth Nagar_Dumriaganj.sc,10,3,7,up,2010,linked_wife_share
Siddharth Nagar_Itwa.sc,4,2,2,up,2010,linked_wife_share
Siddharth Nagar_Jogiya.sc,10,4,6,up,2010,linked_wife_share
Siddharth Nagar_Khesarha.sc,12,4,8,up,2010,linked_wife_share
Siddharth Nagar_Khuniyav.sc,4,1,3,up,2010,linked_wife_share
Siddharth Nagar_Lotan Bazar.sc,6,2,4,up,2010,linked_wife_share
Siddharth Nagar_Mithwal.sc,10,3,7,up,2010,linked_wife_share
Siddharth Nagar_Naugadh.sc,7,3,4,up,2010,linked_wife_share
Siddharth Nagar_Shohratgarh.sc,8,3,5,up,2010,linked_wife_share
Siddharth Nagar_UskaBazar.sc,3,1,2,up,2010,linked_wife_share
Sitapur_Ailiya.sc,16,6,10,up,2010,linked_wife_share
Sitapur_Behata.sc,8,3,5,up,2010,linked_wife_share
Sitapur_Biswan.sc,15,7,8,up,2010,linked_wife_share
Sitapur_Gondlamau.sc,3,1,2,up,2010,linked_wife_share
Sitapur_Hargaon.sc,13,3,10,up,2010,linked_wife_share
Sitapur_Kasmanda.sc,11,3,8,up,2010,linked_wife_share
Sitapur_Khairbad.sc,12,4,8,up,2010,linked_wife_share
Sitapur_Laharpur.sc,12,2,10,up,2010,linked_wife_share
Sitapur_Machhrehta.sc,14,5,9,up,2010,linked_wife_share
Sitapur_Mahmudabad.sc,10,3,7,up,2010,linked_wife_share
Sitapur_Maholi.sc,13,4,9,up,2010,linked_wife_share
Sitapur_Mishrikh.sc,15,4,11,up,2010,linked_wife_share
Sitapur_Pahala.sc,13,3,10,up,2010,linked_wife_share
Sitapur_Parsendi.sc,11,5,6,up,2010,linked_wife_share
Sitapur_Pisawan.sc,14,5,9,up,2010,linked_wife_share
Sitapur_Rampurmathura.sc,8,3,5,up,2010,linked_wife_share
Sitapur_Reusaa.sc,10,4,6,up,2010,linked_wife_share
Sitapur_Sakran.sc,12,4,8,up,2010,linked_wife_share
Sitapur_Sidhauli.sc,12,4,8,up,2010,linked_wife_share
Sonbhadra_Chatra.sc,6,3,3,up,2010,linked_wife_share
Sonbhadra_Chopan.sc,1,1,0,up,2010,linked_wife_share
Sonbhadra_Duddhi.sc,13,0,13,up,2010,linked_wife_share
Sonbhadra_Ghorawal.sc,10,2,8,up,2010,linked_wife_share
Sonbhadra_Myorpur.sc,8,4,4,up,2010,linked_wife_share
Sonbhadra_Nagwan.sc,7,3,4,up,2010,linked_wife_share
Sonbhadra_Robertsganj.sc,5,1,4,up,2010,linked_wife_share
Sonbhadra_Vabhni.sc,5,2,3,up,2010,linked_wife_share
Sultanpur_Akhandnagar.sc,10,3,7,up,2010,linked_wife_share
Sultanpur_Baldirai.sc,5,2,3,up,2010,linked_wife_share
Sultanpur_Bhaiyya.sc,11,5,6,up,2010,linked_wife_share
Sultanpur_Dhanpat Ganj.sc,12,5,7,up,2010,linked_wife_share
Sultanpur_Doobepur.sc,9,3,6,up,2010,linked_wife_share
Sultanpur_Dostpur.sc,4,3,1,up,2010,linked_wife_share
Sultanpur_Jaisinghpur.sc,8,2,6,up,2010,linked_wife_share
Sultanpur_Kadipur.sc,4,0,4,up,2010,linked_wife_share
Sultanpur_Kudebhar.sc,6,1,5,up,2010,linked_wife_share
Sultanpur_Kudwar.sc,5,2,3,up,2010,linked_wife_share
Sultanpur_Lambhua.sc,10,4,6,up,2010,linked_wife_share
Sultanpur_Motigarpur.sc,7,3,4,up,2010,linked_wife_share
Sultanpur_Pratappur Kemaicha.sc,8,3,5,up,2010,linked_wife_share
Unnao_Asoha.sc,11,3,8,up,2010,linked_wife_share
Unnao_Auras.sc,11,5,6,up,2010,linked_wife_share
Unnao_Bangarmau.sc,4,2,2,up,2010,linked_wife_share
Unnao_Bichiya.sc,10,4,6,up,2010,linked_wife_share
Unnao_Bighapur.sc,8,3,5,up,2010,linked_wife_share
Unnao_Fatehpur Chaurasi.sc,11,3,8,up,2010,linked_wife_share
Unnao_Hasan ganj.sc,18,6,12,up,2010,linked_wife_share
Unnao_Hilauli.sc,9,3,6,up,2010,linked_wife_share
Unnao_Nawabganj.sc,17,6,11,up,2010,linked_wife_share
Unnao_Purwa.sc,10,4,6,up,2010,linked_wife_share
Unnao_Safipur.sc,10,3,7,up,2010,linked_wife_share
Unnao_Si. Sirosi.sc,9,5,4,up,2010,linked_wife_share
Unnao_Sikandarpur Karan.sc,8,4,4,up,2010,linked_wife_share
Unnao_Sumerpur.sc,12,4,8,up,2010,linked_wife_share
Varanasi_Araji Lines.sc,12,3,9,up,2010,linked_wife_share
Varanasi_Badagaon.sc,8,4,4,up,2010,linked_wife_share
Varanasi_Chiraigaon.sc,6,2,4,up,2010,linked_wife_share
Varanasi_Cholapur.sc,10,2,8,up,2010,linked_wife_share
Varanasi_Harhua.sc,7,2,5,up,2010,linked_wife_share
Varanasi_Kashividyapeeth.sc,5,2,3,up,2010,linked_wife_share
Varanasi_Pindra.sc,14,4,10,up,2010,linked_wife_share
Varanasi_Sewapuri.sc,10,3,7,up,2010,linked_wife_share
Bahraich_Mihipurwa.st,1,0,1,up,2010,linked_wife_share
Balrampur_Gainsadi.st,1,1,0,up,2010,linked_wife_share
Balrampur_Pachpedwa.st,3,2,1,up,2010,linked_wife_share
Bijnaur_Kotwali.st,1,1,0,up,2010,linked_wife_share
Jhanshi_Babina.st,1,1,0,up,2010,linked_wife_share
Lakhimpur Khiri_Bankeganj.st,1,1,0,up,2010,linked_wife_share
Lakhimpur Khiri_Palia.st,7,2,5,up,2010,linked_wife_share
Maharajganj_Nautanwa.st,1,1,0,up,2010,linked_wife_share
Shravasti_Sirsia.st,2,1,1,up,2010,linked_wife_share
Agra_Achnera.general,15,9,6,up,2005,mean_gap
Agra_Akolaa.general,11,9,2,up,2005,mean_gap
Agra_Bah.general,10,4,6,up,2005,mean_gap
Agra_Baroli Ahir.general,15,5,10,up,2005,mean_gap
Agra_Bichpuri.general,3,2,1,up,2005,mean_gap
Agra_Etmaadpur.general,14,6,8,up,2005,mean_gap
Agra_Fatehabad.general,18,11,7,up,2005,mean_gap
Agra_Fatehpur Seekri.general,14,11,3,up,2005,mean_gap
Agra_Jagner.general,3,1,2,up,2005,mean_gap
Agra_Khandoli.general,11,4,7,up,2005,mean_gap
Agra_Pinahat.general,13,5,8,up,2005,mean_gap
Agra_Shamshabaad.general,15,7,8,up,2005,mean_gap
Ambedkar Nagar_Akbarpur.general,43,32,11,up,2005,mean_gap
Ambedkar Nagar_Basakhari.general,20,16,4,up,2005,mean_gap
Ambedkar Nagar_Bhiti.general,21,6,15,up,2005,mean_gap
Ambedkar Nagar_Jahangirganj.general,24,13,11,up,2005,mean_gap
Ambedkar Nagar_Jalalpur.general,35,21,14,up,2005,mean_gap
Ambedkar Nagar_Katehri.general,23,13,10,up,2005,mean_gap
Ambedkar Nagar_Miyan.general,25,16,9,up,2005,mean_gap
Ambedkar Nagar_Ramnagar.general,32,24,8,up,2005,mean_gap
Ambedkar Nagar_Tanda.general,34,18,16,up,2005,mean_gap
Auraiya_Achhaldaa.general,14,11,3,up,2005,mean_gap
Auraiya_Ajitmal.general,16,4,12,up,2005,mean_gap
Auraiya_Auraiya.general,25,3,22,up,2005,mean_gap
Auraiya_Bhagyanagar.general,22,4,18,up,2005,mean_gap
Auraiya_Eva Katra.general,13,9,4,up,2005,mean_gap
Auraiya_Sahar.general,21,11,10,up,2005,mean_gap
Auraiya_Vidhuna.general,22,17,5,up,2005,mean_gap
Bagpat_Bagpat.general,9,4,5,up,2005,mean_gap
Bagpat_Baraut.general,16,4,12,up,2005,mean_gap
Bagpat_Binauli.general,13,6,7,up,2005,mean_gap
Bagpat_Chhaparauli.general,8,6,2,up,2005,mean_gap
Bagpat_Khekhada.general,9,6,3,up,2005,mean_gap
Bagpat_Pilana.general,14,5,9,up,2005,mean_gap
Bahraich_Balha.general,10,4,6,up,2005,mean_gap
Bahraich_Fakhrpur.general,37,7,30,up,2005,mean_gap
Bahraich_Huzurpur.general,32,15,17,up,2005,mean_gap
Bahraich_Jarwal.general,36,18,18,up,2005,mean_gap
Bahraich_Kaiserganj.general,20,9,11,up,2005,mean_gap
Bahraich_Mahsi.general,24,4,20,up,2005,mean_gap
Bahraich_Mihipurwa.general,18,11,7,up,2005,mean_gap
Bahraich_Nawabganj.general,24,3,21,up,2005,mean_gap
Bahraich_Prayagpur.general,22,3,19,up,2005,mean_gap
Bahraich_Risia.general,23,5,18,up,2005,mean_gap
Bahraich_Shivpur.general,23,10,13,up,2005,mean_gap
Bahraich_Tajwapur.general,28,8,20,up,2005,mean_gap
Bahraich_Visheshwarganj.general,22,3,19,up,2005,mean_gap
Baliya_Baasadeeh.general,19,9,10,up,2005,mean_gap
Baliya_Bairiya.general,16,5,11,up,2005,mean_gap
Baliya_Belhari.general,9,3,6,up,2005,mean_gap
Baliya_Berua Bari.general,11,8,3,up,2005,mean_gap
Baliya_Chilakhar.general,21,10,11,up,2005,mean_gap
Baliya_Gadwar.general,21,12,9,up,2005,mean_gap
Baliya_Hanumanganj.general,20,4,16,up,2005,mean_gap
Baliya_Maniyar.general,16,9,7,up,2005,mean_gap
Baliya_Murli Chappa.general,10,2,8,up,2005,mean_gap
Baliya_Nagra.general,18,10,8,up,2005,mean_gap
Baliya_Nawanagar.general,15,9,6,up,2005,mean_gap
Baliya_Pandah.general,15,12,3,up,2005,mean_gap
Baliya_Rasra.general,21,16,5,up,2005,mean_gap
Baliya_Revti.general,14,7,7,up,2005,mean_gap
Baliya_Sier.general,28,20,8,up,2005,mean_gap
Baliya_Sohaon.general,21,8,13,up,2005,mean_gap
Banda_Baberu.general,22,15,7,up,2005,mean_gap
Banda_Barokhar Khurd.general,17,8,9,up,2005,mean_gap
Banda_Bissanda.general,15,8,7,up,2005,mean_gap
Banda_Jaspura.general,15,5,10,up,2005,mean_gap
Banda_Kamasin.general,19,7,12,up,2005,mean_gap
Banda_Mahua.general,25,6,19,up,2005,mean_gap
Banda_Narani.general,30,10,20,up,2005,mean_gap
Banda_Tindwaari.general,13,1,12,up,2005,mean_gap
Barabanki_Banikoder.general,28,7,21,up,2005,mean_gap
Barabanki_Banki.general,15,12,3,up,2005,mean_gap
Barabanki_Dariyabad.general,23,7,16,up,2005,mean_gap
Barabanki_Dewan.general,20,14,6,up,2005,mean_gap
Barabanki_Haidarganj.general,13,4,9,up,2005,mean_gap
Barabanki_Harakh.general,20,14,6,up,2005,mean_gap
Barabanki_masauli.general,15,11,4,up,2005,mean_gap
Barabanki_Nindur.general,25,9,16,up,2005,mean_gap
Barabanki_Puredlai.general,17,4,13,up,2005,mean_gap
Barabanki_Ramnagar.general,27,0,27,up,2005,mean_gap
Barabanki_Siddhaur.general,31,6,25,up,2005,mean_gap
Barabanki_Sirauli Gauspur.general,20,10,10,up,2005,mean_gap
Barabanki_Suratganj.general,25,10,15,up,2005,mean_gap
Barabanki_Trivediganj.general,25,4,21,up,2005,mean_gap
Bareilly_Alampur Jafrabaad.general,32,15,17,up,2005,mean_gap
Bareilly_Bahedi.general,38,14,24,up,2005,mean_gap
Bareilly_Bhadpura.general,18,11,7,up,2005,mean_gap
Bareilly_Bhojipura.general,27,17,10,up,2005,mean_gap
Bareilly_Bhuta.general,28,12,16,up,2005,mean_gap
Bareilly_Damkhoda.general,19,12,7,up,2005,mean_gap
Bareilly_Faridpur.general,21,10,11,up,2005,mean_gap
Bareilly_Fatehganj ( P O ).general,23,8,15,up,2005,mean_gap
Bareilly_Kyara.general,6,6,0,up,2005,mean_gap
Bareilly_Majhgawan.general,22,13,9,up,2005,mean_gap
Bareilly_Mirganj.general,21,16,5,up,2005,mean_gap
Bareilly_Nawabganj.general,21,18,3,up,2005,mean_gap
Bareilly_Ramnagar.general,1,1,0,up,2005,mean_gap
Bareilly_Shergarh.general,17,12,5,up,2005,mean_gap
Basti_Bahadurpur.general,21,5,16,up,2005,mean_gap
Basti_Bankati.general,18,10,8,up,2005,mean_gap
Basti_Basti.general,28,9,19,up,2005,mean_gap
Basti_Bikramjot.general,27,5,22,up,2005,mean_gap
Basti_Dubaulia.general,17,4,13,up,2005,mean_gap
Basti_Gour.general,25,5,20,up,2005,mean_gap
Basti_Hareya.general,29,8,21,up,2005,mean_gap
Basti_Kaptaiganj.general,15,9,6,up,2005,mean_gap
Basti_Kudrah.general,12,8,4,up,2005,mean_gap
Basti_Parsrampur.general,20,3,17,up,2005,mean_gap
Basti_Ramnagar.general,21,9,12,up,2005,mean_gap
Basti_Raudhauli.general,25,10,15,up,2005,mean_gap
Basti_Saltoya Gopalpur.general,32,20,12,up,2005,mean_gap
Basti_Saugahat.general,25,13,12,up,2005,mean_gap
Bijnaur_Afzalgarah.general,14,3,11,up,2005,mean_gap
Bijnaur_Haldaur.general,28,16,12,up,2005,mean_gap
Bijnaur_Jalilpur.general,32,16,16,up,2005,mean_gap
Bijnaur_Kiratpur.general,6,1,5,up,2005,mean_gap
Bijnaur_Kotwali.general,40,16,24,up,2005,mean_gap
Bijnaur_Mau Pur Devmal.general,11,1,10,up,2005,mean_gap
Bijnaur_Najibabad.general,36,7,29,up,2005,mean_gap
Bijnaur_Noorpur.general,36,10,26,up,2005,mean_gap
Bijnaur_Syohara.general,28,11,17,up,2005,mean_gap
Budaun_Gunnaur.general,19,12,7,up,2005,mean_gap
Budaun_Junawai.general,21,16,5,up,2005,mean_gap
Bulandshahr_Agauta.general,17,11,6,up,2005,mean_gap
Bulandshahr_Anupshahr.general,14,1,13,up,2005,mean_gap
Bulandshahr_Arniyaan.general,18,5,13,up,2005,mean_gap
Bulandshahr_B. B. Nagar.general,4,2,2,up,2005,mean_gap
Bulandshahr_Bulandshahr.general,17,8,9,up,2005,mean_gap
Bulandshahr_Danpur.general,2,1,1,up,2005,mean_gap
Bulandshahr_Dibai.general,3,1,2,up,2005,mean_gap
Bulandshahr_Gulawati.general,9,5,4,up,2005,mean_gap
Bulandshahr_Jahangirabad.general,10,4,6,up,2005,mean_gap
Bulandshahr_Khujra.general,22,7,15,up,2005,mean_gap
Bulandshahr_Lakhauti.general,15,8,7,up,2005,mean_gap
Bulandshahr_Pahasu.general,7,0,7,up,2005,mean_gap
Bulandshahr_Shikarpur.general,6,2,4,up,2005,mean_gap
Bulandshahr_Sikandrabad.general,26,2,24,up,2005,mean_gap
Bulandshahr_Siyana.general,3,0,3,up,2005,mean_gap
Bulandshahr_Unchagaon.general,10,2,8,up,2005,mean_gap
Chandauli_Barhani.general,5,1,4,up,2005,mean_gap
Chandauli_Chahniya.general,23,17,6,up,2005,mean_gap
Chandauli_Chakia.general,19,5,14,up,2005,mean_gap
Chandauli_Dhanapur.general,2,0,2,up,2005,mean_gap
Chandauli_Naugadh.general,8,3,5,up,2005,mean_gap
Chandauli_Niyamatabad.general,18,10,8,up,2005,mean_gap
Chandauli_Sakaldeeha.general,22,5,17,up,2005,mean_gap
Chandauli_Shahababganj.general,18,2,16,up,2005,mean_gap
Chitrakoot_Karvi ( Chitrakut ).general,30,10,20,up,2005,mean_gap
Chitrakoot_Manikpur.general,17,3,14,up,2005,mean_gap
Chitrakoot_Mau.general,13,4,9,up,2005,mean_gap
Chitrakoot_Pahadi.general,29,10,19,up,2005,mean_gap
Chitrakoot_Ramnagar.general,8,2,6,up,2005,mean_gap
Firozabad_Aaraon.general,17,10,7,up,2005,mean_gap
Firozabad_Eka.general,24,18,6,up,2005,mean_gap
Firozabad_Firozabad.general,16,12,4,up,2005,mean_gap
Firozabad_Hathwant.general,20,13,7,up,2005,mean_gap
Firozabad_Jasrana.general,19,15,4,up,2005,mean_gap
Firozabad_Madanpur.general,26,16,10,up,2005,mean_gap
Firozabad_Narkhi.general,9,2,7,up,2005,mean_gap
Firozabad_Shikohabad.general,23,18,5,up,2005,mean_gap
Firozabad_Tundla.general,13,5,8,up,2005,mean_gap
Gautam Buddha Nagar_Dadri.general,12,4,8,up,2005,mean_gap
Gautam Buddha Nagar_Jewar.general,4,1,3,up,2005,mean_gap
Gautam Buddha Nagar_Visarkh.general,2,2,0,up,2005,mean_gap
Ghaziabad_Bhojpur.general,3,3,0,up,2005,mean_gap
Ghaziabad_Dhaulana.general,17,3,14,up,2005,mean_gap
Ghaziabad_Garhmukteshwar.general,16,0,16,up,2005,mean_gap
Ghaziabad_Hapur.general,25,8,17,up,2005,mean_gap
Ghaziabad_Loni.general,7,5,2,up,2005,mean_gap
Ghaziabad_Muradnagar.general,5,0,5,up,2005,mean_gap
Ghaziabad_Rajapur.general,8,1,7,up,2005,mean_gap
Ghaziabad_Simbhavli.general,17,1,16,up,2005,mean_gap
Ghazipur_Barachwar.general,26,15,11,up,2005,mean_gap
Ghazipur_Bhadaura.general,14,5,9,up,2005,mean_gap
Ghazipur_Jakhniya.general,32,24,8,up,2005,mean_gap
Ghazipur_Jamaniya.general,9,6,3,up,2005,mean_gap
Ghazipur_Karanda.general,15,13,2,up,2005,mean_gap
Ghazipur_Kasimabad.general,30,22,8,up,2005,mean_gap
Ghazipur_Manihari.general,23,19,4,up,2005,mean_gap
Ghazipur_Mardan.general,14,11,3,up,2005,mean_gap
Ghazipur_Muhammadabad.general,26,18,8,up,2005,mean_gap
Ghazipur_Revatipur.general,6,2,4,up,2005,mean_gap
Ghazipur_Sadaat.general,26,18,8,up,2005,mean_gap
Ghazipur_Sadar.general,13,12,1,up,2005,mean_gap
Ghazipur_Saidpur.general,20,13,7,up,2005,mean_gap
Ghazipur_Virano.general,16,10,6,up,2005,mean_gap
Gonda_Belasar.general,16,3,13,up,2005,mean_gap
Gonda_Bhabha njot.general,29,16,13,up,2005,mean_gap
Gonda_Chhapia.general,28,12,16,up,2005,mean_gap
Gonda_Etiyathok.general,28,9,19,up,2005,mean_gap
Gonda_Haladharamuu.general,23,7,16,up,2005,mean_gap
Gonda_Jhanjhari.general,37,11,26,up,2005,mean_gap
Gonda_Karnailganj.general,28,7,21,up,2005,mean_gap
Gonda_Katra Bazar.general,22,6,16,up,2005,mean_gap
Gonda_Manakapur.general,27,8,19,up,2005,mean_gap
Gonda_Mujehana.general,25,8,17,up,2005,mean_gap
Gonda_Nawabganj.general,27,7,20,up,2005,mean_gap
Gonda_Pandri Kripal.general,14,4,10,up,2005,mean_gap
Gonda_Parsapur.general,23,11,12,up,2005,mean_gap
Gonda_Rupaidih.general,19,7,12,up,2005,mean_gap
Gonda_Tarabganj.general,16,6,10,up,2005,mean_gap
Gonda_Wazirganj.general,22,6,16,up,2005,mean_gap
Gorakhpur_Barhalganj.general,6,5,1,up,2005,mean_gap
Gorakhpur_Belghat.general,26,18,8,up,2005,mean_gap
Gorakhpur_Bosagaon.general,20,6,14,up,2005,mean_gap
Gorakhpur_Brahmpur.general,16,13,3,up,2005,mean_gap
Gorakhpur_Chargaawon.general,10,5,5,up,2005,mean_gap
Gorakhpur_Gagaha.general,24,9,15,up,2005,mean_gap
Gorakhpur_Gola.general,19,5,14,up,2005,mean_gap
Gorakhpur_J. O. Kauriya.general,12,8,4,up,2005,mean_gap
Gorakhpur_Kauriram.general,16,8,8,up,2005,mean_gap
Gorakhpur_Khajni.general,28,11,17,up,2005,mean_gap
Gorakhpur_Khorabaar.general,10,9,1,up,2005,mean_gap
Gorakhpur_Pali.general,9,5,4,up,2005,mean_gap
Gorakhpur_Piparoli.general,13,7,6,up,2005,mean_gap
Gorakhpur_Pipraich.general,21,15,6,up,2005,mean_gap
Gorakhpur_Sardarnagar.general,20,13,7,up,2005,mean_gap
Gorakhpur_Uruvaon.general,21,7,14,up,2005,mean_gap
Hamirpur_Gohand.general,12,10,2,up,2005,mean_gap
Hamirpur_Kurara.general,8,8,0,up,2005,mean_gap
Hamirpur_Maudha.general,20,11,9,up,2005,mean_gap
Hamirpur_Muskra.general,10,7,3,up,2005,mean_gap
Hamirpur_Raath.general,5,5,0,up,2005,mean_gap
Hamirpur_Sarila.general,13,8,5,up,2005,mean_gap
Hamirpur_Sumerpur.general,16,10,6,up,2005,mean_gap
Hardoi_Ahirorhi.general,21,7,14,up,2005,mean_gap
Hardoi_Barkhani.general,15,4,11,up,2005,mean_gap
Hardoi_Bawan.general,20,6,14,up,2005,mean_gap
Hardoi_Benhadar.general,17,11,6,up,2005,mean_gap
Hardoi_Bharawan.general,11,3,8,up,2005,mean_gap
Hardoi_Bilgraam.general,25,9,16,up,2005,mean_gap
Hardoi_Hariyawan.general,18,7,11,up,2005,mean_gap
Hardoi_Harpalpur.general,20,6,14,up,2005,mean_gap
Hardoi_Kachauna.general,10,5,5,up,2005,mean_gap
Hardoi_Kothawan.general,11,4,7,up,2005,mean_gap
Hardoi_Madhauganj.general,16,10,6,up,2005,mean_gap
Hardoi_Mallawan.general,10,6,4,up,2005,mean_gap
Hardoi_Pihani.general,23,7,16,up,2005,mean_gap
Hardoi_Sandi.general,18,8,10,up,2005,mean_gap
Hardoi_Sandila.general,19,8,11,up,2005,mean_gap
Hardoi_Shahabaad.general,22,12,10,up,2005,mean_gap
Hardoi_Surusa.general,17,7,10,up,2005,mean_gap
Hardoi_Tadiyawan.general,23,8,15,up,2005,mean_gap
Hardoi_Todarpur.general,21,6,15,up,2005,mean_gap
Hathras_Hasayan.general,18,6,12,up,2005,mean_gap
Hathras_Mursan.general,23,3,20,up,2005,mean_gap
Hathras_Sadabad.general,19,10,9,up,2005,mean_gap
Hathras_Sahpau.general,15,4,11,up,2005,mean_gap
Hathras_Sasni.general,24,2,22,up,2005,mean_gap
Hathras_Sikandra Rao.general,19,16,3,up,2005,mean_gap
Itawah_Badh. Pura.general,9,4,5,up,2005,mean_gap
Itawah_Basrehar.general,15,13,2,up,2005,mean_gap
Itawah_Bharathana.general,17,14,3,up,2005,mean_gap
Itawah_Chakarnagar.general,15,5,10,up,2005,mean_gap
Itawah_Jaswantnagar.general,21,16,5,up,2005,mean_gap
Itawah_Mahewa.general,29,7,22,up,2005,mean_gap
Itawah_Saifai.general,11,7,4,up,2005,mean_gap
Itawah_Takha.general,11,9,2,up,2005,mean_gap
Jalaun_Dakor.general,24,12,12,up,2005,mean_gap
Jalaun_Jalaun.general,22,5,17,up,2005,mean_gap
Jalaun_Kadoura.general,21,9,12,up,2005,mean_gap
Jalaun_Kochan.general,1,0,1,up,2005,mean_gap
Jalaun_Kuthound.general,17,1,16,up,2005,mean_gap
Jalaun_Mahewa.general,18,3,15,up,2005,mean_gap
Jalaun_Nadigaon.general,13,2,11,up,2005,mean_gap
Jalaun_Rampura.general,15,3,12,up,2005,mean_gap
Jaunpur_Badlapur.general,32,12,20,up,2005,mean_gap
Jaunpur_Buxa.general,13,5,8,up,2005,mean_gap
Jaunpur_Jalalpur.general,2,1,1,up,2005,mean_gap
Jaunpur_Karanja Kala.general,4,2,2,up,2005,mean_gap
Jaunpur_Khutahan.general,18,12,6,up,2005,mean_gap
Jaunpur_Machhalishahr.general,2,2,0,up,2005,mean_gap
Jaunpur_Madiyahu.general,1,1,0,up,2005,mean_gap
Jaunpur_Maharajganj.general,28,11,17,up,2005,mean_gap
Jaunpur_Muftiganj.general,2,1,1,up,2005,mean_gap
Jaunpur_Ramnagar.general,2,2,0,up,2005,mean_gap
Jaunpur_Shahganj Sodhi.general,9,3,6,up,2005,mean_gap
Jaunpur_Sikarara.general,1,1,0,up,2005,mean_gap
Jaunpur_Srikoni.general,2,2,0,up,2005,mean_gap
Jaunpur_Suitha Kala.general,12,1,11,up,2005,mean_gap
Jaunpur_Sujangang.general,2,0,2,up,2005,mean_gap
Jhanshi_Babina.general,15,9,6,up,2005,mean_gap
Jhanshi_Badagaon.general,16,13,3,up,2005,mean_gap
Jhanshi_Bamour.general,22,6,16,up,2005,mean_gap
Jhanshi_Chirgaon.general,13,11,2,up,2005,mean_gap
Jhanshi_Moth.general,24,18,6,up,2005,mean_gap
Kannauj_Chhibramau.general,37,22,15,up,2005,mean_gap
Kannauj_Gugapur.general,7,7,0,up,2005,mean_gap
Kannauj_Haseran.general,15,10,5,up,2005,mean_gap
Kannauj_Jalalabad.general,11,2,9,up,2005,mean_gap
Kannauj_Kannauj.general,25,12,13,up,2005,mean_gap
Kannauj_Saurkh.general,20,7,13,up,2005,mean_gap
Kannauj_Umarda.general,24,18,6,up,2005,mean_gap
Kanpur Nagar_Bhitar Gaon.general,16,12,4,up,2005,mean_gap
Kanpur Nagar_Bilhaur.general,20,14,6,up,2005,mean_gap
Kanpur Nagar_Chaubepur.general,22,4,18,up,2005,mean_gap
Kanpur Nagar_Ghatampur.general,16,10,6,up,2005,mean_gap
Kanpur Nagar_Kakwan.general,6,4,2,up,2005,mean_gap
Kanpur Nagar_Kalyanpur.general,11,1,10,up,2005,mean_gap
Kanpur Nagar_Patara.general,15,4,11,up,2005,mean_gap
Kanpur Nagar_Sarasaul.general,3,0,3,up,2005,mean_gap
Kanpur Nagar_Shivrajpur.general,18,5,13,up,2005,mean_gap
Kanpur Nagar_Vidhnu.general,19,2,17,up,2005,mean_gap
Kaushambi_Chayal.general,3,0,3,up,2005,mean_gap
Kaushambi_Kara.general,15,8,7,up,2005,mean_gap
Kaushambi_Kaushambi.general,18,2,16,up,2005,mean_gap
Kaushambi_Manjhanpur.general,19,5,14,up,2005,mean_gap
Kaushambi_Muratganj.general,13,2,11,up,2005,mean_gap
Kaushambi_NEWADA.general,25,1,24,up,2005,mean_gap
Kaushambi_Sarsawa.general,15,0,15,up,2005,mean_gap
Kaushambi_Sirathu.general,20,7,13,up,2005,mean_gap
Kushinagar_Fazilnagar.general,23,12,11,up,2005,mean_gap
Kushinagar_Hata.general,17,7,10,up,2005,mean_gap
Kushinagar_Kaptaiganj.general,26,17,9,up,2005,mean_gap
Kushinagar_Kasaya.general,4,2,2,up,2005,mean_gap
Kushinagar_Khadda.general,14,10,4,up,2005,mean_gap
Kushinagar_Moti Chak.general,19,13,6,up,2005,mean_gap
Kushinagar_Nebua Naurangia.general,20,13,7,up,2005,mean_gap
Kushinagar_Padrauna.general,21,15,6,up,2005,mean_gap
Kushinagar_Ramkola.general,15,8,7,up,2005,mean_gap
Kushinagar_Sewarhi.general,9,5,4,up,2005,mean_gap
Kushinagar_Sukaroli.general,20,14,6,up,2005,mean_gap
Kushinagar_Tamkuhiraj.general,21,8,13,up,2005,mean_gap
Kushinagar_Vishunpura.general,22,14,8,up,2005,mean_gap
Lakhimpur Khiri_Bankeganj.general,17,6,11,up,2005,mean_gap
Lakhimpur Khiri_Bijua.general,23,2,21,up,2005,mean_gap
Lakhimpur Khiri_Dhaurhara.general,15,8,7,up,2005,mean_gap
Lakhimpur Khiri_Gola ( Kumbhi ).general,20,6,14,up,2005,mean_gap
Lakhimpur Khiri_Isanagar.general,29,19,10,up,2005,mean_gap
Lakhimpur Khiri_Lakhimpur.general,27,14,13,up,2005,mean_gap
Lakhimpur Khiri_Mitauli.general,31,2,29,up,2005,mean_gap
Lakhimpur Khiri_Mohammadi.general,33,7,26,up,2005,mean_gap
Lakhimpur Khiri_Nakha.general,6,4,2,up,2005,mean_gap
Lakhimpur Khiri_Nighasan.general,20,12,8,up,2005,mean_gap
Lakhimpur Khiri_Palia.general,12,1,11,up,2005,mean_gap
Lakhimpur Khiri_Pasgawan.general,27,5,22,up,2005,mean_gap
Lakhimpur Khiri_Phoolbehad.general,21,6,15,up,2005,mean_gap
Lakhimpur Khiri_Ramiyabehar.general,15,8,7,up,2005,mean_gap
Lalitpur_Baar.general,11,8,3,up,2005,mean_gap
Lalitpur_Jakhaura.general,29,26,3,up,2005,mean_gap
Lalitpur_Madawara.general,18,9,9,up,2005,mean_gap
Lalitpur_Mahrauni.general,16,7,9,up,2005,mean_gap
Lalitpur_Talbehat.general,10,6,4,up,2005,mean_gap
Lalitpur_Virddha.general,24,10,14,up,2005,mean_gap
Maharajganj_Brajamangnaj.general,22,16,6,up,2005,mean_gap
Maharajganj_Dhani.general,7,6,1,up,2005,mean_gap
Maharajganj_Ferenda.general,23,16,7,up,2005,mean_gap
Maharajganj_Ghughli.general,22,16,6,up,2005,mean_gap
Maharajganj_Lakshmipur.general,23,15,8,up,2005,mean_gap
Maharajganj_Maharajganj Sadar.general,20,16,4,up,2005,mean_gap
Maharajganj_Mithoura.general,27,20,7,up,2005,mean_gap
Maharajganj_Nautanwa.general,22,12,10,up,2005,mean_gap
Maharajganj_Nichlaul.general,22,15,7,up,2005,mean_gap
Maharajganj_Paniyara.general,17,13,4,up,2005,mean_gap
Maharajganj_Partawal.general,28,15,13,up,2005,mean_gap
Maharajganj_Siswa Bazar.general,14,10,4,up,2005,mean_gap
Mahoba_Charkhari.general,12,8,4,up,2005,mean_gap
Mahoba_Jaitpur.general,5,2,3,up,2005,mean_gap
Mahoba_Kabrai.general,25,12,13,up,2005,mean_gap
Mainpuri_Barnahal.general,18,10,8,up,2005,mean_gap
Mainpuri_Bebar.general,31,17,14,up,2005,mean_gap
Mainpuri_Ghiror.general,15,9,6,up,2005,mean_gap
Mainpuri_Jagir.general,12,10,2,up,2005,mean_gap
Mainpuri_Karhal.general,19,11,8,up,2005,mean_gap
Mainpuri_Kurawli.general,23,17,6,up,2005,mean_gap
Mainpuri_Mainpuri.general,20,14,6,up,2005,mean_gap
Mainpuri_Sultanganj.general,22,15,7,up,2005,mean_gap
Mau_Baragaon.general,19,12,7,up,2005,mean_gap
Mau_Dohrighat.general,18,10,8,up,2005,mean_gap
Mau_Ghosi.general,24,13,11,up,2005,mean_gap
Mau_Kopaganj.general,18,8,10,up,2005,mean_gap
Mau_Muhammadabad.general,21,10,11,up,2005,mean_gap
Mau_Pardha.general,8,3,5,up,2005,mean_gap
Mau_Ranipur.general,21,4,17,up,2005,mean_gap
Mau_Ratanpura.general,18,8,10,up,2005,mean_gap
Mirzapur_Chhaanbe.general,24,7,17,up,2005,mean_gap
Mirzapur_Halia.general,28,5,23,up,2005,mean_gap
Mirzapur_Jamalpur.general,1,1,0,up,2005,mean_gap
Mirzapur_Kon ( Cheelha ).general,6,1,5,up,2005,mean_gap
Mirzapur_Lalganj.general,22,5,17,up,2005,mean_gap
Mirzapur_Majhwan.general,8,3,5,up,2005,mean_gap
Mirzapur_Narayanpur.general,33,16,17,up,2005,mean_gap
Mirzapur_Pahadi.general,14,4,10,up,2005,mean_gap
Mirzapur_Rajgarh.general,25,14,11,up,2005,mean_gap
Mirzapur_Seekhar.general,4,1,3,up,2005,mean_gap
Muradabad_Asamoli.general,13,3,10,up,2005,mean_gap
Muradabad_Bahjoi.general,6,5,1,up,2005,mean_gap
Muradabad_Bilari.general,16,8,8,up,2005,mean_gap
Muradabad_Chhajlait.general,8,4,4,up,2005,mean_gap
Muradabad_Dilari.general,28,4,24,up,2005,mean_gap
Muradabad_Dingerpur (Kunderki).general,34,3,31,up,2005,mean_gap
Muradabad_Mudhaa Pandey.general,22,4,18,up,2005,mean_gap
Muradabad_Muradabad.general,13,4,9,up,2005,mean_gap
Muradabad_Panwasa.general,7,3,4,up,2005,mean_gap
Muradabad_Sambhal.general,16,6,10,up,2005,mean_gap
Muradabad_Thakurdwara.general,20,7,13,up,2005,mean_gap
Muzzafarnagar_Baghra.general,14,10,4,up,2005,mean_gap
Muzzafarnagar_Budhana.general,12,3,9,up,2005,mean_gap
Muzzafarnagar_Charthaawal.general,15,2,13,up,2005,mean_gap
Muzzafarnagar_Jansath.general,10,7,3,up,2005,mean_gap
Muzzafarnagar_Kairana.general,7,5,2,up,2005,mean_gap
Muzzafarnagar_Kandla.general,10,6,4,up,2005,mean_gap
Muzzafarnagar_Khatauli.general,19,9,10,up,2005,mean_gap
Muzzafarnagar_Morna.general,12,9,3,up,2005,mean_gap
Muzzafarnagar_Purkaji.general,9,5,4,up,2005,mean_gap
Muzzafarnagar_Sadar.general,4,2,2,up,2005,mean_gap
Muzzafarnagar_Shahpur.general,8,4,4,up,2005,mean_gap
Muzzafarnagar_Shamli.general,12,10,2,up,2005,mean_gap
Muzzafarnagar_Un.general,9,3,6,up,2005,mean_gap
Pilibhit_Amariya.general,33,16,17,up,2005,mean_gap
Pilibhit_Barkheda.general,23,17,6,up,2005,mean_gap
Pilibhit_Bilsanda.general,24,9,15,up,2005,mean_gap
Pilibhit_Bisalpur.general,30,18,12,up,2005,mean_gap
Pilibhit_Lalauri Kheda.general,16,10,6,up,2005,mean_gap
Pilibhit_Marauri.general,15,10,5,up,2005,mean_gap
Pilibhit_Purnanpur.general,28,2,26,up,2005,mean_gap
Pratapgarh_Baabaa Belkharnath Dhaam.general,23,6,17,up,2005,mean_gap
Pratapgarh_Baabaganj.general,22,3,19,up,2005,mean_gap
Pratapgarh_Bihar.general,24,9,15,up,2005,mean_gap
Pratapgarh_Gaura.general,15,6,9,up,2005,mean_gap
Pratapgarh_Kalakankar.general,18,16,2,up,2005,mean_gap
Pratapgarh_Kunda.general,28,9,19,up,2005,mean_gap
Pratapgarh_Lakshmanpur.general,21,4,17,up,2005,mean_gap
Pratapgarh_Lalganj.general,11,4,7,up,2005,mean_gap
Pratapgarh_Magraura.general,24,8,16,up,2005,mean_gap
Pratapgarh_Mandhaata.general,22,6,16,up,2005,mean_gap
Pratapgarh_Patti.general,24,7,17,up,2005,mean_gap
Pratapgarh_Sadar.general,16,2,14,up,2005,mean_gap
Pratapgarh_Sandwaa Chandrika.general,16,4,12,up,2005,mean_gap
Pratapgarh_Sangipur.general,17,1,16,up,2005,mean_gap
Pratapgarh_Shivgarh.general,18,3,15,up,2005,mean_gap
Rae bareli_Amawan.general,11,3,8,up,2005,mean_gap
Rae bareli_Bachhrawan.general,16,5,11,up,2005,mean_gap
Rae bareli_Dalmau.general,21,9,12,up,2005,mean_gap
Rae bareli_Deenshaahgaura.general,8,1,7,up,2005,mean_gap
Rae bareli_Harchandpur.general,11,1,10,up,2005,mean_gap
Rae bareli_Khiro.general,21,9,12,up,2005,mean_gap
Rae bareli_Lalganj.general,19,3,16,up,2005,mean_gap
Rae bareli_Maharajganj.general,14,2,12,up,2005,mean_gap
Rae bareli_Rahi.general,17,6,11,up,2005,mean_gap
Rae bareli_Rohanea.general,3,0,3,up,2005,mean_gap
Rae bareli_Sareni.general,28,5,23,up,2005,mean_gap
Rae bareli_Sataon.general,11,3,8,up,2005,mean_gap
Rae bareli_Shivgarh.general,12,2,10,up,2005,mean_gap
Rae bareli_Unchahaar.general,17,5,12,up,2005,mean_gap
Rampur_Bilaaspur.general,34,9,25,up,2005,mean_gap
Rampur_Milk.general,47,26,21,up,2005,mean_gap
Rampur_Saidnagar.general,25,7,18,up,2005,mean_gap
Saharanpur_Baliyakhedi.general,23,10,13,up,2005,mean_gap
Saharanpur_Devbanda.general,18,5,13,up,2005,mean_gap
Saharanpur_Gangoh.general,25,12,13,up,2005,mean_gap
Saharanpur_Muzaffarabad.general,29,13,16,up,2005,mean_gap
Saharanpur_Nagal.general,12,8,4,up,2005,mean_gap
Saharanpur_Nakud.general,21,12,9,up,2005,mean_gap
Saharanpur_Rampur Maniharan.general,16,6,10,up,2005,mean_gap
Saharanpur_Sarsawa.general,19,16,3,up,2005,mean_gap
Sant Kabeer Nagar_Baghauli.general,23,13,10,up,2005,mean_gap
Sant Kabeer Nagar_Belhar Kala.general,14,4,10,up,2005,mean_gap
Sant Kabeer Nagar_Khalilabad.general,20,11,9,up,2005,mean_gap
Sant Kabeer Nagar_Mehdawal.general,20,10,10,up,2005,mean_gap
Sant Kabeer Nagar_Nathnagar.general,29,21,8,up,2005,mean_gap
Sant Kabeer Nagar_Pauli.general,10,7,3,up,2005,mean_gap
Sant Kabeer Nagar_Sautha.general,8,2,6,up,2005,mean_gap
Sant Kabeer Nagar_Semriyawa.general,24,4,20,up,2005,mean_gap
Sant Ravidas Nagar_Abholi.general,14,3,11,up,2005,mean_gap
Sant Ravidas Nagar_Aurain.general,30,9,21,up,2005,mean_gap
Sant Ravidas Nagar_Bhadohi.general,19,6,13,up,2005,mean_gap
Sant Ravidas Nagar_Deegh.general,2,1,1,up,2005,mean_gap
Sant Ravidas Nagar_Gyanpur.general,7,2,5,up,2005,mean_gap
Sant Ravidas Nagar_Suriyawan.general,20,5,15,up,2005,mean_gap
Shravasti_Gilola.general,27,9,18,up,2005,mean_gap
Shravasti_Hariharpur Rani.general,23,11,12,up,2005,mean_gap
Shravasti_Ikouna.general,27,14,13,up,2005,mean_gap
Shravasti_Jamunha.general,31,14,17,up,2005,mean_gap
Shravasti_Sirsia.general,27,11,16,up,2005,mean_gap
Siddharth Nagar_Badhni.general,17,3,14,up,2005,mean_gap
Siddharth Nagar_Bansi.general,17,9,8,up,2005,mean_gap
Siddharth Nagar_Bhanwaapur.general,28,9,19,up,2005,mean_gap
Siddharth Nagar_Dumriaganj.general,40,2,38,up,2005,mean_gap
Siddharth Nagar_Itwa.general,17,4,13,up,2005,mean_gap
Siddharth Nagar_Jogiya.general,21,8,13,up,2005,mean_gap
Siddharth Nagar_Khesarha.general,19,6,13,up,2005,mean_gap
Siddharth Nagar_Khuniyav.general,24,8,16,up,2005,mean_gap
Siddharth Nagar_Lotan Bazar.general,16,4,12,up,2005,mean_gap
Siddharth Nagar_Mithwal.general,30,10,20,up,2005,mean_gap
Siddharth Nagar_Naugadh.general,18,3,15,up,2005,mean_gap
Siddharth Nagar_Shohratgarh.general,20,5,15,up,2005,mean_gap
Siddharth Nagar_UskaBazar.general,14,4,10,up,2005,mean_gap
Sitapur_Ailiya.general,10,0,10,up,2005,mean_gap
Sitapur_Biswan.general,24,6,18,up,2005,mean_gap
Sitapur_Gondlamau.general,5,1,4,up,2005,mean_gap
Sitapur_Hargaon.general,2,1,1,up,2005,mean_gap
Sitapur_Kasmanda.general,15,2,13,up,2005,mean_gap
Sitapur_Khairbad.general,22,1,21,up,2005,mean_gap
Sitapur_Machhrehta.general,29,9,20,up,2005,mean_gap
Sitapur_Mahmudabad.general,21,8,13,up,2005,mean_gap
Sitapur_Maholi.general,2,0,2,up,2005,mean_gap
Sitapur_Mishrikh.general,23,8,15,up,2005,mean_gap
Sitapur_Pahala.general,16,7,9,up,2005,mean_gap
Sitapur_Parsendi.general,5,2,3,up,2005,mean_gap
Sitapur_Pisawan.general,2,0,2,up,2005,mean_gap
Sitapur_Rampurmathura.general,10,7,3,up,2005,mean_gap
Sitapur_Reusaa.general,4,0,4,up,2005,mean_gap
Sitapur_Sakran.general,7,1,6,up,2005,mean_gap
Sitapur_Sidhauli.general,1,1,0,up,2005,mean_gap
Sonbhadra_Chatra.general,7,0,7,up,2005,mean_gap
Sonbhadra_Chopan.general,11,6,5,up,2005,mean_gap
Sonbhadra_Duddhi.general,14,7,7,up,2005,mean_gap
Sonbhadra_Ghorawal.general,29,6,23,up,2005,mean_gap
Sonbhadra_Myorpur.general,18,13,5,up,2005,mean_gap
Sonbhadra_Nagwan.general,7,0,7,up,2005,mean_gap
Sonbhadra_Robertsganj.general,17,4,13,up,2005,mean_gap
Sonbhadra_Vabhni.general,10,8,2,up,2005,mean_gap
Sultanpur_Akhandnagar.general,21,13,8,up,2005,mean_gap
Sultanpur_Baldirai.general,12,3,9,up,2005,mean_gap
Sultanpur_Bhaiyya.general,23,6,17,up,2005,mean_gap
Sultanpur_Dhanpat Ganj.general,16,4,12,up,2005,mean_gap
Sultanpur_Doobepur.general,24,8,16,up,2005,mean_gap
Sultanpur_Dostpur.general,10,6,4,up,2005,mean_gap
Sultanpur_Jaisinghpur.general,19,2,17,up,2005,mean_gap
Sultanpur_Kadipur.general,17,2,15,up,2005,mean_gap
Sultanpur_Kudebhar.general,21,3,18,up,2005,mean_gap
Sultanpur_Kudwar.general,20,3,17,up,2005,mean_gap
Sultanpur_Lambhua.general,23,6,17,up,2005,mean_gap
Sultanpur_Motigarpur.general,13,3,10,up,2005,mean_gap
Sultanpur_Pratappur Kemaicha.general,17,5,12,up,2005,mean_gap
Unnao_Asoha.general,1,0,1,up,2005,mean_gap
Unnao_Auras.general,20,5,15,up,2005,mean_gap
Unnao_Bangarmau.general,13,6,7,up,2005,mean_gap
Unnao_Bichiya.general,5,1,4,up,2005,mean_gap
Unnao_Bighapur.general,19,4,15,up,2005,mean_gap
Unnao_Fatehpur Chaurasi.general,20,6,14,up,2005,mean_gap
Unnao_Hasan ganj.general,27,9,18,up,2005,mean_gap
Unnao_Nawabganj.general,30,5,25,up,2005,mean_gap
Unnao_Purwa.general,9,5,4,up,2005,mean_gap
Unnao_Safipur.general,19,8,11,up,2005,mean_gap
Unnao_Si. Sirosi.general,2,2,0,up,2005,mean_gap
Unnao_Sikandarpur Karan.general,11,7,4,up,2005,mean_gap
Unnao_Sumerpur.general,23,5,18,up,2005,mean_gap
Varanasi_Araji Lines.general,48,32,16,up,2005,mean_gap
Varanasi_Badagaon.general,25,13,12,up,2005,mean_gap
Varanasi_Chiraigaon.general,20,14,6,up,2005,mean_gap
Varanasi_Cholapur.general,21,14,7,up,2005,mean_gap
Varanasi_Harhua.general,18,8,10,up,2005,mean_gap
Varanasi_Kashividyapeeth.general,17,11,6,up,2005,mean_gap
Varanasi_Pindra.general,35,24,11,up,2005,mean_gap
Varanasi_Sewapuri.general,36,18,18,up,2005,mean_gap
Agra_Achnera.obc,8,2,6,up,2005,mean_gap
Agra_Akolaa.obc,3,0,3,up,2005,mean_gap
Agra_Bah.obc,10,4,6,up,2005,mean_gap
Agra_Baroli Ahir.obc,5,3,2,up,2005,mean_gap
Agra_Bichpuri.obc,2,1,1,up,2005,mean_gap
Agra_Etmaadpur.obc,7,2,5,up,2005,mean_gap
Agra_Fatehabad.obc,10,4,6,up,2005,mean_gap
Agra_Fatehpur Seekri.obc,6,3,3,up,2005,mean_gap
Agra_Jagner.obc,4,0,4,up,2005,mean_gap
Agra_Khandoli.obc,6,3,3,up,2005,mean_gap
Agra_Pinahat.obc,5,2,3,up,2005,mean_gap
Agra_Shamshabaad.obc,8,2,6,up,2005,mean_gap
Ambedkar Nagar_Akbarpur.obc,20,14,6,up,2005,mean_gap
Ambedkar Nagar_Basakhari.obc,18,12,6,up,2005,mean_gap
Ambedkar Nagar_Bhiti.obc,15,10,5,up,2005,mean_gap
Ambedkar Nagar_Jahangirganj.obc,11,5,6,up,2005,mean_gap
Ambedkar Nagar_Jalalpur.obc,22,11,11,up,2005,mean_gap
Ambedkar Nagar_Katehri.obc,10,8,2,up,2005,mean_gap
Ambedkar Nagar_Miyan.obc,18,13,5,up,2005,mean_gap
Ambedkar Nagar_Ramnagar.obc,14,8,6,up,2005,mean_gap
Ambedkar Nagar_Tanda.obc,25,14,11,up,2005,mean_gap
Auraiya_Achhaldaa.obc,9,7,2,up,2005,mean_gap
Auraiya_Ajitmal.obc,13,8,5,up,2005,mean_gap
Auraiya_Auraiya.obc,12,8,4,up,2005,mean_gap
Auraiya_Bhagyanagar.obc,13,7,6,up,2005,mean_gap
Auraiya_Eva Katra.obc,7,5,2,up,2005,mean_gap
Auraiya_Sahar.obc,10,5,5,up,2005,mean_gap
Auraiya_Vidhuna.obc,14,10,4,up,2005,mean_gap
Bagpat_Bagpat.obc,6,5,1,up,2005,mean_gap
Bagpat_Baraut.obc,6,4,2,up,2005,mean_gap
Bagpat_Binauli.obc,6,4,2,up,2005,mean_gap
Bagpat_Chhaparauli.obc,3,2,1,up,2005,mean_gap
Bagpat_Khekhada.obc,7,3,4,up,2005,mean_gap
Bagpat_Pilana.obc,3,2,1,up,2005,mean_gap
Bahraich_Balha.obc,3,1,2,up,2005,mean_gap
Bahraich_Fakhrpur.obc,11,10,1,up,2005,mean_gap
Bahraich_Huzurpur.obc,16,10,6,up,2005,mean_gap
Bahraich_Jarwal.obc,8,4,4,up,2005,mean_gap
Bahraich_Kaiserganj.obc,14,11,3,up,2005,mean_gap
Bahraich_Mahsi.obc,13,9,4,up,2005,mean_gap
Bahraich_Mihipurwa.obc,9,6,3,up,2005,mean_gap
Bahraich_Nawabganj.obc,15,13,2,up,2005,mean_gap
Bahraich_Prayagpur.obc,14,7,7,up,2005,mean_gap
Bahraich_Risia.obc,14,9,5,up,2005,mean_gap
Bahraich_Shivpur.obc,14,8,6,up,2005,mean_gap
Bahraich_Tajwapur.obc,10,9,1,up,2005,mean_gap
Bahraich_Visheshwarganj.obc,18,11,7,up,2005,mean_gap
Baliya_Baasadeeh.obc,5,2,3,up,2005,mean_gap
Baliya_Bairiya.obc,5,2,3,up,2005,mean_gap
Baliya_Belhari.obc,5,3,2,up,2005,mean_gap
Baliya_Berua Bari.obc,3,1,2,up,2005,mean_gap
Baliya_Chilakhar.obc,7,1,6,up,2005,mean_gap
Baliya_Gadwar.obc,9,4,5,up,2005,mean_gap
Baliya_Hanumanganj.obc,9,5,4,up,2005,mean_gap
Baliya_Maniyar.obc,6,3,3,up,2005,mean_gap
Baliya_Murli Chappa.obc,3,1,2,up,2005,mean_gap
Baliya_Nagra.obc,9,3,6,up,2005,mean_gap
Baliya_Nawanagar.obc,10,4,6,up,2005,mean_gap
Baliya_Pandah.obc,10,4,6,up,2005,mean_gap
Baliya_Rasra.obc,12,6,6,up,2005,mean_gap
Baliya_Revti.obc,6,2,4,up,2005,mean_gap
Baliya_Sier.obc,12,5,7,up,2005,mean_gap
Baliya_Sohaon.obc,7,4,3,up,2005,mean_gap
Banda_Baberu.obc,10,5,5,up,2005,mean_gap
Banda_Barokhar Khurd.obc,6,4,2,up,2005,mean_gap
Banda_Bissanda.obc,10,6,4,up,2005,mean_gap
Banda_Jaspura.obc,6,4,2,up,2005,mean_gap
Banda_Kamasin.obc,6,3,3,up,2005,mean_gap
Banda_Mahua.obc,17,9,8,up,2005,mean_gap
Banda_Narani.obc,18,9,9,up,2005,mean_gap
Banda_Tindwaari.obc,7,5,2,up,2005,mean_gap
Barabanki_Banikoder.obc,12,9,3,up,2005,mean_gap
Barabanki_Banki.obc,10,6,4,up,2005,mean_gap
Barabanki_Dariyabad.obc,10,6,4,up,2005,mean_gap
Barabanki_Dewan.obc,9,4,5,up,2005,mean_gap
Barabanki_Haidarganj.obc,8,3,5,up,2005,mean_gap
Barabanki_Harakh.obc,8,4,4,up,2005,mean_gap
Barabanki_masauli.obc,8,3,5,up,2005,mean_gap
Barabanki_Nindur.obc,10,9,1,up,2005,mean_gap
Barabanki_Puredlai.obc,7,1,6,up,2005,mean_gap
Barabanki_Ramnagar.obc,15,8,7,up,2005,mean_gap
Barabanki_Siddhaur.obc,10,8,2,up,2005,mean_gap
Barabanki_Sirauli Gauspur.obc,13,8,5,up,2005,mean_gap
Barabanki_Suratganj.obc,15,9,6,up,2005,mean_gap
Barabanki_Trivediganj.obc,13,8,5,up,2005,mean_gap
Bareilly_Alampur Jafrabaad.obc,12,6,6,up,2005,mean_gap
Bareilly_Bahedi.obc,11,9,2,up,2005,mean_gap
Bareilly_Bhadpura.obc,4,3,1,up,2005,mean_gap
Bareilly_Bhojipura.obc,14,13,1,up,2005,mean_gap
Bareilly_Bhuta.obc,13,10,3,up,2005,mean_gap
Bareilly_Damkhoda.obc,9,3,6,up,2005,mean_gap
Bareilly_Faridpur.obc,9,8,1,up,2005,mean_gap
Bareilly_Fatehganj ( P O ).obc,10,5,5,up,2005,mean_gap
Bareilly_Kyara.obc,4,1,3,up,2005,mean_gap
Bareilly_Majhgawan.obc,9,7,2,up,2005,mean_gap
Bareilly_Mirganj.obc,12,7,5,up,2005,mean_gap
Bareilly_Nawabganj.obc,8,4,4,up,2005,mean_gap
Bareilly_Shergarh.obc,4,2,2,up,2005,mean_gap
Basti_Bahadurpur.obc,18,14,4,up,2005,mean_gap
Basti_Bankati.obc,13,7,6,up,2005,mean_gap
Basti_Basti.obc,14,13,1,up,2005,mean_gap
Basti_Bikramjot.obc,15,7,8,up,2005,mean_gap
Basti_Dubaulia.obc,6,5,1,up,2005,mean_gap
Basti_Gour.obc,11,6,5,up,2005,mean_gap
Basti_Hareya.obc,10,6,4,up,2005,mean_gap
Basti_Kaptaiganj.obc,9,5,4,up,2005,mean_gap
Basti_Kudrah.obc,24,15,9,up,2005,mean_gap
Basti_Parsrampur.obc,20,13,7,up,2005,mean_gap
Basti_Ramnagar.obc,13,11,2,up,2005,mean_gap
Basti_Raudhauli.obc,7,4,3,up,2005,mean_gap
Basti_Saltoya Gopalpur.obc,14,10,4,up,2005,mean_gap
Basti_Saugahat.obc,11,10,1,up,2005,mean_gap
Bijnaur_Afzalgarah.obc,8,3,5,up,2005,mean_gap
Bijnaur_Haldaur.obc,16,9,7,up,2005,mean_gap
Bijnaur_Jalilpur.obc,16,10,6,up,2005,mean_gap
Bijnaur_Kiratpur.obc,5,2,3,up,2005,mean_gap
Bijnaur_Kotwali.obc,25,15,10,up,2005,mean_gap
Bijnaur_Mau Pur Devmal.obc,23,8,15,up,2005,mean_gap
Bijnaur_Najibabad.obc,19,13,6,up,2005,mean_gap
Bijnaur_Noorpur.obc,13,9,4,up,2005,mean_gap
Bijnaur_Syohara.obc,10,8,2,up,2005,mean_gap
Budaun_Gunnaur.obc,9,5,4,up,2005,mean_gap
Budaun_Junawai.obc,12,5,7,up,2005,mean_gap
Bulandshahr_Agauta.obc,9,6,3,up,2005,mean_gap
Bulandshahr_Anupshahr.obc,6,5,1,up,2005,mean_gap
Bulandshahr_Arniyaan.obc,7,2,5,up,2005,mean_gap
Bulandshahr_B. B. Nagar.obc,3,2,1,up,2005,mean_gap
Bulandshahr_Bulandshahr.obc,15,7,8,up,2005,mean_gap
Bulandshahr_Danpur.obc,1,1,0,up,2005,mean_gap
Bulandshahr_Dibai.obc,3,3,0,up,2005,mean_gap
Bulandshahr_Gulawati.obc,6,0,6,up,2005,mean_gap
Bulandshahr_Jahangirabad.obc,9,7,2,up,2005,mean_gap
Bulandshahr_Khujra.obc,10,5,5,up,2005,mean_gap
Bulandshahr_Lakhauti.obc,9,5,4,up,2005,mean_gap
Bulandshahr_Pahasu.obc,1,1,0,up,2005,mean_gap
Bulandshahr_Shikarpur.obc,3,1,2,up,2005,mean_gap
Bulandshahr_Sikandrabad.obc,15,6,9,up,2005,mean_gap
Bulandshahr_Siyana.obc,1,1,0,up,2005,mean_gap
Bulandshahr_Unchagaon.obc,6,4,2,up,2005,mean_gap
Chandauli_Barhani.obc,4,4,0,up,2005,mean_gap
Chandauli_Chahniya.obc,12,9,3,up,2005,mean_gap
Chandauli_Chakia.obc,13,7,6,up,2005,mean_gap
Chandauli_Dhanapur.obc,2,1,1,up,2005,mean_gap
Chandauli_Naugadh.obc,5,3,2,up,2005,mean_gap
Chandauli_Niyamatabad.obc,12,7,5,up,2005,mean_gap
Chandauli_Sakaldeeha.obc,9,5,4,up,2005,mean_gap
Chandauli_Shahababganj.obc,10,5,5,up,2005,mean_gap
Chitrakoot_Karvi ( Chitrakut ).obc,16,12,4,up,2005,mean_gap
Chitrakoot_Manikpur.obc,13,10,3,up,2005,mean_gap
Chitrakoot_Mau.obc,4,3,1,up,2005,mean_gap
Chitrakoot_Pahadi.obc,15,12,3,up,2005,mean_gap
Chitrakoot_Ramnagar.obc,6,4,2,up,2005,mean_gap
Firozabad_Aaraon.obc,8,5,3,up,2005,mean_gap
Firozabad_Eka.obc,8,5,3,up,2005,mean_gap
Firozabad_Firozabad.obc,11,5,6,up,2005,mean_gap
Firozabad_Hathwant.obc,7,5,2,up,2005,mean_gap
Firozabad_Jasrana.obc,9,4,5,up,2005,mean_gap
Firozabad_Madanpur.obc,9,5,4,up,2005,mean_gap
Firozabad_Narkhi.obc,2,2,0,up,2005,mean_gap
Firozabad_Shikohabad.obc,9,5,4,up,2005,mean_gap
Firozabad_Tundla.obc,7,5,2,up,2005,mean_gap
Gautam Buddha Nagar_Dadri.obc,4,2,2,up,2005,mean_gap
Gautam Buddha Nagar_Jewar.obc,1,0,1,up,2005,mean_gap
Gautam Buddha Nagar_Visarkh.obc,4,3,1,up,2005,mean_gap
Ghaziabad_Bhojpur.obc,3,1,2,up,2005,mean_gap
Ghaziabad_Dhaulana.obc,6,4,2,up,2005,mean_gap
Ghaziabad_Garhmukteshwar.obc,10,5,5,up,2005,mean_gap
Ghaziabad_Hapur.obc,14,7,7,up,2005,mean_gap
Ghaziabad_Loni.obc,2,1,1,up,2005,mean_gap
Ghaziabad_Muradnagar.obc,5,3,2,up,2005,mean_gap
Ghaziabad_Rajapur.obc,4,2,2,up,2005,mean_gap
Ghaziabad_Simbhavli.obc,12,7,5,up,2005,mean_gap
Ghazipur_Barachwar.obc,9,5,4,up,2005,mean_gap
Ghazipur_Bhadaura.obc,7,4,3,up,2005,mean_gap
Ghazipur_Jakhniya.obc,17,11,6,up,2005,mean_gap
Ghazipur_Jamaniya.obc,6,3,3,up,2005,mean_gap
Ghazipur_Karanda.obc,6,3,3,up,2005,mean_gap
Ghazipur_Kasimabad.obc,18,11,7,up,2005,mean_gap
Ghazipur_Manihari.obc,8,5,3,up,2005,mean_gap
Ghazipur_Mardan.obc,11,4,7,up,2005,mean_gap
Ghazipur_Muhammadabad.obc,16,9,7,up,2005,mean_gap
Ghazipur_Revatipur.obc,3,3,0,up,2005,mean_gap
Ghazipur_Sadaat.obc,15,10,5,up,2005,mean_gap
Ghazipur_Sadar.obc,8,5,3,up,2005,mean_gap
Ghazipur_Saidpur.obc,16,11,5,up,2005,mean_gap
Ghazipur_Virano.obc,8,4,4,up,2005,mean_gap
Gonda_Belasar.obc,10,5,5,up,2005,mean_gap
Gonda_Bhabha njot.obc,12,5,7,up,2005,mean_gap
Gonda_Chhapia.obc,18,8,10,up,2005,mean_gap
Gonda_Etiyathok.obc,14,6,8,up,2005,mean_gap
Gonda_Haladharamuu.obc,11,4,7,up,2005,mean_gap
Gonda_Jhanjhari.obc,11,6,5,up,2005,mean_gap
Gonda_Karnailganj.obc,14,6,8,up,2005,mean_gap
Gonda_Katra Bazar.obc,8,4,4,up,2005,mean_gap
Gonda_Manakapur.obc,11,6,5,up,2005,mean_gap
Gonda_Mujehana.obc,8,5,3,up,2005,mean_gap
Gonda_Nawabganj.obc,13,8,5,up,2005,mean_gap
Gonda_Pandri Kripal.obc,10,6,4,up,2005,mean_gap
Gonda_Parsapur.obc,9,6,3,up,2005,mean_gap
Gonda_Rupaidih.obc,11,1,10,up,2005,mean_gap
Gonda_Tarabganj.obc,10,3,7,up,2005,mean_gap
Gonda_Wazirganj.obc,16,7,9,up,2005,mean_gap
Gorakhpur_Barhalganj.obc,8,7,1,up,2005,mean_gap
Gorakhpur_Belghat.obc,12,9,3,up,2005,mean_gap
Gorakhpur_Bosagaon.obc,9,5,4,up,2005,mean_gap
Gorakhpur_Brahmpur.obc,7,3,4,up,2005,mean_gap
Gorakhpur_Chargaawon.obc,2,2,0,up,2005,mean_gap
Gorakhpur_Gagaha.obc,13,9,4,up,2005,mean_gap
Gorakhpur_Gola.obc,12,12,0,up,2005,mean_gap
Gorakhpur_J. O. Kauriya.obc,8,6,2,up,2005,mean_gap
Gorakhpur_Kauriram.obc,10,5,5,up,2005,mean_gap
Gorakhpur_Khajni.obc,13,9,4,up,2005,mean_gap
Gorakhpur_Khorabaar.obc,6,5,1,up,2005,mean_gap
Gorakhpur_Pali.obc,7,4,3,up,2005,mean_gap
Gorakhpur_Piparoli.obc,8,5,3,up,2005,mean_gap
Gorakhpur_Pipraich.obc,11,7,4,up,2005,mean_gap
Gorakhpur_Sardarnagar.obc,4,3,1,up,2005,mean_gap
Gorakhpur_Uruvaon.obc,9,4,5,up,2005,mean_gap
Hamirpur_Gohand.obc,4,3,1,up,2005,mean_gap
Hamirpur_Kurara.obc,2,1,1,up,2005,mean_gap
Hamirpur_Maudha.obc,4,1,3,up,2005,mean_gap
Hamirpur_Muskra.obc,6,4,2,up,2005,mean_gap
Hamirpur_Raath.obc,3,2,1,up,2005,mean_gap
Hamirpur_Sarila.obc,7,4,3,up,2005,mean_gap
Hamirpur_Sumerpur.obc,7,5,2,up,2005,mean_gap
Hardoi_Ahirorhi.obc,17,6,11,up,2005,mean_gap
Hardoi_Barkhani.obc,8,2,6,up,2005,mean_gap
Hardoi_Bawan.obc,8,3,5,up,2005,mean_gap
Hardoi_Benhadar.obc,8,3,5,up,2005,mean_gap
Hardoi_Bharawan.obc,11,5,6,up,2005,mean_gap
Hardoi_Bilgraam.obc,16,6,10,up,2005,mean_gap
Hardoi_Hariyawan.obc,8,5,3,up,2005,mean_gap
Hardoi_Harpalpur.obc,9,2,7,up,2005,mean_gap
Hardoi_Kachauna.obc,5,2,3,up,2005,mean_gap
Hardoi_Kothawan.obc,11,3,8,up,2005,mean_gap
Hardoi_Madhauganj.obc,11,3,8,up,2005,mean_gap
Hardoi_Mallawan.obc,5,1,4,up,2005,mean_gap
Hardoi_Pihani.obc,11,3,8,up,2005,mean_gap
Hardoi_Sandi.obc,8,3,5,up,2005,mean_gap
Hardoi_Sandila.obc,8,3,5,up,2005,mean_gap
Hardoi_Shahabaad.obc,8,3,5,up,2005,mean_gap
Hardoi_Surusa.obc,10,3,7,up,2005,mean_gap
Hardoi_Tadiyawan.obc,10,3,7,up,2005,mean_gap
Hardoi_Todarpur.obc,7,0,7,up,2005,mean_gap
Hathras_Hasayan.obc,12,7,5,up,2005,mean_gap
Hathras_Mursan.obc,13,6,7,up,2005,mean_gap
Hathras_Sadabad.obc,13,9,4,up,2005,mean_gap
Hathras_Sahpau.obc,11,7,4,up,2005,mean_gap
Hathras_Sasni.obc,11,8,3,up,2005,mean_gap
Hathras_Sikandra Rao.obc,9,4,5,up,2005,mean_gap
Itawah_Badh. Pura.obc,7,3,4,up,2005,mean_gap
Itawah_Basrehar.obc,8,3,5,up,2005,mean_gap
Itawah_Bharathana.obc,14,7,7,up,2005,mean_gap
Itawah_Chakarnagar.obc,9,4,5,up,2005,mean_gap
Itawah_Jaswantnagar.obc,11,5,6,up,2005,mean_gap
Itawah_Mahewa.obc,12,5,7,up,2005,mean_gap
Itawah_Saifai.obc,9,5,4,up,2005,mean_gap
Itawah_Takha.obc,3,2,1,up,2005,mean_gap
Jalaun_Dakor.obc,10,5,5,up,2005,mean_gap
Jalaun_Jalaun.obc,12,7,5,up,2005,mean_gap
Jalaun_Kadoura.obc,11,7,4,up,2005,mean_gap
Jalaun_Kochan.obc,13,0,13,up,2005,mean_gap
Jalaun_Kuthound.obc,12,4,8,up,2005,mean_gap
Jalaun_Mahewa.obc,8,5,3,up,2005,mean_gap
Jalaun_Nadigaon.obc,8,4,4,up,2005,mean_gap
Jalaun_Rampura.obc,9,4,5,up,2005,mean_gap
Jaunpur_Badlapur.obc,15,9,6,up,2005,mean_gap
Jaunpur_Buxa.obc,4,3,1,up,2005,mean_gap
Jaunpur_Dobhi.obc,2,1,1,up,2005,mean_gap
Jaunpur_Karanja Kala.obc,1,0,1,up,2005,mean_gap
Jaunpur_Kerakat.obc,1,0,1,up,2005,mean_gap
Jaunpur_Khutahan.obc,8,3,5,up,2005,mean_gap
Jaunpur_Machhalishahr.obc,2,2,0,up,2005,mean_gap
Jaunpur_Madiyahu.obc,1,0,1,up,2005,mean_gap
Jaunpur_Maharajganj.obc,17,14,3,up,2005,mean_gap
Jaunpur_Rampur.obc,1,1,0,up,2005,mean_gap
Jaunpur_Shahganj Sodhi.obc,7,5,2,up,2005,mean_gap
Jaunpur_Sikarara.obc,1,0,1,up,2005,mean_gap
Jaunpur_Srikoni.obc,1,1,0,up,2005,mean_gap
Jaunpur_Suitha Kala.obc,8,6,2,up,2005,mean_gap
Jhanshi_Babina.obc,13,8,5,up,2005,mean_gap
Jhanshi_Badagaon.obc,5,3,2,up,2005,mean_gap
Jhanshi_Bamour.obc,8,6,2,up,2005,mean_gap
Jhanshi_Chirgaon.obc,8,5,3,up,2005,mean_gap
Jhanshi_Moth.obc,13,7,6,up,2005,mean_gap
Kannauj_Chhibramau.obc,16,11,5,up,2005,mean_gap
Kannauj_Gugapur.obc,5,2,3,up,2005,mean_gap
Kannauj_Haseran.obc,7,3,4,up,2005,mean_gap
Kannauj_Jalalabad.obc,5,4,1,up,2005,mean_gap
Kannauj_Kannauj.obc,13,9,4,up,2005,mean_gap
Kannauj_Saurkh.obc,9,7,2,up,2005,mean_gap
Kannauj_Umarda.obc,15,10,5,up,2005,mean_gap
Kanpur Nagar_Bhitar Gaon.obc,12,8,4,up,2005,mean_gap
Kanpur Nagar_Bilhaur.obc,10,6,4,up,2005,mean_gap
Kanpur Nagar_Chaubepur.obc,9,5,4,up,2005,mean_gap
Kanpur Nagar_Ghatampur.obc,9,8,1,up,2005,mean_gap
Kanpur Nagar_Kakwan.obc,6,4,2,up,2005,mean_gap
Kanpur Nagar_Kalyanpur.obc,6,1,5,up,2005,mean_gap
Kanpur Nagar_Patara.obc,11,4,7,up,2005,mean_gap
Kanpur Nagar_Sarasaul.obc,2,1,1,up,2005,mean_gap
Kanpur Nagar_Shivrajpur.obc,16,8,8,up,2005,mean_gap
Kanpur Nagar_Vidhnu.obc,7,5,2,up,2005,mean_gap
Kaushambi_Chayal.obc,3,3,0,up,2005,mean_gap
Kaushambi_Kara.obc,10,7,3,up,2005,mean_gap
Kaushambi_Kaushambi.obc,11,9,2,up,2005,mean_gap
Kaushambi_Manjhanpur.obc,9,7,2,up,2005,mean_gap
Kaushambi_Muratganj.obc,8,5,3,up,2005,mean_gap
Kaushambi_NEWADA.obc,10,5,5,up,2005,mean_gap
Kaushambi_Sarsawa.obc,6,5,1,up,2005,mean_gap
Kaushambi_Sirathu.obc,16,8,8,up,2005,mean_gap
Kushinagar_Fazilnagar.obc,12,7,5,up,2005,mean_gap
Kushinagar_Hata.obc,11,8,3,up,2005,mean_gap
Kushinagar_Kaptaiganj.obc,11,6,5,up,2005,mean_gap
Kushinagar_Kasaya.obc,5,4,1,up,2005,mean_gap
Kushinagar_Khadda.obc,12,7,5,up,2005,mean_gap
Kushinagar_Moti Chak.obc,12,8,4,up,2005,mean_gap
Kushinagar_Nebua Naurangia.obc,8,5,3,up,2005,mean_gap
Kushinagar_Padrauna.obc,12,7,5,up,2005,mean_gap
Kushinagar_Ramkola.obc,8,7,1,up,2005,mean_gap
Kushinagar_Sewarhi.obc,8,4,4,up,2005,mean_gap
Kushinagar_Sukaroli.obc,3,3,0,up,2005,mean_gap
Kushinagar_Tamkuhiraj.obc,7,6,1,up,2005,mean_gap
Kushinagar_Vishunpura.obc,10,7,3,up,2005,mean_gap
Lakhimpur Khiri_Bankeganj.obc,7,6,1,up,2005,mean_gap
Lakhimpur Khiri_Bijua.obc,15,13,2,up,2005,mean_gap
Lakhimpur Khiri_Dhaurhara.obc,8,4,4,up,2005,mean_gap
Lakhimpur Khiri_Gola ( Kumbhi ).obc,13,8,5,up,2005,mean_gap
Lakhimpur Khiri_Isanagar.obc,14,10,4,up,2005,mean_gap
Lakhimpur Khiri_Lakhimpur.obc,10,5,5,up,2005,mean_gap
Lakhimpur Khiri_Mitauli.obc,16,12,4,up,2005,mean_gap
Lakhimpur Khiri_Mohammadi.obc,16,10,6,up,2005,mean_gap
Lakhimpur Khiri_Nakha.obc,8,3,5,up,2005,mean_gap
Lakhimpur Khiri_Nighasan.obc,11,8,3,up,2005,mean_gap
Lakhimpur Khiri_Palia.obc,9,6,3,up,2005,mean_gap
Lakhimpur Khiri_Pasgawan.obc,22,16,6,up,2005,mean_gap
Lakhimpur Khiri_Phoolbehad.obc,11,7,4,up,2005,mean_gap
Lakhimpur Khiri_Ramiyabehar.obc,9,5,4,up,2005,mean_gap
Lalitpur_Baar.obc,7,6,1,up,2005,mean_gap
Lalitpur_Jakhaura.obc,14,5,9,up,2005,mean_gap
Lalitpur_Madawara.obc,10,4,6,up,2005,mean_gap
Lalitpur_Mahrauni.obc,10,7,3,up,2005,mean_gap
Lalitpur_Talbehat.obc,5,2,3,up,2005,mean_gap
Lalitpur_Virddha.obc,8,5,3,up,2005,mean_gap
Maharajganj_Brajamangnaj.obc,10,6,4,up,2005,mean_gap
Maharajganj_Dhani.obc,5,3,2,up,2005,mean_gap
Maharajganj_Ferenda.obc,12,7,5,up,2005,mean_gap
Maharajganj_Ghughli.obc,7,6,1,up,2005,mean_gap
Maharajganj_Lakshmipur.obc,10,6,4,up,2005,mean_gap
Maharajganj_Maharajganj Sadar.obc,8,5,3,up,2005,mean_gap
Maharajganj_Mithoura.obc,11,6,5,up,2005,mean_gap
Maharajganj_Nautanwa.obc,7,5,2,up,2005,mean_gap
Maharajganj_Nichlaul.obc,15,9,6,up,2005,mean_gap
Maharajganj_Paniyara.obc,8,5,3,up,2005,mean_gap
Maharajganj_Partawal.obc,13,9,4,up,2005,mean_gap
Maharajganj_Siswa Bazar.obc,7,5,2,up,2005,mean_gap
Mahoba_Charkhari.obc,7,5,2,up,2005,mean_gap
Mahoba_Jaitpur.obc,3,2,1,up,2005,mean_gap
Mahoba_Kabrai.obc,9,7,2,up,2005,mean_gap
Mainpuri_Barnahal.obc,10,4,6,up,2005,mean_gap
Mainpuri_Bebar.obc,15,8,7,up,2005,mean_gap
Mainpuri_Ghiror.obc,11,7,4,up,2005,mean_gap
Mainpuri_Jagir.obc,9,5,4,up,2005,mean_gap
Mainpuri_Karhal.obc,10,6,4,up,2005,mean_gap
Mainpuri_Kurawli.obc,8,4,4,up,2005,mean_gap
Mainpuri_Mainpuri.obc,10,4,6,up,2005,mean_gap
Mainpuri_Sultanganj.obc,14,6,8,up,2005,mean_gap
Mau_Baragaon.obc,9,4,5,up,2005,mean_gap
Mau_Dohrighat.obc,12,8,4,up,2005,mean_gap
Mau_Ghosi.obc,10,6,4,up,2005,mean_gap
Mau_Kopaganj.obc,10,6,4,up,2005,mean_gap
Mau_Muhammadabad.obc,8,5,3,up,2005,mean_gap
Mau_Pardha.obc,3,3,0,up,2005,mean_gap
Mau_Ranipur.obc,9,6,3,up,2005,mean_gap
Mau_Ratanpura.obc,7,4,3,up,2005,mean_gap
Mirzapur_Chhaanbe.obc,11,8,3,up,2005,mean_gap
Mirzapur_Halia.obc,15,7,8,up,2005,mean_gap
Mirzapur_Kon ( Cheelha ).obc,10,7,3,up,2005,mean_gap
Mirzapur_Lalganj.obc,10,4,6,up,2005,mean_gap
Mirzapur_Majhwan.obc,3,3,0,up,2005,mean_gap
Mirzapur_Narayanpur.obc,14,11,3,up,2005,mean_gap
Mirzapur_Pahadi.obc,7,2,5,up,2005,mean_gap
Mirzapur_Rajgarh.obc,17,13,4,up,2005,mean_gap
Mirzapur_Seekhar.obc,5,3,2,up,2005,mean_gap
Muradabad_Asamoli.obc,5,3,2,up,2005,mean_gap
Muradabad_Bahjoi.obc,2,2,0,up,2005,mean_gap
Muradabad_Bilari.obc,8,5,3,up,2005,mean_gap
Muradabad_Chhajlait.obc,3,2,1,up,2005,mean_gap
Muradabad_Dilari.obc,12,9,3,up,2005,mean_gap
Muradabad_Dingerpur (Kunderki).obc,16,11,5,up,2005,mean_gap
Muradabad_Mudhaa Pandey.obc,12,8,4,up,2005,mean_gap
Muradabad_Muradabad.obc,7,5,2,up,2005,mean_gap
Muradabad_Panwasa.obc,9,6,3,up,2005,mean_gap
Muradabad_Sambhal.obc,11,7,4,up,2005,mean_gap
Muradabad_Thakurdwara.obc,10,8,2,up,2005,mean_gap
Muzzafarnagar_Baghra.obc,5,2,3,up,2005,mean_gap
Muzzafarnagar_Budhana.obc,3,3,0,up,2005,mean_gap
Muzzafarnagar_Charthaawal.obc,5,5,0,up,2005,mean_gap
Muzzafarnagar_Jansath.obc,3,0,3,up,2005,mean_gap
Muzzafarnagar_Kairana.obc,5,2,3,up,2005,mean_gap
Muzzafarnagar_Kandla.obc,6,3,3,up,2005,mean_gap
Muzzafarnagar_Khatauli.obc,9,7,2,up,2005,mean_gap
Muzzafarnagar_Morna.obc,5,1,4,up,2005,mean_gap
Muzzafarnagar_Purkaji.obc,7,3,4,up,2005,mean_gap
Muzzafarnagar_Sadar.obc,3,2,1,up,2005,mean_gap
Muzzafarnagar_Shahpur.obc,4,2,2,up,2005,mean_gap
Muzzafarnagar_Shamli.obc,5,3,2,up,2005,mean_gap
Muzzafarnagar_Un.obc,7,5,2,up,2005,mean_gap
Pilibhit_Amariya.obc,12,6,6,up,2005,mean_gap
Pilibhit_Barkheda.obc,15,11,4,up,2005,mean_gap
Pilibhit_Bilsanda.obc,16,14,2,up,2005,mean_gap
Pilibhit_Bisalpur.obc,13,9,4,up,2005,mean_gap
Pilibhit_Lalauri Kheda.obc,11,7,4,up,2005,mean_gap
Pilibhit_Marauri.obc,10,6,4,up,2005,mean_gap
Pilibhit_Purnanpur.obc,13,13,0,up,2005,mean_gap
Pratapgarh_Baabaa Belkharnath Dhaam.obc,13,8,5,up,2005,mean_gap
Pratapgarh_Baabaganj.obc,12,8,4,up,2005,mean_gap
Pratapgarh_Bihar.obc,13,4,9,up,2005,mean_gap
Pratapgarh_Gaura.obc,8,7,1,up,2005,mean_gap
Pratapgarh_Kalakankar.obc,8,5,3,up,2005,mean_gap
Pratapgarh_Kunda.obc,14,8,6,up,2005,mean_gap
Pratapgarh_Lakshmanpur.obc,12,7,5,up,2005,mean_gap
Pratapgarh_Lalganj.obc,6,5,1,up,2005,mean_gap
Pratapgarh_Magraura.obc,14,4,10,up,2005,mean_gap
Pratapgarh_Mandhaata.obc,5,3,2,up,2005,mean_gap
Pratapgarh_Patti.obc,9,7,2,up,2005,mean_gap
Pratapgarh_Sadar.obc,7,5,2,up,2005,mean_gap
Pratapgarh_Sandwaa Chandrika.obc,10,7,3,up,2005,mean_gap
Pratapgarh_Sangipur.obc,12,7,5,up,2005,mean_gap
Pratapgarh_Shivgarh.obc,7,5,2,up,2005,mean_gap
Rae bareli_Amawan.obc,8,4,4,up,2005,mean_gap
Rae bareli_Bachhrawan.obc,11,4,7,up,2005,mean_gap
Rae bareli_Dalmau.obc,11,6,5,up,2005,mean_gap
Rae bareli_Deenshaahgaura.obc,8,4,4,up,2005,mean_gap
Rae bareli_Harchandpur.obc,6,3,3,up,2005,mean_gap
Rae bareli_Khiro.obc,11,5,6,up,2005,mean_gap
Rae bareli_Lalganj.obc,8,6,2,up,2005,mean_gap
Rae bareli_Maharajganj.obc,5,4,1,up,2005,mean_gap
Rae bareli_Rahi.obc,13,8,5,up,2005,mean_gap
Rae bareli_Rohanea.obc,2,1,1,up,2005,mean_gap
Rae bareli_Sareni.obc,16,9,7,up,2005,mean_gap
Rae bareli_Sataon.obc,6,3,3,up,2005,mean_gap
Rae bareli_Shivgarh.obc,6,4,2,up,2005,mean_gap
Rae bareli_Unchahaar.obc,4,1,3,up,2005,mean_gap
Rampur_Bilaaspur.obc,20,13,7,up,2005,mean_gap
Rampur_Milk.obc,23,19,4,up,2005,mean_gap
Rampur_Saidnagar.obc,8,7,1,up,2005,mean_gap
Saharanpur_Baliyakhedi.obc,13,11,2,up,2005,mean_gap
Saharanpur_Devbanda.obc,13,7,6,up,2005,mean_gap
Saharanpur_Gangoh.obc,11,7,4,up,2005,mean_gap
Saharanpur_Muzaffarabad.obc,12,4,8,up,2005,mean_gap
Saharanpur_Nagal.obc,9,5,4,up,2005,mean_gap
Saharanpur_Nakud.obc,11,7,4,up,2005,mean_gap
Saharanpur_Rampur Maniharan.obc,10,8,2,up,2005,mean_gap
Saharanpur_Sarsawa.obc,13,9,4,up,2005,mean_gap
Sant Kabeer Nagar_Baghauli.obc,17,11,6,up,2005,mean_gap
Sant Kabeer Nagar_Belhar Kala.obc,7,5,2,up,2005,mean_gap
Sant Kabeer Nagar_Khalilabad.obc,8,5,3,up,2005,mean_gap
Sant Kabeer Nagar_Mehdawal.obc,9,5,4,up,2005,mean_gap
Sant Kabeer Nagar_Nathnagar.obc,15,11,4,up,2005,mean_gap
Sant Kabeer Nagar_Pauli.obc,3,2,1,up,2005,mean_gap
Sant Kabeer Nagar_Sautha.obc,3,3,0,up,2005,mean_gap
Sant Kabeer Nagar_Semriyawa.obc,14,10,4,up,2005,mean_gap
Sant Ravidas Nagar_Abholi.obc,4,2,2,up,2005,mean_gap
Sant Ravidas Nagar_Aurain.obc,27,12,15,up,2005,mean_gap
Sant Ravidas Nagar_Bhadohi.obc,10,7,3,up,2005,mean_gap
Sant Ravidas Nagar_Gyanpur.obc,2,2,0,up,2005,mean_gap
Sant Ravidas Nagar_Suriyawan.obc,11,9,2,up,2005,mean_gap
Shravasti_Gilola.obc,13,10,3,up,2005,mean_gap
Shravasti_Hariharpur Rani.obc,7,4,3,up,2005,mean_gap
Shravasti_Ikouna.obc,12,7,5,up,2005,mean_gap
Shravasti_Jamunha.obc,14,9,5,up,2005,mean_gap
Shravasti_Sirsia.obc,16,11,5,up,2005,mean_gap
Siddharth Nagar_Badhni.obc,8,7,1,up,2005,mean_gap
Siddharth Nagar_Bansi.obc,10,6,4,up,2005,mean_gap
Siddharth Nagar_Bhanwaapur.obc,13,6,7,up,2005,mean_gap
Siddharth Nagar_Dumriaganj.obc,19,10,9,up,2005,mean_gap
Siddharth Nagar_Itwa.obc,13,10,3,up,2005,mean_gap
Siddharth Nagar_Jogiya.obc,10,5,5,up,2005,mean_gap
Siddharth Nagar_Khesarha.obc,19,7,12,up,2005,mean_gap
Siddharth Nagar_Khuniyav.obc,8,6,2,up,2005,mean_gap
Siddharth Nagar_Lotan Bazar.obc,9,7,2,up,2005,mean_gap
Siddharth Nagar_Mithwal.obc,15,9,6,up,2005,mean_gap
Siddharth Nagar_Naugadh.obc,9,7,2,up,2005,mean_gap
Siddharth Nagar_Shohratgarh.obc,7,6,1,up,2005,mean_gap
Siddharth Nagar_UskaBazar.obc,7,6,1,up,2005,mean_gap
Sitapur_Ailiya.obc,6,3,3,up,2005,mean_gap
Sitapur_Behata.obc,1,1,0,up,2005,mean_gap
Sitapur_Biswan.obc,16,13,3,up,2005,mean_gap
Sitapur_Gondlamau.obc,3,2,1,up,2005,mean_gap
Sitapur_Hargaon.obc,1,1,0,up,2005,mean_gap
Sitapur_Khairbad.obc,10,8,2,up,2005,mean_gap
Sitapur_Machhrehta.obc,13,9,4,up,2005,mean_gap
Sitapur_Mahmudabad.obc,11,8,3,up,2005,mean_gap
Sitapur_Maholi.obc,2,2,0,up,2005,mean_gap
Sitapur_Mishrikh.obc,13,5,8,up,2005,mean_gap
Sitapur_Pahala.obc,16,6,10,up,2005,mean_gap
Sitapur_Parsendi.obc,5,4,1,up,2005,mean_gap
Sitapur_Rampurmathura.obc,4,4,0,up,2005,mean_gap
Sitapur_Reusaa.obc,3,2,1,up,2005,mean_gap
Sitapur_Sakran.obc,6,3,3,up,2005,mean_gap
Sonbhadra_Chatra.obc,8,4,4,up,2005,mean_gap
Sonbhadra_Chopan.obc,3,2,1,up,2005,mean_gap
Sonbhadra_Duddhi.obc,7,5,2,up,2005,mean_gap
Sonbhadra_Ghorawal.obc,11,8,3,up,2005,mean_gap
Sonbhadra_Myorpur.obc,14,5,9,up,2005,mean_gap
Sonbhadra_Nagwan.obc,6,3,3,up,2005,mean_gap
Sonbhadra_Robertsganj.obc,9,6,3,up,2005,mean_gap
Sonbhadra_Vabhni.obc,3,1,2,up,2005,mean_gap
Sultanpur_Akhandnagar.obc,13,7,6,up,2005,mean_gap
Sultanpur_Baldirai.obc,8,6,2,up,2005,mean_gap
Sultanpur_Bhaiyya.obc,11,8,3,up,2005,mean_gap
Sultanpur_Dhanpat Ganj.obc,13,8,5,up,2005,mean_gap
Sultanpur_Doobepur.obc,19,13,6,up,2005,mean_gap
Sultanpur_Dostpur.obc,4,2,2,up,2005,mean_gap
Sultanpur_Jaisinghpur.obc,11,6,5,up,2005,mean_gap
Sultanpur_Kadipur.obc,6,5,1,up,2005,mean_gap
Sultanpur_Kudebhar.obc,8,7,1,up,2005,mean_gap
Sultanpur_Kudwar.obc,5,4,1,up,2005,mean_gap
Sultanpur_Lambhua.obc,12,11,1,up,2005,mean_gap
Sultanpur_Motigarpur.obc,7,5,2,up,2005,mean_gap
Sultanpur_Pratappur Kemaicha.obc,8,5,3,up,2005,mean_gap
Unnao_Asoha.obc,1,1,0,up,2005,mean_gap
Unnao_Auras.obc,13,8,5,up,2005,mean_gap
Unnao_Bangarmau.obc,6,4,2,up,2005,mean_gap
Unnao_Bichiya.obc,4,3,1,up,2005,mean_gap
Unnao_Bighapur.obc,11,7,4,up,2005,mean_gap
Unnao_Fatehpur Chaurasi.obc,8,5,3,up,2005,mean_gap
Unnao_Hasan ganj.obc,17,6,11,up,2005,mean_gap
Unnao_Nawabganj.obc,18,10,8,up,2005,mean_gap
Unnao_Purwa.obc,3,2,1,up,2005,mean_gap
Unnao_Safipur.obc,11,8,3,up,2005,mean_gap
Unnao_Si. Sirosi.obc,1,0,1,up,2005,mean_gap
Unnao_Sikandarpur Karan.obc,10,7,3,up,2005,mean_gap
Unnao_Sumerpur.obc,12,9,3,up,2005,mean_gap
Varanasi_Araji Lines.obc,19,12,7,up,2005,mean_gap
Varanasi_Badagaon.obc,15,6,9,up,2005,mean_gap
Varanasi_Chiraigaon.obc,6,2,4,up,2005,mean_gap
Varanasi_Cholapur.obc,12,6,6,up,2005,mean_gap
Varanasi_Harhua.obc,12,6,6,up,2005,mean_gap
Varanasi_Kashividyapeeth.obc,9,5,4,up,2005,mean_gap
Varanasi_Pindra.obc,22,16,6,up,2005,mean_gap
Varanasi_Sewapuri.obc,15,10,5,up,2005,mean_gap
Agra_Achnera.sc,5,2,3,up,2005,mean_gap
Agra_Akolaa.sc,4,2,2,up,2005,mean_gap
Agra_Bah.sc,9,2,7,up,2005,mean_gap
Agra_Baroli Ahir.sc,5,2,3,up,2005,mean_gap
Agra_Bichpuri.sc,3,1,2,up,2005,mean_gap
Agra_Etmaadpur.sc,8,2,6,up,2005,mean_gap
Agra_Fatehabad.sc,4,1,3,up,2005,mean_gap
Agra_Fatehpur Seekri.sc,5,2,3,up,2005,mean_gap
Agra_Jagner.sc,3,1,2,up,2005,mean_gap
Agra_Khandoli.sc,5,2,3,up,2005,mean_gap
Agra_Pinahat.sc,5,2,3,up,2005,mean_gap
Agra_Shamshabaad.sc,4,0,4,up,2005,mean_gap
Ambedkar Nagar_Akbarpur.sc,17,6,11,up,2005,mean_gap
Ambedkar Nagar_Basakhari.sc,9,3,6,up,2005,mean_gap
Ambedkar Nagar_Bhiti.sc,8,3,5,up,2005,mean_gap
Ambedkar Nagar_Jahangirganj.sc,7,2,5,up,2005,mean_gap
Ambedkar Nagar_Jalalpur.sc,13,7,6,up,2005,mean_gap
Ambedkar Nagar_Katehri.sc,12,2,10,up,2005,mean_gap
Ambedkar Nagar_Miyan.sc,17,6,11,up,2005,mean_gap
Ambedkar Nagar_Ramnagar.sc,18,7,11,up,2005,mean_gap
Ambedkar Nagar_Tanda.sc,16,5,11,up,2005,mean_gap
Auraiya_Achhaldaa.sc,8,2,6,up,2005,mean_gap
Auraiya_Ajitmal.sc,10,3,7,up,2005,mean_gap
Auraiya_Auraiya.sc,15,9,6,up,2005,mean_gap
Auraiya_Bhagyanagar.sc,12,4,8,up,2005,mean_gap
Auraiya_Eva Katra.sc,6,2,4,up,2005,mean_gap
Auraiya_Sahar.sc,13,4,9,up,2005,mean_gap
Auraiya_Vidhuna.sc,12,7,5,up,2005,mean_gap
Bagpat_Bagpat.sc,4,2,2,up,2005,mean_gap
Bagpat_Baraut.sc,3,1,2,up,2005,mean_gap
Bagpat_Chhaparauli.sc,1,0,1,up,2005,mean_gap
Bagpat_Khekhada.sc,3,0,3,up,2005,mean_gap
Bagpat_Pilana.sc,4,1,3,up,2005,mean_gap
Bahraich_Balha.sc,3,0,3,up,2005,mean_gap
Bahraich_Fakhrpur.sc,4,1,3,up,2005,mean_gap
Bahraich_Huzurpur.sc,6,3,3,up,2005,mean_gap
Bahraich_Jarwal.sc,6,3,3,up,2005,mean_gap
Bahraich_Kaiserganj.sc,4,1,3,up,2005,mean_gap
Bahraich_Mahsi.sc,7,2,5,up,2005,mean_gap
Bahraich_Mihipurwa.sc,8,3,5,up,2005,mean_gap
Bahraich_Nawabganj.sc,6,2,4,up,2005,mean_gap
Bahraich_Prayagpur.sc,10,3,7,up,2005,mean_gap
Bahraich_Risia.sc,8,3,5,up,2005,mean_gap
Bahraich_Shivpur.sc,6,2,4,up,2005,mean_gap
Bahraich_Tajwapur.sc,8,2,6,up,2005,mean_gap
Bahraich_Visheshwarganj.sc,10,3,7,up,2005,mean_gap
Baliya_Baasadeeh.sc,2,0,2,up,2005,mean_gap
Baliya_Bairiya.sc,3,1,2,up,2005,mean_gap
Baliya_Belhari.sc,3,1,2,up,2005,mean_gap
Baliya_Berua Bari.sc,1,1,0,up,2005,mean_gap
Baliya_Chilakhar.sc,7,2,5,up,2005,mean_gap
Baliya_Gadwar.sc,6,1,5,up,2005,mean_gap
Baliya_Hanumanganj.sc,4,2,2,up,2005,mean_gap
Baliya_Maniyar.sc,5,2,3,up,2005,mean_gap
Baliya_Murli Chappa.sc,3,1,2,up,2005,mean_gap
Baliya_Nagra.sc,11,7,4,up,2005,mean_gap
Baliya_Nawanagar.sc,5,3,2,up,2005,mean_gap
Baliya_Pandah.sc,6,2,4,up,2005,mean_gap
Baliya_Rasra.sc,14,6,8,up,2005,mean_gap
Baliya_Revti.sc,2,1,1,up,2005,mean_gap
Baliya_Sier.sc,10,4,6,up,2005,mean_gap
Baliya_Sohaon.sc,6,2,4,up,2005,mean_gap
Banda_Baberu.sc,11,3,8,up,2005,mean_gap
Banda_Barokhar Khurd.sc,7,2,5,up,2005,mean_gap
Banda_Bissanda.sc,10,3,7,up,2005,mean_gap
Banda_Jaspura.sc,2,1,1,up,2005,mean_gap
Banda_Kamasin.sc,6,2,4,up,2005,mean_gap
Banda_Mahua.sc,13,5,8,up,2005,mean_gap
Banda_Narani.sc,9,3,6,up,2005,mean_gap
Banda_Tindwaari.sc,6,1,5,up,2005,mean_gap
Barabanki_Banikoder.sc,13,4,9,up,2005,mean_gap
Barabanki_Banki.sc,6,3,3,up,2005,mean_gap
Barabanki_Dariyabad.sc,13,4,9,up,2005,mean_gap
Barabanki_Dewan.sc,11,2,9,up,2005,mean_gap
Barabanki_Haidarganj.sc,18,6,12,up,2005,mean_gap
Barabanki_Harakh.sc,9,4,5,up,2005,mean_gap
Barabanki_masauli.sc,6,1,5,up,2005,mean_gap
Barabanki_Nindur.sc,15,5,10,up,2005,mean_gap
Barabanki_Puredlai.sc,10,2,8,up,2005,mean_gap
Barabanki_Ramnagar.sc,14,5,9,up,2005,mean_gap
Barabanki_Siddhaur.sc,13,5,8,up,2005,mean_gap
Barabanki_Sirauli Gauspur.sc,13,5,8,up,2005,mean_gap
Barabanki_Suratganj.sc,8,2,6,up,2005,mean_gap
Barabanki_Trivediganj.sc,10,2,8,up,2005,mean_gap
Bareilly_Alampur Jafrabaad.sc,9,4,5,up,2005,mean_gap
Bareilly_Bahedi.sc,9,3,6,up,2005,mean_gap
Bareilly_Bhadpura.sc,3,1,2,up,2005,mean_gap
Bareilly_Bhojipura.sc,6,3,3,up,2005,mean_gap
Bareilly_Bhuta.sc,12,6,6,up,2005,mean_gap
Bareilly_Damkhoda.sc,6,5,1,up,2005,mean_gap
Bareilly_Faridpur.sc,8,3,5,up,2005,mean_gap
Bareilly_Fatehganj ( P O ).sc,6,4,2,up,2005,mean_gap
Bareilly_Kyara.sc,1,1,0,up,2005,mean_gap
Bareilly_Majhgawan.sc,6,2,4,up,2005,mean_gap
Bareilly_Mirganj.sc,5,1,4,up,2005,mean_gap
Bareilly_Nawabganj.sc,6,3,3,up,2005,mean_gap
Bareilly_Shergarh.sc,3,2,1,up,2005,mean_gap
Basti_Bahadurpur.sc,10,4,6,up,2005,mean_gap
Basti_Bankati.sc,12,2,10,up,2005,mean_gap
Basti_Basti.sc,12,6,6,up,2005,mean_gap
Basti_Bikramjot.sc,10,4,6,up,2005,mean_gap
Basti_Dubaulia.sc,9,5,4,up,2005,mean_gap
Basti_Gour.sc,10,4,6,up,2005,mean_gap
Basti_Hareya.sc,11,5,6,up,2005,mean_gap
Basti_Kaptaiganj.sc,9,4,5,up,2005,mean_gap
Basti_Kudrah.sc,11,4,7,up,2005,mean_gap
Basti_Parsrampur.sc,8,5,3,up,2005,mean_gap
Basti_Ramnagar.sc,5,2,3,up,2005,mean_gap
Basti_Raudhauli.sc,8,2,6,up,2005,mean_gap
Basti_Saltoya Gopalpur.sc,9,4,5,up,2005,mean_gap
Basti_Saugahat.sc,11,6,5,up,2005,mean_gap
Bijnaur_Afzalgarah.sc,6,2,4,up,2005,mean_gap
Bijnaur_Haldaur.sc,11,6,5,up,2005,mean_gap
Bijnaur_Jalilpur.sc,12,6,6,up,2005,mean_gap
Bijnaur_Kiratpur.sc,7,4,3,up,2005,mean_gap
Bijnaur_Kotwali.sc,22,8,14,up,2005,mean_gap
Bijnaur_Mau Pur Devmal.sc,16,3,13,up,2005,mean_gap
Bijnaur_Najibabad.sc,16,6,10,up,2005,mean_gap
Bijnaur_Noorpur.sc,11,5,6,up,2005,mean_gap
Bijnaur_Syohara.sc,13,3,10,up,2005,mean_gap
Budaun_Gunnaur.sc,4,3,1,up,2005,mean_gap
Budaun_Junawai.sc,3,2,1,up,2005,mean_gap
Bulandshahr_Agauta.sc,5,1,4,up,2005,mean_gap
Bulandshahr_Anupshahr.sc,5,2,3,up,2005,mean_gap
Bulandshahr_Arniyaan.sc,4,1,3,up,2005,mean_gap
Bulandshahr_B. B. Nagar.sc,2,0,2,up,2005,mean_gap
Bulandshahr_Bulandshahr.sc,6,3,3,up,2005,mean_gap
Bulandshahr_Danpur.sc,1,0,1,up,2005,mean_gap
Bulandshahr_Dibai.sc,2,0,2,up,2005,mean_gap
Bulandshahr_Gulawati.sc,3,0,3,up,2005,mean_gap
Bulandshahr_Jahangirabad.sc,3,0,3,up,2005,mean_gap
Bulandshahr_Khujra.sc,8,3,5,up,2005,mean_gap
Bulandshahr_Lakhauti.sc,5,2,3,up,2005,mean_gap
Bulandshahr_Pahasu.sc,2,0,2,up,2005,mean_gap
Bulandshahr_Shikarpur.sc,3,1,2,up,2005,mean_gap
Bulandshahr_Sikandrabad.sc,10,2,8,up,2005,mean_gap
Bulandshahr_Siyana.sc,4,1,3,up,2005,mean_gap
Bulandshahr_Unchagaon.sc,1,0,1,up,2005,mean_gap
Chandauli_Barhani.sc,6,2,4,up,2005,mean_gap
Chandauli_Chahniya.sc,13,3,10,up,2005,mean_gap
Chandauli_Chakia.sc,14,4,10,up,2005,mean_gap
Chandauli_Dhanapur.sc,2,0,2,up,2005,mean_gap
Chandauli_Naugadh.sc,3,2,1,up,2005,mean_gap
Chandauli_Niyamatabad.sc,5,3,2,up,2005,mean_gap
Chandauli_Sakaldeeha.sc,8,2,6,up,2005,mean_gap
Chandauli_Shahababganj.sc,8,3,5,up,2005,mean_gap
Chitrakoot_Karvi ( Chitrakut ).sc,9,3,6,up,2005,mean_gap
Chitrakoot_Manikpur.sc,11,4,7,up,2005,mean_gap
Chitrakoot_Mau.sc,9,3,6,up,2005,mean_gap
Chitrakoot_Pahadi.sc,15,5,10,up,2005,mean_gap
Chitrakoot_Ramnagar.sc,6,1,5,up,2005,mean_gap
Firozabad_Aaraon.sc,8,4,4,up,2005,mean_gap
Firozabad_Eka.sc,5,1,4,up,2005,mean_gap
Firozabad_Firozabad.sc,3,0,3,up,2005,mean_gap
Firozabad_Hathwant.sc,6,2,4,up,2005,mean_gap
Firozabad_Jasrana.sc,5,2,3,up,2005,mean_gap
Firozabad_Madanpur.sc,7,4,3,up,2005,mean_gap
Firozabad_Narkhi.sc,8,4,4,up,2005,mean_gap
Firozabad_Shikohabad.sc,5,2,3,up,2005,mean_gap
Firozabad_Tundla.sc,7,1,6,up,2005,mean_gap
Gautam Buddha Nagar_Dadri.sc,3,2,1,up,2005,mean_gap
Gautam Buddha Nagar_Jewar.sc,3,2,1,up,2005,mean_gap
Gautam Buddha Nagar_Visarkh.sc,2,1,1,up,2005,mean_gap
Ghaziabad_Bhojpur.sc,1,0,1,up,2005,mean_gap
Ghaziabad_Dhaulana.sc,7,2,5,up,2005,mean_gap
Ghaziabad_Garhmukteshwar.sc,4,1,3,up,2005,mean_gap
Ghaziabad_Hapur.sc,11,3,8,up,2005,mean_gap
Ghaziabad_Loni.sc,2,1,1,up,2005,mean_gap
Ghaziabad_Muradnagar.sc,2,0,2,up,2005,mean_gap
Ghaziabad_Rajapur.sc,3,0,3,up,2005,mean_gap
Ghaziabad_Simbhavli.sc,8,3,5,up,2005,mean_gap
Ghazipur_Barachwar.sc,11,3,8,up,2005,mean_gap
Ghazipur_Bhadaura.sc,2,0,2,up,2005,mean_gap
Ghazipur_Jakhniya.sc,13,5,8,up,2005,mean_gap
Ghazipur_Jamaniya.sc,5,1,4,up,2005,mean_gap
Ghazipur_Karanda.sc,4,2,2,up,2005,mean_gap
Ghazipur_Kasimabad.sc,12,3,9,up,2005,mean_gap
Ghazipur_Manihari.sc,12,4,8,up,2005,mean_gap
Ghazipur_Mardan.sc,11,4,7,up,2005,mean_gap
Ghazipur_Muhammadabad.sc,9,1,8,up,2005,mean_gap
Ghazipur_Revatipur.sc,4,1,3,up,2005,mean_gap
Ghazipur_Sadaat.sc,5,1,4,up,2005,mean_gap
Ghazipur_Sadar.sc,6,1,5,up,2005,mean_gap
Ghazipur_Saidpur.sc,9,4,5,up,2005,mean_gap
Ghazipur_Virano.sc,8,3,5,up,2005,mean_gap
Gonda_Belasar.sc,5,2,3,up,2005,mean_gap
Gonda_Bhabha njot.sc,2,1,1,up,2005,mean_gap
Gonda_Chhapia.sc,11,4,7,up,2005,mean_gap
Gonda_Etiyathok.sc,7,2,5,up,2005,mean_gap
Gonda_Haladharamuu.sc,6,2,4,up,2005,mean_gap
Gonda_Jhanjhari.sc,6,4,2,up,2005,mean_gap
Gonda_Karnailganj.sc,4,1,3,up,2005,mean_gap
Gonda_Katra Bazar.sc,9,4,5,up,2005,mean_gap
Gonda_Manakapur.sc,12,5,7,up,2005,mean_gap
Gonda_Mujehana.sc,7,3,4,up,2005,mean_gap
Gonda_Nawabganj.sc,7,3,4,up,2005,mean_gap
Gonda_Pandri Kripal.sc,8,3,5,up,2005,mean_gap
Gonda_Parsapur.sc,2,1,1,up,2005,mean_gap
Gonda_Rupaidih.sc,7,1,6,up,2005,mean_gap
Gonda_Tarabganj.sc,4,2,2,up,2005,mean_gap
Gonda_Wazirganj.sc,9,3,6,up,2005,mean_gap
Gorakhpur_Belghat.sc,15,6,9,up,2005,mean_gap
Gorakhpur_Bosagaon.sc,5,1,4,up,2005,mean_gap
Gorakhpur_Brahmpur.sc,4,3,1,up,2005,mean_gap
Gorakhpur_Chargaawon.sc,4,1,3,up,2005,mean_gap
Gorakhpur_Gagaha.sc,10,3,7,up,2005,mean_gap
Gorakhpur_Gola.sc,8,2,6,up,2005,mean_gap
Gorakhpur_J. O. Kauriya.sc,6,3,3,up,2005,mean_gap
Gorakhpur_Kauriram.sc,11,5,6,up,2005,mean_gap
Gorakhpur_Khajni.sc,11,6,5,up,2005,mean_gap
Gorakhpur_Khorabaar.sc,4,4,0,up,2005,mean_gap
Gorakhpur_Pali.sc,6,4,2,up,2005,mean_gap
Gorakhpur_Piparoli.sc,5,2,3,up,2005,mean_gap
Gorakhpur_Pipraich.sc,9,7,2,up,2005,mean_gap
Gorakhpur_Sardarnagar.sc,6,5,1,up,2005,mean_gap
Gorakhpur_Uruvaon.sc,14,3,11,up,2005,mean_gap
Hamirpur_Gohand.sc,5,3,2,up,2005,mean_gap
Hamirpur_Kurara.sc,3,3,0,up,2005,mean_gap
Hamirpur_Maudha.sc,6,4,2,up,2005,mean_gap
Hamirpur_Muskra.sc,6,3,3,up,2005,mean_gap
Hamirpur_Raath.sc,4,2,2,up,2005,mean_gap
Hamirpur_Sarila.sc,9,7,2,up,2005,mean_gap
Hamirpur_Sumerpur.sc,8,3,5,up,2005,mean_gap
Hardoi_Ahirorhi.sc,11,4,7,up,2005,mean_gap
Hardoi_Barkhani.sc,4,0,4,up,2005,mean_gap
Hardoi_Bawan.sc,9,4,5,up,2005,mean_gap
Hardoi_Benhadar.sc,11,4,7,up,2005,mean_gap
Hardoi_Bharawan.sc,10,2,8,up,2005,mean_gap
Hardoi_Bilgraam.sc,13,5,8,up,2005,mean_gap
Hardoi_Hariyawan.sc,8,4,4,up,2005,mean_gap
Hardoi_Harpalpur.sc,4,2,2,up,2005,mean_gap
Hardoi_Kachauna.sc,5,1,4,up,2005,mean_gap
Hardoi_Kothawan.sc,5,1,4,up,2005,mean_gap
Hardoi_Madhauganj.sc,9,4,5,up,2005,mean_gap
Hardoi_Mallawan.sc,8,3,5,up,2005,mean_gap
Hardoi_Pihani.sc,12,4,8,up,2005,mean_gap
Hardoi_Sandi.sc,5,3,2,up,2005,mean_gap
Hardoi_Sandila.sc,8,2,6,up,2005,mean_gap
Hardoi_Shahabaad.sc,10,2,8,up,2005,mean_gap
Hardoi_Surusa.sc,8,2,6,up,2005,mean_gap
Hardoi_Tadiyawan.sc,11,4,7,up,2005,mean_gap
Hardoi_Todarpur.sc,8,2,6,up,2005,mean_gap
Hathras_Hasayan.sc,10,3,7,up,2005,mean_gap
Hathras_Mursan.sc,9,6,3,up,2005,mean_gap
Hathras_Sadabad.sc,6,3,3,up,2005,mean_gap
Hathras_Sahpau.sc,9,2,7,up,2005,mean_gap
Hathras_Sasni.sc,9,3,6,up,2005,mean_gap
Hathras_Sikandra Rao.sc,7,3,4,up,2005,mean_gap
Itawah_Badh. Pura.sc,9,4,5,up,2005,mean_gap
Itawah_Basrehar.sc,10,5,5,up,2005,mean_gap
Itawah_Bharathana.sc,9,3,6,up,2005,mean_gap
Itawah_Chakarnagar.sc,7,2,5,up,2005,mean_gap
Itawah_Jaswantnagar.sc,9,2,7,up,2005,mean_gap
Itawah_Mahewa.sc,12,2,10,up,2005,mean_gap
Itawah_Saifai.sc,4,3,1,up,2005,mean_gap
Itawah_Takha.sc,2,1,1,up,2005,mean_gap
Jalaun_Dakor.sc,13,4,9,up,2005,mean_gap
Jalaun_Jalaun.sc,12,3,9,up,2005,mean_gap
Jalaun_Kadoura.sc,8,6,2,up,2005,mean_gap
Jalaun_Kochan.sc,4,0,4,up,2005,mean_gap
Jalaun_Kuthound.sc,13,5,8,up,2005,mean_gap
Jalaun_Mahewa.sc,9,2,7,up,2005,mean_gap
Jalaun_Nadigaon.sc,11,1,10,up,2005,mean_gap
Jalaun_Rampura.sc,10,4,6,up,2005,mean_gap
Jaunpur_Badlapur.sc,15,4,11,up,2005,mean_gap
Jaunpur_Buxa.sc,7,2,5,up,2005,mean_gap
Jaunpur_Jalalpur.sc,1,0,1,up,2005,mean_gap
Jaunpur_Kerakat.sc,1,1,0,up,2005,mean_gap
Jaunpur_Khutahan.sc,10,4,6,up,2005,mean_gap
Jaunpur_Madiyahu.sc,1,1,0,up,2005,mean_gap
Jaunpur_Maharajganj.sc,14,6,8,up,2005,mean_gap
Jaunpur_Ramnagar.sc,1,1,0,up,2005,mean_gap
Jaunpur_Shahganj Sodhi.sc,2,0,2,up,2005,mean_gap
Jaunpur_Sikarara.sc,3,1,2,up,2005,mean_gap
Jaunpur_Suitha Kala.sc,5,1,4,up,2005,mean_gap
Jhanshi_Babina.sc,6,2,4,up,2005,mean_gap
Jhanshi_Badagaon.sc,4,2,2,up,2005,mean_gap
Jhanshi_Bamour.sc,12,5,7,up,2005,mean_gap
Jhanshi_Chirgaon.sc,10,3,7,up,2005,mean_gap
Jhanshi_Moth.sc,16,6,10,up,2005,mean_gap
Kannauj_Chhibramau.sc,12,4,8,up,2005,mean_gap
Kannauj_Gugapur.sc,2,1,1,up,2005,mean_gap
Kannauj_Haseran.sc,5,4,1,up,2005,mean_gap
Kannauj_Jalalabad.sc,9,6,3,up,2005,mean_gap
Kannauj_Kannauj.sc,12,5,7,up,2005,mean_gap
Kannauj_Saurkh.sc,7,5,2,up,2005,mean_gap
Kannauj_Umarda.sc,10,5,5,up,2005,mean_gap
Kanpur Nagar_Bhitar Gaon.sc,12,4,8,up,2005,mean_gap
Kanpur Nagar_Bilhaur.sc,9,2,7,up,2005,mean_gap
Kanpur Nagar_Chaubepur.sc,10,3,7,up,2005,mean_gap
Kanpur Nagar_Ghatampur.sc,10,3,7,up,2005,mean_gap
Kanpur Nagar_Kakwan.sc,4,2,2,up,2005,mean_gap
Kanpur Nagar_Kalyanpur.sc,6,3,3,up,2005,mean_gap
Kanpur Nagar_Patara.sc,10,3,7,up,2005,mean_gap
Kanpur Nagar_Sarasaul.sc,1,0,1,up,2005,mean_gap
Kanpur Nagar_Shivrajpur.sc,12,3,9,up,2005,mean_gap
Kanpur Nagar_Vidhnu.sc,11,3,8,up,2005,mean_gap
Kaushambi_Chayal.sc,4,2,2,up,2005,mean_gap
Kaushambi_Kara.sc,7,1,6,up,2005,mean_gap
Kaushambi_Kaushambi.sc,6,3,3,up,2005,mean_gap
Kaushambi_Manjhanpur.sc,12,5,7,up,2005,mean_gap
Kaushambi_Muratganj.sc,7,3,4,up,2005,mean_gap
Kaushambi_NEWADA.sc,10,4,6,up,2005,mean_gap
Kaushambi_Sarsawa.sc,9,6,3,up,2005,mean_gap
Kaushambi_Sirathu.sc,10,5,5,up,2005,mean_gap
Kushinagar_Fazilnagar.sc,9,4,5,up,2005,mean_gap
Kushinagar_Hata.sc,6,3,3,up,2005,mean_gap
Kushinagar_Kaptaiganj.sc,11,4,7,up,2005,mean_gap
Kushinagar_Kasaya.sc,2,1,1,up,2005,mean_gap
Kushinagar_Khadda.sc,7,3,4,up,2005,mean_gap
Kushinagar_Moti Chak.sc,6,1,5,up,2005,mean_gap
Kushinagar_Nebua Naurangia.sc,7,1,6,up,2005,mean_gap
Kushinagar_Padrauna.sc,4,1,3,up,2005,mean_gap
Kushinagar_Ramkola.sc,6,2,4,up,2005,mean_gap
Kushinagar_Sewarhi.sc,5,2,3,up,2005,mean_gap
Kushinagar_Sukaroli.sc,8,1,7,up,2005,mean_gap
Kushinagar_Tamkuhiraj.sc,8,3,5,up,2005,mean_gap
Kushinagar_Vishunpura.sc,5,1,4,up,2005,mean_gap
Lakhimpur Khiri_Bankeganj.sc,6,3,3,up,2005,mean_gap
Lakhimpur Khiri_Bijua.sc,15,5,10,up,2005,mean_gap
Lakhimpur Khiri_Dhaurhara.sc,6,1,5,up,2005,mean_gap
Lakhimpur Khiri_Gola ( Kumbhi ).sc,10,3,7,up,2005,mean_gap
Lakhimpur Khiri_Isanagar.sc,15,5,10,up,2005,mean_gap
Lakhimpur Khiri_Lakhimpur.sc,17,6,11,up,2005,mean_gap
Lakhimpur Khiri_Mitauli.sc,13,5,8,up,2005,mean_gap
Lakhimpur Khiri_Mohammadi.sc,15,7,8,up,2005,mean_gap
Lakhimpur Khiri_Nakha.sc,5,2,3,up,2005,mean_gap
Lakhimpur Khiri_Nighasan.sc,8,4,4,up,2005,mean_gap
Lakhimpur Khiri_Palia.sc,8,3,5,up,2005,mean_gap
Lakhimpur Khiri_Pasgawan.sc,14,4,10,up,2005,mean_gap
Lakhimpur Khiri_Phoolbehad.sc,13,3,10,up,2005,mean_gap
Lakhimpur Khiri_Ramiyabehar.sc,8,2,6,up,2005,mean_gap
Lalitpur_Baar.sc,7,4,3,up,2005,mean_gap
Lalitpur_Jakhaura.sc,12,5,7,up,2005,mean_gap
Lalitpur_Madawara.sc,8,4,4,up,2005,mean_gap
Lalitpur_Mahrauni.sc,7,2,5,up,2005,mean_gap
Lalitpur_Talbehat.sc,7,3,4,up,2005,mean_gap
Lalitpur_Virddha.sc,9,1,8,up,2005,mean_gap
Maharajganj_Brajamangnaj.sc,9,4,5,up,2005,mean_gap
Maharajganj_Dhani.sc,2,1,1,up,2005,mean_gap
Maharajganj_Ferenda.sc,9,7,2,up,2005,mean_gap
Maharajganj_Ghughli.sc,4,3,1,up,2005,mean_gap
Maharajganj_Lakshmipur.sc,5,5,0,up,2005,mean_gap
Maharajganj_Maharajganj Sadar.sc,5,3,2,up,2005,mean_gap
Maharajganj_Mithoura.sc,12,6,6,up,2005,mean_gap
Maharajganj_Nautanwa.sc,5,2,3,up,2005,mean_gap
Maharajganj_Nichlaul.sc,14,8,6,up,2005,mean_gap
Maharajganj_Paniyara.sc,10,6,4,up,2005,mean_gap
Maharajganj_Partawal.sc,6,4,2,up,2005,mean_gap
Maharajganj_Siswa Bazar.sc,6,5,1,up,2005,mean_gap
Mahoba_Charkhari.sc,3,1,2,up,2005,mean_gap
Mahoba_Jaitpur.sc,4,1,3,up,2005,mean_gap
Mahoba_Kabrai.sc,11,4,7,up,2005,mean_gap
Mainpuri_Barnahal.sc,11,3,8,up,2005,mean_gap
Mainpuri_Bebar.sc,10,1,9,up,2005,mean_gap
Mainpuri_Ghiror.sc,7,2,5,up,2005,mean_gap
Mainpuri_Jagir.sc,6,3,3,up,2005,mean_gap
Mainpuri_Karhal.sc,11,5,6,up,2005,mean_gap
Mainpuri_Kurawli.sc,6,3,3,up,2005,mean_gap
Mainpuri_Mainpuri.sc,5,2,3,up,2005,mean_gap
Mainpuri_Sultanganj.sc,9,3,6,up,2005,mean_gap
Mau_Baragaon.sc,10,7,3,up,2005,mean_gap
Mau_Dohrighat.sc,13,6,7,up,2005,mean_gap
Mau_Ghosi.sc,9,5,4,up,2005,mean_gap
Mau_Kopaganj.sc,9,4,5,up,2005,mean_gap
Mau_Muhammadabad.sc,12,7,5,up,2005,mean_gap
Mau_Pardha.sc,5,2,3,up,2005,mean_gap
Mau_Ranipur.sc,12,5,7,up,2005,mean_gap
Mau_Ratanpura.sc,9,6,3,up,2005,mean_gap
Mirzapur_Chhaanbe.sc,8,2,6,up,2005,mean_gap
Mirzapur_Halia.sc,11,6,5,up,2005,mean_gap
Mirzapur_Kon ( Cheelha ).sc,4,1,3,up,2005,mean_gap
Mirzapur_Lalganj.sc,10,6,4,up,2005,mean_gap
Mirzapur_Majhwan.sc,4,1,3,up,2005,mean_gap
Mirzapur_Narayanpur.sc,11,6,5,up,2005,mean_gap
Mirzapur_Pahadi.sc,7,3,4,up,2005,mean_gap
Mirzapur_Rajgarh.sc,14,6,8,up,2005,mean_gap
Mirzapur_Seekhar.sc,2,0,2,up,2005,mean_gap
Mirzapur_Seeti.sc,1,0,1,up,2005,mean_gap
Muradabad_Asamoli.sc,6,3,3,up,2005,mean_gap
Muradabad_Bahjoi.sc,1,0,1,up,2005,mean_gap
Muradabad_Bilari.sc,10,5,5,up,2005,mean_gap
Muradabad_Chhajlait.sc,2,1,1,up,2005,mean_gap
Muradabad_Dilari.sc,9,3,6,up,2005,mean_gap
Muradabad_Dingerpur (Kunderki).sc,13,6,7,up,2005,mean_gap
Muradabad_Mudhaa Pandey.sc,5,0,5,up,2005,mean_gap
Muradabad_Muradabad.sc,5,1,4,up,2005,mean_gap
Muradabad_Panwasa.sc,4,1,3,up,2005,mean_gap
Muradabad_Sambhal.sc,5,0,5,up,2005,mean_gap
Muradabad_Thakurdwara.sc,10,0,10,up,2005,mean_gap
Muzzafarnagar_Baghra.sc,3,1,2,up,2005,mean_gap
Muzzafarnagar_Budhana.sc,3,1,2,up,2005,mean_gap
Muzzafarnagar_Charthaawal.sc,5,2,3,up,2005,mean_gap
Muzzafarnagar_Jansath.sc,3,1,2,up,2005,mean_gap
Muzzafarnagar_Kandla.sc,1,0,1,up,2005,mean_gap
Muzzafarnagar_Khatauli.sc,6,2,4,up,2005,mean_gap
Muzzafarnagar_Morna.sc,5,3,2,up,2005,mean_gap
Muzzafarnagar_Purkaji.sc,3,1,2,up,2005,mean_gap
Muzzafarnagar_Sadar.sc,1,0,1,up,2005,mean_gap
Muzzafarnagar_Shahpur.sc,2,1,1,up,2005,mean_gap
Muzzafarnagar_Shamli.sc,1,0,1,up,2005,mean_gap
Muzzafarnagar_Un.sc,1,1,0,up,2005,mean_gap
Pilibhit_Amariya.sc,6,0,6,up,2005,mean_gap
Pilibhit_Barkheda.sc,10,4,6,up,2005,mean_gap
Pilibhit_Bilsanda.sc,12,6,6,up,2005,mean_gap
Pilibhit_Bisalpur.sc,7,3,4,up,2005,mean_gap
Pilibhit_Lalauri Kheda.sc,4,0,4,up,2005,mean_gap
Pilibhit_Marauri.sc,3,3,0,up,2005,mean_gap
Pilibhit_Purnanpur.sc,14,4,10,up,2005,mean_gap
Pratapgarh_Baabaa Belkharnath Dhaam.sc,6,1,5,up,2005,mean_gap
Pratapgarh_Baabaganj.sc,11,4,7,up,2005,mean_gap
Pratapgarh_Bihar.sc,13,3,10,up,2005,mean_gap
Pratapgarh_Gaura.sc,4,2,2,up,2005,mean_gap
Pratapgarh_Kalakankar.sc,11,4,7,up,2005,mean_gap
Pratapgarh_Kunda.sc,14,5,9,up,2005,mean_gap
Pratapgarh_Lakshmanpur.sc,8,2,6,up,2005,mean_gap
Pratapgarh_Lalganj.sc,7,3,4,up,2005,mean_gap
Pratapgarh_Magraura.sc,11,4,7,up,2005,mean_gap
Pratapgarh_Mandhaata.sc,10,3,7,up,2005,mean_gap
Pratapgarh_Patti.sc,6,3,3,up,2005,mean_gap
Pratapgarh_Sadar.sc,3,2,1,up,2005,mean_gap
Pratapgarh_Sandwaa Chandrika.sc,6,2,4,up,2005,mean_gap
Pratapgarh_Sangipur.sc,9,5,4,up,2005,mean_gap
Pratapgarh_Shivgarh.sc,6,2,4,up,2005,mean_gap
Rae bareli_Amawan.sc,7,2,5,up,2005,mean_gap
Rae bareli_Bachhrawan.sc,8,4,4,up,2005,mean_gap
Rae bareli_Dalmau.sc,9,5,4,up,2005,mean_gap
Rae bareli_Deenshaahgaura.sc,4,3,1,up,2005,mean_gap
Rae bareli_Harchandpur.sc,8,3,5,up,2005,mean_gap
Rae bareli_Khiro.sc,10,4,6,up,2005,mean_gap
Rae bareli_Lalganj.sc,8,3,5,up,2005,mean_gap
Rae bareli_Maharajganj.sc,8,2,6,up,2005,mean_gap
Rae bareli_Rahi.sc,8,3,5,up,2005,mean_gap
Rae bareli_Rohanea.sc,4,1,3,up,2005,mean_gap
Rae bareli_Sareni.sc,12,3,9,up,2005,mean_gap
Rae bareli_Sataon.sc,5,3,2,up,2005,mean_gap
Rae bareli_Shivgarh.sc,7,2,5,up,2005,mean_gap
Rae bareli_Unchahaar.sc,7,4,3,up,2005,mean_gap
Rampur_Bilaaspur.sc,8,1,7,up,2005,mean_gap
Rampur_Milk.sc,19,9,10,up,2005,mean_gap
Rampur_Saidnagar.sc,4,2,2,up,2005,mean_gap
Saharanpur_Baliyakhedi.sc,13,8,5,up,2005,mean_gap
Saharanpur_Devbanda.sc,9,4,5,up,2005,mean_gap
Saharanpur_Gangoh.sc,5,3,2,up,2005,mean_gap
Saharanpur_Muzaffarabad.sc,10,5,5,up,2005,mean_gap
Saharanpur_Nagal.sc,8,4,4,up,2005,mean_gap
Saharanpur_Nakud.sc,13,4,9,up,2005,mean_gap
Saharanpur_Rampur Maniharan.sc,9,3,6,up,2005,mean_gap
Saharanpur_Sarsawa.sc,7,3,4,up,2005,mean_gap
Sant Kabeer Nagar_Baghauli.sc,7,2,5,up,2005,mean_gap
Sant Kabeer Nagar_Belhar Kala.sc,9,4,5,up,2005,mean_gap
Sant Kabeer Nagar_Khalilabad.sc,8,4,4,up,2005,mean_gap
Sant Kabeer Nagar_Mehdawal.sc,5,2,3,up,2005,mean_gap
Sant Kabeer Nagar_Nathnagar.sc,13,4,9,up,2005,mean_gap
Sant Kabeer Nagar_Pauli.sc,5,2,3,up,2005,mean_gap
Sant Kabeer Nagar_Sautha.sc,2,1,1,up,2005,mean_gap
Sant Kabeer Nagar_Semriyawa.sc,6,2,4,up,2005,mean_gap
Sant Ravidas Nagar_Abholi.sc,5,2,3,up,2005,mean_gap
Sant Ravidas Nagar_Aurain.sc,14,2,12,up,2005,mean_gap
Sant Ravidas Nagar_Bhadohi.sc,13,5,8,up,2005,mean_gap
Sant Ravidas Nagar_Deegh.sc,1,1,0,up,2005,mean_gap
Sant Ravidas Nagar_Gyanpur.sc,2,0,2,up,2005,mean_gap
Sant Ravidas Nagar_Suriyawan.sc,8,5,3,up,2005,mean_gap
Shravasti_Gilola.sc,11,4,7,up,2005,mean_gap
Shravasti_Hariharpur Rani.sc,6,3,3,up,2005,mean_gap
Shravasti_Ikouna.sc,10,4,6,up,2005,mean_gap
Shravasti_Jamunha.sc,10,3,7,up,2005,mean_gap
Shravasti_Sirsia.sc,10,1,9,up,2005,mean_gap
Siddharth Nagar_Badhni.sc,6,2,4,up,2005,mean_gap
Siddharth Nagar_Bansi.sc,6,2,4,up,2005,mean_gap
Siddharth Nagar_Bhanwaapur.sc,10,3,7,up,2005,mean_gap
Siddharth Nagar_Dumriaganj.sc,9,2,7,up,2005,mean_gap
Siddharth Nagar_Itwa.sc,4,2,2,up,2005,mean_gap
Siddharth Nagar_Jogiya.sc,5,0,5,up,2005,mean_gap
Siddharth Nagar_Khesarha.sc,11,5,6,up,2005,mean_gap
Siddharth Nagar_Khuniyav.sc,4,0,4,up,2005,mean_gap
Siddharth Nagar_Lotan Bazar.sc,6,1,5,up,2005,mean_gap
Siddharth Nagar_Mithwal.sc,8,4,4,up,2005,mean_gap
Siddharth Nagar_Naugadh.sc,4,2,2,up,2005,mean_gap
Siddharth Nagar_Shohratgarh.sc,8,2,6,up,2005,mean_gap
Siddharth Nagar_UskaBazar.sc,4,1,3,up,2005,mean_gap
Sitapur_Ailiya.sc,6,3,3,up,2005,mean_gap
Sitapur_Behata.sc,3,3,0,up,2005,mean_gap
Sitapur_Biswan.sc,16,5,11,up,2005,mean_gap
Sitapur_Gondlamau.sc,2,1,1,up,2005,mean_gap
Sitapur_Hargaon.sc,2,0,2,up,2005,mean_gap
Sitapur_Kasmanda.sc,4,2,2,up,2005,mean_gap
Sitapur_Khairbad.sc,9,5,4,up,2005,mean_gap
Sitapur_Machhrehta.sc,10,3,7,up,2005,mean_gap
Sitapur_Mahmudabad.sc,10,3,7,up,2005,mean_gap
Sitapur_Maholi.sc,1,0,1,up,2005,mean_gap
Sitapur_Mishrikh.sc,9,2,7,up,2005,mean_gap
Sitapur_Pahala.sc,10,4,6,up,2005,mean_gap
Sitapur_Parsendi.sc,3,1,2,up,2005,mean_gap
Sitapur_Pisawan.sc,4,2,2,up,2005,mean_gap
Sitapur_Rampurmathura.sc,5,1,4,up,2005,mean_gap
Sitapur_Reusaa.sc,1,0,1,up,2005,mean_gap
Sitapur_Sakran.sc,4,0,4,up,2005,mean_gap
Sitapur_Sidhauli.sc,1,0,1,up,2005,mean_gap
Sonbhadra_Chatra.sc,4,3,1,up,2005,mean_gap
Sonbhadra_Chopan.sc,1,0,1,up,2005,mean_gap
Sonbhadra_Duddhi.sc,10,3,7,up,2005,mean_gap
Sonbhadra_Ghorawal.sc,17,13,4,up,2005,mean_gap
Sonbhadra_Myorpur.sc,13,6,7,up,2005,mean_gap
Sonbhadra_Nagwan.sc,7,5,2,up,2005,mean_gap
Sonbhadra_Robertsganj.sc,8,2,6,up,2005,mean_gap
Sonbhadra_Vabhni.sc,7,4,3,up,2005,mean_gap
Sultanpur_Akhandnagar.sc,11,4,7,up,2005,mean_gap
Sultanpur_Baldirai.sc,6,1,5,up,2005,mean_gap
Sultanpur_Bhaiyya.sc,12,3,9,up,2005,mean_gap
Sultanpur_Dhanpat Ganj.sc,8,3,5,up,2005,mean_gap
Sultanpur_Doobepur.sc,9,4,5,up,2005,mean_gap
Sultanpur_Dostpur.sc,6,3,3,up,2005,mean_gap
Sultanpur_Jaisinghpur.sc,13,4,9,up,2005,mean_gap
Sultanpur_Kadipur.sc,3,0,3,up,2005,mean_gap
Sultanpur_Kudebhar.sc,5,2,3,up,2005,mean_gap
Sultanpur_Kudwar.sc,5,1,4,up,2005,mean_gap
Sultanpur_Lambhua.sc,13,5,8,up,2005,mean_gap
Sultanpur_Motigarpur.sc,7,3,4,up,2005,mean_gap
Sultanpur_Pratappur Kemaicha.sc,7,4,3,up,2005,mean_gap
Unnao_Auras.sc,9,4,5,up,2005,mean_gap
Unnao_Bangarmau.sc,8,4,4,up,2005,mean_gap
Unnao_Bichiya.sc,5,3,2,up,2005,mean_gap
Unnao_Bighapur.sc,11,3,8,up,2005,mean_gap
Unnao_Fatehpur Chaurasi.sc,8,4,4,up,2005,mean_gap
Unnao_Hasan ganj.sc,15,6,9,up,2005,mean_gap
Unnao_Nawabganj.sc,11,5,6,up,2005,mean_gap
Unnao_Purwa.sc,2,1,1,up,2005,mean_gap
Unnao_Safipur.sc,10,5,5,up,2005,mean_gap
Unnao_Si. Sirosi.sc,1,1,0,up,2005,mean_gap
Unnao_Sikandarpur Karan.sc,8,4,4,up,2005,mean_gap
Unnao_Sumerpur.sc,12,4,8,up,2005,mean_gap
Varanasi_Araji Lines.sc,12,3,9,up,2005,mean_gap
Varanasi_Badagaon.sc,9,4,5,up,2005,mean_gap
Varanasi_Chiraigaon.sc,4,2,2,up,2005,mean_gap
Varanasi_Cholapur.sc,10,3,7,up,2005,mean_gap
Varanasi_Harhua.sc,5,2,3,up,2005,mean_gap
Varanasi_Kashividyapeeth.sc,4,2,2,up,2005,mean_gap
Varanasi_Pindra.sc,13,5,8,up,2005,mean_gap
Varanasi_Sewapuri.sc,13,5,8,up,2005,mean_gap
Bahraich_Mihipurwa.st,2,2,0,up,2005,mean_gap
Lakhimpur Khiri_Palia.st,9,7,2,up,2005,mean_gap
Rae bareli_Khiro.st,1,0,1,up,2005,mean_gap
Shravasti_Sirsia.st,1,1,0,up,2005,mean_gap
Agra_Achnera.general,17,7,10,up,2010,mean_gap
Agra_Akolaa.general,8,2,6,up,2010,mean_gap
Agra_Bah.general,17,2,15,up,2010,mean_gap
Agra_Baroli Ahir.general,10,3,7,up,2010,mean_gap
Agra_Bichpuri.general,1,0,1,up,2010,mean_gap
Agra_Etmaadpur.general,12,2,10,up,2010,mean_gap
Agra_Fatehabad.general,17,8,9,up,2010,mean_gap
Agra_Fatehpur Seekri.general,11,2,9,up,2010,mean_gap
Agra_Jagner.general,5,1,4,up,2010,mean_gap
Agra_Khandoli.general,9,5,4,up,2010,mean_gap
Agra_Pinahat.general,14,4,10,up,2010,mean_gap
Agra_Shamshabaad.general,15,2,13,up,2010,mean_gap
Ambedkar Nagar_Akbarpur.general,40,15,25,up,2010,mean_gap
Ambedkar Nagar_Basakhari.general,20,7,13,up,2010,mean_gap
Ambedkar Nagar_Bhiti.general,23,10,13,up,2010,mean_gap
Ambedkar Nagar_Jahangirganj.general,23,7,16,up,2010,mean_gap
Ambedkar Nagar_Jalalpur.general,35,13,22,up,2010,mean_gap
Ambedkar Nagar_Katehri.general,25,9,16,up,2010,mean_gap
Ambedkar Nagar_Miyan.general,33,10,23,up,2010,mean_gap
Ambedkar Nagar_Ramnagar.general,32,12,20,up,2010,mean_gap
Ambedkar Nagar_Tanda.general,36,12,24,up,2010,mean_gap
Auraiya_Achhaldaa.general,12,4,8,up,2010,mean_gap
Auraiya_Ajitmal.general,19,6,13,up,2010,mean_gap
Auraiya_Auraiya.general,25,11,14,up,2010,mean_gap
Auraiya_Bhagyanagar.general,25,7,18,up,2010,mean_gap
Auraiya_Eva Katra.general,14,4,10,up,2010,mean_gap
Auraiya_Sahar.general,19,6,13,up,2010,mean_gap
Auraiya_Vidhuna.general,25,10,15,up,2010,mean_gap
Bagpat_Bagpat.general,12,6,6,up,2010,mean_gap
Bagpat_Baraut.general,16,6,10,up,2010,mean_gap
Bagpat_Binauli.general,11,2,9,up,2010,mean_gap
Bagpat_Chhaparauli.general,6,2,4,up,2010,mean_gap
Bagpat_Khekhada.general,11,3,8,up,2010,mean_gap
Bagpat_Pilana.general,11,5,6,up,2010,mean_gap
Bahraich_Balha.general,9,5,4,up,2010,mean_gap
Bahraich_Fakhrpur.general,33,11,22,up,2010,mean_gap
Bahraich_Huzurpur.general,33,11,22,up,2010,mean_gap
Bahraich_Jarwal.general,30,9,21,up,2010,mean_gap
Bahraich_Kaiserganj.general,23,7,16,up,2010,mean_gap
Bahraich_Mahsi.general,26,10,16,up,2010,mean_gap
Bahraich_Mihipurwa.general,19,6,13,up,2010,mean_gap
Bahraich_Nawabganj.general,22,6,16,up,2010,mean_gap
Bahraich_Prayagpur.general,24,7,17,up,2010,mean_gap
Bahraich_Risia.general,23,8,15,up,2010,mean_gap
Bahraich_Shivpur.general,24,7,17,up,2010,mean_gap
Bahraich_Tajwapur.general,27,8,19,up,2010,mean_gap
Bahraich_Visheshwarganj.general,27,10,17,up,2010,mean_gap
Baliya_Baasadeeh.general,17,6,11,up,2010,mean_gap
Baliya_Bairiya.general,15,6,9,up,2010,mean_gap
Baliya_Belhari.general,10,4,6,up,2010,mean_gap
Baliya_Berua Bari.general,8,0,8,up,2010,mean_gap
Baliya_Chilakhar.general,17,8,9,up,2010,mean_gap
Baliya_Gadwar.general,19,6,13,up,2010,mean_gap
Baliya_Hanumanganj.general,22,7,15,up,2010,mean_gap
Baliya_Maniyar.general,9,0,9,up,2010,mean_gap
Baliya_Murli Chappa.general,9,3,6,up,2010,mean_gap
Baliya_Nagra.general,21,6,15,up,2010,mean_gap
Baliya_Nawanagar.general,13,3,10,up,2010,mean_gap
Baliya_Pandah.general,17,6,11,up,2010,mean_gap
Baliya_Rasra.general,25,8,17,up,2010,mean_gap
Baliya_Revti.general,14,6,8,up,2010,mean_gap
Baliya_Sier.general,22,6,16,up,2010,mean_gap
Baliya_Sohaon.general,19,5,14,up,2010,mean_gap
Banda_Baberu.general,21,8,13,up,2010,mean_gap
Banda_Badokhar Khurd.general,17,8,9,up,2010,mean_gap
Banda_Bissanda.general,17,6,11,up,2010,mean_gap
Banda_Jaspura.general,14,3,11,up,2010,mean_gap
Banda_Kamasin.general,16,6,10,up,2010,mean_gap
Banda_Mahua.general,27,6,21,up,2010,mean_gap
Banda_Narani.general,28,9,19,up,2010,mean_gap
Banda_Tindwaari.general,13,5,8,up,2010,mean_gap
Barabanki_Banikoder.general,21,6,15,up,2010,mean_gap
Barabanki_Banki.general,14,6,8,up,2010,mean_gap
Barabanki_Dariyabad.general,13,0,13,up,2010,mean_gap
Barabanki_Dewan.general,22,8,14,up,2010,mean_gap
Barabanki_Haidarganj.general,21,6,15,up,2010,mean_gap
Barabanki_Harakh.general,15,6,9,up,2010,mean_gap
Barabanki_masauli.general,15,4,11,up,2010,mean_gap
Barabanki_Nindur.general,24,9,15,up,2010,mean_gap
Barabanki_Puredlai.general,8,7,1,up,2010,mean_gap
Barabanki_Ramnagar.general,28,8,20,up,2010,mean_gap
Barabanki_Siddhaur.general,23,7,16,up,2010,mean_gap
Barabanki_Sirauli Gauspur.general,25,9,16,up,2010,mean_gap
Barabanki_Suratganj.general,28,8,20,up,2010,mean_gap
Barabanki_Trivediganj.general,23,4,19,up,2010,mean_gap
Bareilly_Alampur Jafrabaad.general,32,10,22,up,2010,mean_gap
Bareilly_Bahedi.general,30,8,22,up,2010,mean_gap
Bareilly_Bhadpura.general,13,5,8,up,2010,mean_gap
Bareilly_Bhojipura.general,30,10,20,up,2010,mean_gap
Bareilly_Bhuta.general,28,11,17,up,2010,mean_gap
Bareilly_Damkhoda.general,17,6,11,up,2010,mean_gap
Bareilly_Faridpur.general,20,6,14,up,2010,mean_gap
Bareilly_Fatehganj ( P O ).general,21,4,17,up,2010,mean_gap
Bareilly_Kyara.general,6,2,4,up,2010,mean_gap
Bareilly_Majhgawan.general,23,7,16,up,2010,mean_gap
Bareilly_Mirganj.general,20,4,16,up,2010,mean_gap
Bareilly_Nawabganj.general,20,3,17,up,2010,mean_gap
Bareilly_Shergarh.general,11,4,7,up,2010,mean_gap
Basti_Bahadurpur.general,27,9,18,up,2010,mean_gap
Basti_Bankati.general,13,7,6,up,2010,mean_gap
Basti_Basti.general,25,5,20,up,2010,mean_gap
Basti_Bikramjot.general,23,8,15,up,2010,mean_gap
Basti_Dubaulia.general,16,6,10,up,2010,mean_gap
Basti_Gour.general,26,8,18,up,2010,mean_gap
Basti_Hareya.general,30,11,19,up,2010,mean_gap
Basti_Kaptaiganj.general,15,5,10,up,2010,mean_gap
Basti_Kudrah.general,23,8,15,up,2010,mean_gap
Basti_Parsrampur.general,25,7,18,up,2010,mean_gap
Basti_Ramnagar.general,23,8,15,up,2010,mean_gap
Basti_Raudhauli.general,24,8,16,up,2010,mean_gap
Basti_Saltoya Gopalpur.general,9,9,0,up,2010,mean_gap
Basti_Saugahat.general,11,7,4,up,2010,mean_gap
Bijnaur_Afzalgarah.general,14,4,10,up,2010,mean_gap
Bijnaur_Haldaur.general,28,10,18,up,2010,mean_gap
Bijnaur_Jalilpur.general,29,9,20,up,2010,mean_gap
Bijnaur_Kiratpur.general,9,3,6,up,2010,mean_gap
Bijnaur_Kotwali.general,46,14,32,up,2010,mean_gap
Bijnaur_Mau Pur Devmal.general,23,7,16,up,2010,mean_gap
Bijnaur_Najibabad.general,33,13,20,up,2010,mean_gap
Bijnaur_Noorpur.general,29,12,17,up,2010,mean_gap
Bijnaur_Syohara.general,25,9,16,up,2010,mean_gap
Budaun_Gunnaur.general,19,4,15,up,2010,mean_gap
Budaun_Junawai.general,25,7,18,up,2010,mean_gap
Bulandshahr_Agauta.general,18,3,15,up,2010,mean_gap
Bulandshahr_Anupshahr.general,11,3,8,up,2010,mean_gap
Bulandshahr_Arniyaan.general,17,4,13,up,2010,mean_gap
Bulandshahr_B. B. Nagar.general,5,0,5,up,2010,mean_gap
Bulandshahr_Bulandshahr.general,18,5,13,up,2010,mean_gap
Bulandshahr_Danpur.general,3,2,1,up,2010,mean_gap
Bulandshahr_Dibai.general,1,1,0,up,2010,mean_gap
Bulandshahr_Gulawati.general,11,3,8,up,2010,mean_gap
Bulandshahr_Jahangirabad.general,12,4,8,up,2010,mean_gap
Bulandshahr_Khujra.general,22,7,15,up,2010,mean_gap
Bulandshahr_Lakhauti.general,16,5,11,up,2010,mean_gap
Bulandshahr_Pahasu.general,5,2,3,up,2010,mean_gap
Bulandshahr_Shikarpur.general,7,0,7,up,2010,mean_gap
Bulandshahr_Sikandrabad.general,28,9,19,up,2010,mean_gap
Bulandshahr_Siyana.general,6,2,4,up,2010,mean_gap
Bulandshahr_Unchagaon.general,7,0,7,up,2010,mean_gap
Chandauli_Barhani.general,10,2,8,up,2010,mean_gap
Chandauli_Chahniya.general,23,6,17,up,2010,mean_gap
Chandauli_Chakia.general,23,7,16,up,2010,mean_gap
Chandauli_Dhanapur.general,5,2,3,up,2010,mean_gap
Chandauli_Naugadh.general,8,1,7,up,2010,mean_gap
Chandauli_Niyamatabad.general,16,4,12,up,2010,mean_gap
Chandauli_Sakaldeeha.general,20,6,14,up,2010,mean_gap
Chandauli_Shahababganj.general,13,5,8,up,2010,mean_gap
Chitrakoot_Karwi (Chitrakoot).general,32,12,20,up,2010,mean_gap
Chitrakoot_Manikpur.general,21,8,13,up,2010,mean_gap
Chitrakoot_Mau.general,14,6,8,up,2010,mean_gap
Chitrakoot_Pahadi.general,31,8,23,up,2010,mean_gap
Chitrakoot_Ramnagar.general,8,3,5,up,2010,mean_gap
Firozabad_Aaraon.general,16,7,9,up,2010,mean_gap
Firozabad_Eka.general,21,6,15,up,2010,mean_gap
Firozabad_Firozabad.general,19,5,14,up,2010,mean_gap
Firozabad_Hathwant.general,18,7,11,up,2010,mean_gap
Firozabad_Jasrana.general,19,4,15,up,2010,mean_gap
Firozabad_Madanpur.general,20,5,15,up,2010,mean_gap
Firozabad_Narkhi.general,9,2,7,up,2010,mean_gap
Firozabad_Shikohabad.general,19,7,12,up,2010,mean_gap
Firozabad_Tundla.general,12,7,5,up,2010,mean_gap
Gautam Buddha Nagar_Dadri.general,9,3,6,up,2010,mean_gap
Gautam Buddha Nagar_Jewar.general,5,0,5,up,2010,mean_gap
Gautam Buddha Nagar_Visarkh.general,5,1,4,up,2010,mean_gap
Ghaziabad_Bhojpur.general,4,1,3,up,2010,mean_gap
Ghaziabad_Dhaulana.general,15,7,8,up,2010,mean_gap
Ghaziabad_Garhmukteshwar.general,16,5,11,up,2010,mean_gap
Ghaziabad_Hapur.general,28,8,20,up,2010,mean_gap
Ghaziabad_Loni.general,7,2,5,up,2010,mean_gap
Ghaziabad_Muradnagar.general,1,1,0,up,2010,mean_gap
Ghaziabad_Rajapur.general,9,3,6,up,2010,mean_gap
Ghaziabad_Simbhavli.general,22,5,17,up,2010,mean_gap
Ghazipur_Barachwar.general,21,6,15,up,2010,mean_gap
Ghazipur_Bhadaura.general,15,3,12,up,2010,mean_gap
Ghazipur_Jakhniya.general,26,8,18,up,2010,mean_gap
Ghazipur_Jamaniya.general,10,5,5,up,2010,mean_gap
Ghazipur_Karanda.general,10,3,7,up,2010,mean_gap
Ghazipur_Kasimabad.general,32,11,21,up,2010,mean_gap
Ghazipur_Manihari.general,17,6,11,up,2010,mean_gap
Ghazipur_Mardan.general,20,5,15,up,2010,mean_gap
Ghazipur_Muhammadabad.general,24,8,16,up,2010,mean_gap
Ghazipur_Revatipur.general,9,3,6,up,2010,mean_gap
Ghazipur_Sadaat.general,25,7,18,up,2010,mean_gap
Ghazipur_Sadar.general,14,3,11,up,2010,mean_gap
Ghazipur_Saidpur.general,26,10,16,up,2010,mean_gap
Ghazipur_Virano.general,13,6,7,up,2010,mean_gap
Gonda_Belasar.general,19,7,12,up,2010,mean_gap
Gonda_Bhabha njot.general,19,6,13,up,2010,mean_gap
Gonda_Chhapia.general,31,9,22,up,2010,mean_gap
Gonda_Etiyathok.general,27,7,20,up,2010,mean_gap
Gonda_Haladharamuu.general,22,6,16,up,2010,mean_gap
Gonda_Jhanjhari.general,27,8,19,up,2010,mean_gap
Gonda_Karnailganj.general,30,9,21,up,2010,mean_gap
Gonda_Katra Bazar.general,23,8,15,up,2010,mean_gap
Gonda_Manakapur.general,17,8,9,up,2010,mean_gap
Gonda_Mujehana.general,24,8,16,up,2010,mean_gap
Gonda_Nawabganj.general,17,8,9,up,2010,mean_gap
Gonda_Pandri Kripal.general,17,7,10,up,2010,mean_gap
Gonda_Parsapur.general,17,0,17,up,2010,mean_gap
Gonda_Rupaidih.general,19,3,16,up,2010,mean_gap
Gonda_Tarabganj.general,17,6,11,up,2010,mean_gap
Gonda_Wazirganj.general,27,11,16,up,2010,mean_gap
Gorakhpur_Barhalganj.general,8,2,6,up,2010,mean_gap
Gorakhpur_Belghat.general,26,9,17,up,2010,mean_gap
Gorakhpur_Bosagaon.general,17,7,10,up,2010,mean_gap
Gorakhpur_Brahmpur.general,8,2,6,up,2010,mean_gap
Gorakhpur_Chargaawon.general,5,3,2,up,2010,mean_gap
Gorakhpur_Gagaha.general,21,7,14,up,2010,mean_gap
Gorakhpur_Gola.general,19,10,9,up,2010,mean_gap
Gorakhpur_J. O. Kauriya.general,12,2,10,up,2010,mean_gap
Gorakhpur_Kauriram.general,17,6,11,up,2010,mean_gap
Gorakhpur_Khajni.general,25,7,18,up,2010,mean_gap
Gorakhpur_Khorabaar.general,7,1,6,up,2010,mean_gap
Gorakhpur_Pali.general,11,5,6,up,2010,mean_gap
Gorakhpur_Piparoli.general,12,2,10,up,2010,mean_gap
Gorakhpur_Pipraich.general,18,4,14,up,2010,mean_gap
Gorakhpur_Sardarnagar.general,9,4,5,up,2010,mean_gap
Gorakhpur_Uruvaon.general,23,8,15,up,2010,mean_gap
Hamirpur_Gohand.general,9,3,6,up,2010,mean_gap
Hamirpur_Kurara.general,6,3,3,up,2010,mean_gap
Hamirpur_Maudha.general,16,5,11,up,2010,mean_gap
Hamirpur_Muskra.general,12,3,9,up,2010,mean_gap
Hamirpur_Raath.general,4,3,1,up,2010,mean_gap
Hamirpur_Sarila.general,12,5,7,up,2010,mean_gap
Hamirpur_Sumerpur.general,15,5,10,up,2010,mean_gap
Hardoi_Ahirorhi.general,26,9,17,up,2010,mean_gap
Hardoi_Barkhani.general,14,3,11,up,2010,mean_gap
Hardoi_Bawan.general,14,4,10,up,2010,mean_gap
Hardoi_Benhadar.general,17,6,11,up,2010,mean_gap
Hardoi_Bharawan.general,19,5,14,up,2010,mean_gap
Hardoi_Bilgraam.general,29,10,19,up,2010,mean_gap
Hardoi_Hariyawan.general,16,6,10,up,2010,mean_gap
Hardoi_Harpalpur.general,20,7,13,up,2010,mean_gap
Hardoi_Kachauna.general,10,2,8,up,2010,mean_gap
Hardoi_Kothawan.general,15,4,11,up,2010,mean_gap
Hardoi_Madhauganj.general,18,6,12,up,2010,mean_gap
Hardoi_Mallawan.general,10,2,8,up,2010,mean_gap
Hardoi_Pihani.general,21,6,15,up,2010,mean_gap
Hardoi_Sandi.general,18,8,10,up,2010,mean_gap
Hardoi_Sandila.general,19,5,14,up,2010,mean_gap
Hardoi_Shahabaad.general,18,3,15,up,2010,mean_gap
Hardoi_Surusa.general,17,7,10,up,2010,mean_gap
Hardoi_Tadiyawan.general,19,5,14,up,2010,mean_gap
Hardoi_Todarpur.general,17,8,9,up,2010,mean_gap
Hathras_Hasayan.general,20,5,15,up,2010,mean_gap
Hathras_Mursan.general,22,9,13,up,2010,mean_gap
Hathras_Sadabad.general,22,7,15,up,2010,mean_gap
Hathras_Sahpau.general,14,5,9,up,2010,mean_gap
Hathras_Sasni.general,19,6,13,up,2010,mean_gap
Hathras_Sikandra Rao.general,14,4,10,up,2010,mean_gap
Itawah_Badh. Pura.general,13,4,9,up,2010,mean_gap
Itawah_Basrehar.general,16,5,11,up,2010,mean_gap
Itawah_Bharathana.general,19,5,14,up,2010,mean_gap
Itawah_Chakarnagar.general,16,5,11,up,2010,mean_gap
Itawah_Jaswantnagar.general,18,7,11,up,2010,mean_gap
Itawah_Mahewa.general,25,9,16,up,2010,mean_gap
Itawah_Saifai.general,7,1,6,up,2010,mean_gap
Itawah_Takha.general,7,0,7,up,2010,mean_gap
Jalaun_Dakor.general,21,8,13,up,2010,mean_gap
Jalaun_Jalaun.general,22,9,13,up,2010,mean_gap
Jalaun_Kadoura.general,16,5,11,up,2010,mean_gap
Jalaun_Kochan.general,7,1,6,up,2010,mean_gap
Jalaun_Kuthound.general,19,8,11,up,2010,mean_gap
Jalaun_Mahewa.general,19,6,13,up,2010,mean_gap
Jalaun_Nadigaon.general,13,5,8,up,2010,mean_gap
Jalaun_Rampura.general,7,2,5,up,2010,mean_gap
Jaunpur_Badlapur.general,31,11,20,up,2010,mean_gap
Jaunpur_Buxa.general,15,8,7,up,2010,mean_gap
Jaunpur_Dobhi.general,1,1,0,up,2010,mean_gap
Jaunpur_Jalalpur.general,2,0,2,up,2010,mean_gap
Jaunpur_Karanja Kala.general,2,0,2,up,2010,mean_gap
Jaunpur_Kerakat.general,2,2,0,up,2010,mean_gap
Jaunpur_Khutahan.general,17,5,12,up,2010,mean_gap
Jaunpur_Machhalishahr.general,1,0,1,up,2010,mean_gap
Jaunpur_Maharajganj.general,30,9,21,up,2010,mean_gap
Jaunpur_Ramnagar.general,2,0,2,up,2010,mean_gap
Jaunpur_Rampur.general,1,0,1,up,2010,mean_gap
Jaunpur_Shahganj Sodhi.general,12,2,10,up,2010,mean_gap
Jaunpur_Sikarara.general,2,0,2,up,2010,mean_gap
Jaunpur_Srikoni.general,2,0,2,up,2010,mean_gap
Jaunpur_Suitha Kala.general,12,6,6,up,2010,mean_gap
Jaunpur_Sujangang.general,2,2,0,up,2010,mean_gap
Jhanshi_Babina.general,20,7,13,up,2010,mean_gap
Jhanshi_Badagaon.general,9,3,6,up,2010,mean_gap
Jhanshi_Bamour.general,24,8,16,up,2010,mean_gap
Jhanshi_Chirgaon.general,15,5,10,up,2010,mean_gap
Jhanshi_Moth.general,26,9,17,up,2010,mean_gap
Kannauj_Chhibramau.general,35,9,26,up,2010,mean_gap
Kannauj_Gugapur.general,7,3,4,up,2010,mean_gap
Kannauj_Haseran.general,13,5,8,up,2010,mean_gap
Kannauj_Jalalabad.general,11,4,7,up,2010,mean_gap
Kannauj_Kannauj.general,24,6,18,up,2010,mean_gap
Kannauj_Saurkh.general,17,6,11,up,2010,mean_gap
Kannauj_Umarda.general,28,9,19,up,2010,mean_gap
Kanpur Nagar_Bhitar Gaon.general,26,8,18,up,2010,mean_gap
Kanpur Nagar_Bilhaur.general,15,1,14,up,2010,mean_gap
Kanpur Nagar_Chaubepur.general,20,6,14,up,2010,mean_gap
Kanpur Nagar_Ghatampur.general,14,0,14,up,2010,mean_gap
Kanpur Nagar_Kakwan.general,7,2,5,up,2010,mean_gap
Kanpur Nagar_Kalyanpur.general,11,3,8,up,2010,mean_gap
Kanpur Nagar_Patara.general,18,6,12,up,2010,mean_gap
Kanpur Nagar_Sarasaul.general,3,1,2,up,2010,mean_gap
Kanpur Nagar_Shivrajpur.general,14,0,14,up,2010,mean_gap
Kanpur Nagar_Vidhnu.general,9,0,9,up,2010,mean_gap
Kaushambi_Chayal.general,4,1,3,up,2010,mean_gap
Kaushambi_Kara.general,14,3,11,up,2010,mean_gap
Kaushambi_Kaushambi.general,14,3,11,up,2010,mean_gap
Kaushambi_Manjhanpur.general,1,0,1,up,2010,mean_gap
Kaushambi_Muratganj.general,13,3,10,up,2010,mean_gap
Kaushambi_NEWADA.general,23,7,16,up,2010,mean_gap
Kaushambi_Sarsawa.general,7,0,7,up,2010,mean_gap
Kaushambi_Sirathu.general,26,10,16,up,2010,mean_gap
Kushinagar_Fazilnagar.general,24,10,14,up,2010,mean_gap
Kushinagar_Hata.general,17,6,11,up,2010,mean_gap
Kushinagar_Kaptaiganj.general,26,10,16,up,2010,mean_gap
Kushinagar_Kasaya.general,6,3,3,up,2010,mean_gap
Kushinagar_Khadda.general,17,6,11,up,2010,mean_gap
Kushinagar_Moti Chak.general,23,6,17,up,2010,mean_gap
Kushinagar_Nebua Naurangia.general,19,8,11,up,2010,mean_gap
Kushinagar_Padrauna.general,21,6,15,up,2010,mean_gap
Kushinagar_Ramkola.general,14,2,12,up,2010,mean_gap
Kushinagar_Sewarhi.general,10,4,6,up,2010,mean_gap
Kushinagar_Sukaroli.general,14,2,12,up,2010,mean_gap
Kushinagar_Tamkuhiraj.general,22,8,14,up,2010,mean_gap
Kushinagar_Vishunpura.general,22,4,18,up,2010,mean_gap
Lakhimpur Khiri_Bankeganj.general,11,2,9,up,2010,mean_gap
Lakhimpur Khiri_Bijua.general,26,8,18,up,2010,mean_gap
Lakhimpur Khiri_Dhaurhara.general,14,4,10,up,2010,mean_gap
Lakhimpur Khiri_Gola (Kumbhi).general,21,7,14,up,2010,mean_gap
Lakhimpur Khiri_Isanagar.general,29,9,20,up,2010,mean_gap
Lakhimpur Khiri_Lakhimpur.general,27,11,16,up,2010,mean_gap
Lakhimpur Khiri_Mitauli.general,28,12,16,up,2010,mean_gap
Lakhimpur Khiri_Mohammadi.general,27,7,20,up,2010,mean_gap
Lakhimpur Khiri_Nakha.general,12,4,8,up,2010,mean_gap
Lakhimpur Khiri_Nighasan.general,21,7,14,up,2010,mean_gap
Lakhimpur Khiri_Palia.general,14,5,9,up,2010,mean_gap
Lakhimpur Khiri_Pasgawan.general,32,5,27,up,2010,mean_gap
Lakhimpur Khiri_Phoolbehad.general,24,7,17,up,2010,mean_gap
Lakhimpur Khiri_Ramiyabehar.general,18,6,12,up,2010,mean_gap
Lalitpur_Baar.general,14,5,9,up,2010,mean_gap
Lalitpur_Jakhaura.general,26,6,20,up,2010,mean_gap
Lalitpur_Mahrauni.general,16,5,11,up,2010,mean_gap
Lalitpur_Maraawara.general,17,5,12,up,2010,mean_gap
Lalitpur_Talbehat.general,11,4,7,up,2010,mean_gap
Lalitpur_Virddha.general,24,8,16,up,2010,mean_gap
Maharajganj_Brajamangnaj.general,23,8,15,up,2010,mean_gap
Maharajganj_Dhani.general,8,3,5,up,2010,mean_gap
Maharajganj_Ferenda.general,20,7,13,up,2010,mean_gap
Maharajganj_Ghughli.general,18,6,12,up,2010,mean_gap
Maharajganj_Lakshmipur.general,21,4,17,up,2010,mean_gap
Maharajganj_Maharajganj Sadar.general,15,4,11,up,2010,mean_gap
Maharajganj_Mithoura.general,24,9,15,up,2010,mean_gap
Maharajganj_Nautanwa.general,18,7,11,up,2010,mean_gap
Maharajganj_Nichlaul.general,26,10,16,up,2010,mean_gap
Maharajganj_Paniyara.general,15,6,9,up,2010,mean_gap
Maharajganj_Partawal.general,23,7,16,up,2010,mean_gap
Maharajganj_Siswa Bazar.general,12,3,9,up,2010,mean_gap
Mahoba_Charkhari.general,10,3,7,up,2010,mean_gap
Mahoba_Jaitpur.general,6,3,3,up,2010,mean_gap
Mahoba_Kabrai.general,19,6,13,up,2010,mean_gap
Mainpuri_Barnahal.general,18,8,10,up,2010,mean_gap
Mainpuri_Bebar.general,28,9,19,up,2010,mean_gap
Mainpuri_Ghiror.general,22,5,17,up,2010,mean_gap
Mainpuri_Jagir.general,14,4,10,up,2010,mean_gap
Mainpuri_Karhal.general,20,6,14,up,2010,mean_gap
Mainpuri_Kurawli.general,17,8,9,up,2010,mean_gap
Mainpuri_Mainpuri.general,19,7,12,up,2010,mean_gap
Mainpuri_Sultanganj.general,24,8,16,up,2010,mean_gap
Mau_Baragaon.general,16,7,9,up,2010,mean_gap
Mau_Dohrighat.general,23,10,13,up,2010,mean_gap
Mau_Ghosi.general,18,6,12,up,2010,mean_gap
Mau_Kopaganj.general,16,5,11,up,2010,mean_gap
Mau_Muhammadabad.general,22,8,14,up,2010,mean_gap
Mau_Pardha.general,5,2,3,up,2010,mean_gap
Mau_Ranipur.general,22,8,14,up,2010,mean_gap
Mau_Ratanpura.general,14,5,9,up,2010,mean_gap
Mirzapur_Chhaanbe.general,20,5,15,up,2010,mean_gap
Mirzapur_Halia.general,28,7,21,up,2010,mean_gap
Mirzapur_Jamalpur.general,1,0,1,up,2010,mean_gap
Mirzapur_Kon (Cheelha).general,10,3,7,up,2010,mean_gap
Mirzapur_Lalganj.general,18,5,13,up,2010,mean_gap
Mirzapur_Majhwan.general,6,1,5,up,2010,mean_gap
Mirzapur_Narayanpur.general,18,13,5,up,2010,mean_gap
Mirzapur_Pahadi.general,13,4,9,up,2010,mean_gap
Mirzapur_Rajgarh.general,26,6,20,up,2010,mean_gap
Mirzapur_Seekhar.general,7,3,4,up,2010,mean_gap
Muradabad_Asamoli.general,15,3,12,up,2010,mean_gap
Muradabad_Bahjoi.general,4,1,3,up,2010,mean_gap
Muradabad_Bilari.general,15,4,11,up,2010,mean_gap
Muradabad_Chhajlait.general,7,2,5,up,2010,mean_gap
Muradabad_Dilari.general,31,11,20,up,2010,mean_gap
Muradabad_Dingarpur (Kundarki).general,34,9,25,up,2010,mean_gap
Muradabad_Mudhaa Pandey.general,23,4,19,up,2010,mean_gap
Muradabad_Muradabad.general,19,6,13,up,2010,mean_gap
Muradabad_Panwasa.general,12,3,9,up,2010,mean_gap
Muradabad_Sambhal.general,16,3,13,up,2010,mean_gap
Muradabad_Thakurdwara.general,23,5,18,up,2010,mean_gap
Muzzafarnagar_Baghra.general,13,4,9,up,2010,mean_gap
Muzzafarnagar_Budhana.general,13,6,7,up,2010,mean_gap
Muzzafarnagar_Charthaawal.general,14,4,10,up,2010,mean_gap
Muzzafarnagar_Jansath.general,7,3,4,up,2010,mean_gap
Muzzafarnagar_Kairana.general,7,3,4,up,2010,mean_gap
Muzzafarnagar_Kandla.general,9,4,5,up,2010,mean_gap
Muzzafarnagar_Khatauli.general,22,9,13,up,2010,mean_gap
Muzzafarnagar_Morna.general,13,4,9,up,2010,mean_gap
Muzzafarnagar_Purkaji.general,9,0,9,up,2010,mean_gap
Muzzafarnagar_Sadar.general,5,2,3,up,2010,mean_gap
Muzzafarnagar_Shahpur.general,7,2,5,up,2010,mean_gap
Muzzafarnagar_Shamli.general,13,5,8,up,2010,mean_gap
Muzzafarnagar_Un.general,12,3,9,up,2010,mean_gap
Pilibhit_Amariya.general,33,16,17,up,2010,mean_gap
Pilibhit_Barkheda.general,27,9,18,up,2010,mean_gap
Pilibhit_Bilsanda.general,27,10,17,up,2010,mean_gap
Pilibhit_Bisalpur.general,27,9,18,up,2010,mean_gap
Pilibhit_Lalauri Kheda.general,17,1,16,up,2010,mean_gap
Pilibhit_Marauri.general,18,4,14,up,2010,mean_gap
Pilibhit_Purnanpur.general,32,9,23,up,2010,mean_gap
Pratapgarh_Baabaa Belkharnath Dhaam.general,24,6,18,up,2010,mean_gap
Pratapgarh_Baabaganj.general,22,7,15,up,2010,mean_gap
Pratapgarh_Bihar.general,22,7,15,up,2010,mean_gap
Pratapgarh_Gaura.general,12,6,6,up,2010,mean_gap
Pratapgarh_Kalakankar.general,18,7,11,up,2010,mean_gap
Pratapgarh_Kunda.general,30,10,20,up,2010,mean_gap
Pratapgarh_Lakshmanpur.general,23,9,14,up,2010,mean_gap
Pratapgarh_Lalganj.general,11,3,8,up,2010,mean_gap
Pratapgarh_Magraura.general,22,7,15,up,2010,mean_gap
Pratapgarh_Mandhaata.general,17,8,9,up,2010,mean_gap
Pratapgarh_Patti.general,18,5,13,up,2010,mean_gap
Pratapgarh_Sadar.general,14,4,10,up,2010,mean_gap
Pratapgarh_Sandwaa Chandrika.general,16,4,12,up,2010,mean_gap
Pratapgarh_Sangipur.general,22,6,16,up,2010,mean_gap
Pratapgarh_Shivgarh.general,16,4,12,up,2010,mean_gap
Rae bareli_Amawan.general,10,1,9,up,2010,mean_gap
Rae bareli_Bachhrawan.general,17,6,11,up,2010,mean_gap
Rae bareli_Dalmau.general,21,6,15,up,2010,mean_gap
Rae bareli_Deenshaahgaura.general,12,4,8,up,2010,mean_gap
Rae bareli_Harchandpur.general,15,6,9,up,2010,mean_gap
Rae bareli_Khiro.general,20,5,15,up,2010,mean_gap
Rae bareli_Lalganj.general,16,3,13,up,2010,mean_gap
Rae bareli_Maharajganj.general,17,4,13,up,2010,mean_gap
Rae bareli_Rahi.general,18,5,13,up,2010,mean_gap
Rae bareli_Rohanea.general,4,1,3,up,2010,mean_gap
Rae bareli_Sareni.general,25,8,17,up,2010,mean_gap
Rae bareli_Sataon.general,13,4,9,up,2010,mean_gap
Rae bareli_Shivgarh.general,11,4,7,up,2010,mean_gap
Rae bareli_Unchahaar.general,15,5,10,up,2010,mean_gap
Rampur_Bilaaspur.general,35,10,25,up,2010,mean_gap
Rampur_Milk.general,52,0,52,up,2010,mean_gap
Rampur_Saidnagar.general,23,7,16,up,2010,mean_gap
Saharanpur_Baliyakhedi.general,21,8,13,up,2010,mean_gap
Saharanpur_Devbanda.general,17,5,12,up,2010,mean_gap
Saharanpur_Gangoh.general,17,5,12,up,2010,mean_gap
Saharanpur_Muzaffarabad.general,27,8,19,up,2010,mean_gap
Saharanpur_Nagal.general,11,3,8,up,2010,mean_gap
Saharanpur_Nakud.general,24,8,16,up,2010,mean_gap
Saharanpur_Rampur Maniharan.general,14,5,9,up,2010,mean_gap
Saharanpur_Sarsawa.general,19,6,13,up,2010,mean_gap
Sant Kabeer Nagar_Baghauli.general,27,8,19,up,2010,mean_gap
Sant Kabeer Nagar_Belhar Kala.general,18,4,14,up,2010,mean_gap
Sant Kabeer Nagar_Khalilabad.general,18,5,13,up,2010,mean_gap
Sant Kabeer Nagar_Mehdawal.general,20,6,14,up,2010,mean_gap
Sant Kabeer Nagar_Nathnagar.general,22,5,17,up,2010,mean_gap
Sant Kabeer Nagar_Pauli.general,9,4,5,up,2010,mean_gap
Sant Kabeer Nagar_Sautha.general,9,3,6,up,2010,mean_gap
Sant Kabeer Nagar_Semriyawa.general,24,8,16,up,2010,mean_gap
Sant Ravidas Nagar_Abholi.general,10,2,8,up,2010,mean_gap
Sant Ravidas Nagar_Aurain.general,36,13,23,up,2010,mean_gap
Sant Ravidas Nagar_Bhadohi.general,16,7,9,up,2010,mean_gap
Sant Ravidas Nagar_Deegh.general,2,1,1,up,2010,mean_gap
Sant Ravidas Nagar_Gyanpur.general,3,0,3,up,2010,mean_gap
Sant Ravidas Nagar_Suriyawan.general,18,4,14,up,2010,mean_gap
Shravasti_Gilola.general,23,8,15,up,2010,mean_gap
Shravasti_Hariharpur Rani.general,20,9,11,up,2010,mean_gap
Shravasti_Ikouna.general,29,10,19,up,2010,mean_gap
Shravasti_Jamunha.general,29,10,19,up,2010,mean_gap
Shravasti_Sirsia.general,30,9,21,up,2010,mean_gap
Siddharth Nagar_Badhni.general,17,8,9,up,2010,mean_gap
Siddharth Nagar_Bansi.general,18,5,13,up,2010,mean_gap
Siddharth Nagar_Bhanwaapur.general,23,5,18,up,2010,mean_gap
Siddharth Nagar_Dumriaganj.general,41,13,28,up,2010,mean_gap
Siddharth Nagar_Itwa.general,25,7,18,up,2010,mean_gap
Siddharth Nagar_Jogiya.general,18,5,13,up,2010,mean_gap
Siddharth Nagar_Khesarha.general,28,5,23,up,2010,mean_gap
Siddharth Nagar_Khuniyav.general,22,8,14,up,2010,mean_gap
Siddharth Nagar_Lotan Bazar.general,18,6,12,up,2010,mean_gap
Siddharth Nagar_Mithwal.general,27,8,19,up,2010,mean_gap
Siddharth Nagar_Naugadh.general,15,5,10,up,2010,mean_gap
Siddharth Nagar_Shohratgarh.general,15,5,10,up,2010,mean_gap
Siddharth Nagar_UskaBazar.general,13,5,8,up,2010,mean_gap
Sitapur_Ailiya.general,9,1,8,up,2010,mean_gap
Sitapur_Behata.general,2,1,1,up,2010,mean_gap
Sitapur_Biswan.general,26,7,19,up,2010,mean_gap
Sitapur_Gondlamau.general,8,2,6,up,2010,mean_gap
Sitapur_Hargaon.general,1,1,0,up,2010,mean_gap
Sitapur_Kasmanda.general,8,2,6,up,2010,mean_gap
Sitapur_Khairbad.general,21,7,14,up,2010,mean_gap
Sitapur_Machhrehta.general,25,8,17,up,2010,mean_gap
Sitapur_Mahmudabad.general,21,7,14,up,2010,mean_gap
Sitapur_Maholi.general,2,0,2,up,2010,mean_gap
Sitapur_Mishrikh.general,18,4,14,up,2010,mean_gap
Sitapur_Pahala.general,21,7,14,up,2010,mean_gap
Sitapur_Parsendi.general,5,3,2,up,2010,mean_gap
Sitapur_Pisawan.general,3,1,2,up,2010,mean_gap
Sitapur_Rampurmathura.general,8,2,6,up,2010,mean_gap
Sitapur_Reusaa.general,3,2,1,up,2010,mean_gap
Sitapur_Sakran.general,8,0,8,up,2010,mean_gap
Sitapur_Sidhauli.general,2,0,2,up,2010,mean_gap
Sonbhadra_Chatra.general,10,1,9,up,2010,mean_gap
Sonbhadra_Chopan.general,9,2,7,up,2010,mean_gap
Sonbhadra_Duddhi.general,7,1,6,up,2010,mean_gap
Sonbhadra_Ghorawal.general,34,13,21,up,2010,mean_gap
Sonbhadra_Myorpur.general,24,6,18,up,2010,mean_gap
Sonbhadra_Nagwan.general,4,1,3,up,2010,mean_gap
Sonbhadra_Robertsganj.general,22,10,12,up,2010,mean_gap
Sonbhadra_Vabhni.general,7,2,5,up,2010,mean_gap
Sultanpur_Akhandnagar.general,24,6,18,up,2010,mean_gap
Sultanpur_Baldirai.general,13,3,10,up,2010,mean_gap
Sultanpur_Bhaiyya.general,21,7,14,up,2010,mean_gap
Sultanpur_Dhanpat Ganj.general,17,5,12,up,2010,mean_gap
Sultanpur_Doobepur.general,29,9,20,up,2010,mean_gap
Sultanpur_Dostpur.general,9,1,8,up,2010,mean_gap
Sultanpur_Jaisinghpur.general,23,6,17,up,2010,mean_gap
Sultanpur_Kadipur.general,15,8,7,up,2010,mean_gap
Sultanpur_Kudebhar.general,21,6,15,up,2010,mean_gap
Sultanpur_Kudwar.general,17,7,10,up,2010,mean_gap
Sultanpur_Lambhua.general,24,7,17,up,2010,mean_gap
Sultanpur_Motigarpur.general,13,4,9,up,2010,mean_gap
Sultanpur_Pratappur Kemaicha.general,16,5,11,up,2010,mean_gap
Unnao_Asoha.general,1,0,1,up,2010,mean_gap
Unnao_Auras.general,21,8,13,up,2010,mean_gap
Unnao_Bangarmau.general,15,5,10,up,2010,mean_gap
Unnao_Bichiya.general,8,3,5,up,2010,mean_gap
Unnao_Bighapur.general,22,7,15,up,2010,mean_gap
Unnao_Fatehpur Chaurasi.general,15,7,8,up,2010,mean_gap
Unnao_Hasan ganj.general,27,8,19,up,2010,mean_gap
Unnao_Nawabganj.general,26,10,16,up,2010,mean_gap
Unnao_Purwa.general,6,2,4,up,2010,mean_gap
Unnao_Safipur.general,22,8,14,up,2010,mean_gap
Unnao_Si. Sirosi.general,2,0,2,up,2010,mean_gap
Unnao_Sikandarpur Karan.general,16,6,10,up,2010,mean_gap
Unnao_Sumerpur.general,24,7,17,up,2010,mean_gap
Varanasi_Araji Lines.general,43,17,26,up,2010,mean_gap
Varanasi_Badagaon.general,26,7,19,up,2010,mean_gap
Varanasi_Chiraigaon.general,11,3,8,up,2010,mean_gap
Varanasi_Cholapur.general,21,7,14,up,2010,mean_gap
Varanasi_Harhua.general,18,4,14,up,2010,mean_gap
Varanasi_Kashividyapeeth.general,18,7,11,up,2010,mean_gap
Varanasi_Pindra.general,35,12,23,up,2010,mean_gap
Varanasi_Sewapuri.general,35,14,21,up,2010,mean_gap
Agra_Achnera.obc,6,0,6,up,2010,mean_gap
Agra_Akolaa.obc,6,2,4,up,2010,mean_gap
Agra_Bah.obc,7,0,7,up,2010,mean_gap
Agra_Baroli Ahir.obc,9,0,9,up,2010,mean_gap
Agra_Bichpuri.obc,4,0,4,up,2010,mean_gap
Agra_Etmaadpur.obc,8,2,6,up,2010,mean_gap
Agra_Fatehabad.obc,11,5,6,up,2010,mean_gap
Agra_Fatehpur Seekri.obc,9,3,6,up,2010,mean_gap
Agra_Jagner.obc,3,0,3,up,2010,mean_gap
Agra_Khandoli.obc,6,1,5,up,2010,mean_gap
Agra_Pinahat.obc,5,2,3,up,2010,mean_gap
Agra_Shamshabaad.obc,8,4,4,up,2010,mean_gap
Ambedkar Nagar_Akbarpur.obc,23,7,16,up,2010,mean_gap
Ambedkar Nagar_Basakhari.obc,14,3,11,up,2010,mean_gap
Ambedkar Nagar_Bhiti.obc,9,4,5,up,2010,mean_gap
Ambedkar Nagar_Jahangirganj.obc,11,4,7,up,2010,mean_gap
Ambedkar Nagar_Jalalpur.obc,19,8,11,up,2010,mean_gap
Ambedkar Nagar_Katehri.obc,13,5,8,up,2010,mean_gap
Ambedkar Nagar_Miyan.obc,16,5,11,up,2010,mean_gap
Ambedkar Nagar_Ramnagar.obc,21,8,13,up,2010,mean_gap
Ambedkar Nagar_Tanda.obc,19,7,12,up,2010,mean_gap
Auraiya_Achhaldaa.obc,8,3,5,up,2010,mean_gap
Auraiya_Ajitmal.obc,10,4,6,up,2010,mean_gap
Auraiya_Auraiya.obc,15,4,11,up,2010,mean_gap
Auraiya_Bhagyanagar.obc,14,5,9,up,2010,mean_gap
Auraiya_Eva Katra.obc,6,2,4,up,2010,mean_gap
Auraiya_Sahar.obc,15,5,10,up,2010,mean_gap
Auraiya_Vidhuna.obc,11,4,7,up,2010,mean_gap
Bagpat_Bagpat.obc,4,2,2,up,2010,mean_gap
Bagpat_Baraut.obc,6,2,4,up,2010,mean_gap
Bagpat_Binauli.obc,6,3,3,up,2010,mean_gap
Bagpat_Chhaparauli.obc,4,2,2,up,2010,mean_gap
Bagpat_Khekhada.obc,5,2,3,up,2010,mean_gap
Bagpat_Pilana.obc,8,3,5,up,2010,mean_gap
Bahraich_Balha.obc,3,0,3,up,2010,mean_gap
Bahraich_Fakhrpur.obc,15,5,10,up,2010,mean_gap
Bahraich_Huzurpur.obc,15,5,10,up,2010,mean_gap
Bahraich_Jarwal.obc,15,6,9,up,2010,mean_gap
Bahraich_Kaiserganj.obc,11,3,8,up,2010,mean_gap
Bahraich_Mahsi.obc,12,5,7,up,2010,mean_gap
Bahraich_Mihipurwa.obc,12,6,6,up,2010,mean_gap
Bahraich_Nawabganj.obc,11,5,6,up,2010,mean_gap
Bahraich_Prayagpur.obc,12,5,7,up,2010,mean_gap
Bahraich_Risia.obc,13,5,8,up,2010,mean_gap
Bahraich_Shivpur.obc,12,5,7,up,2010,mean_gap
Bahraich_Tajwapur.obc,14,4,10,up,2010,mean_gap
Bahraich_Visheshwarganj.obc,14,5,9,up,2010,mean_gap
Baliya_Baasadeeh.obc,6,3,3,up,2010,mean_gap
Baliya_Bairiya.obc,6,2,4,up,2010,mean_gap
Baliya_Belhari.obc,3,1,2,up,2010,mean_gap
Baliya_Berua Bari.obc,5,2,3,up,2010,mean_gap
Baliya_Chilakhar.obc,9,2,7,up,2010,mean_gap
Baliya_Gadwar.obc,10,4,6,up,2010,mean_gap
Baliya_Hanumanganj.obc,7,4,3,up,2010,mean_gap
Baliya_Maniyar.obc,14,3,11,up,2010,mean_gap
Baliya_Murli Chappa.obc,6,2,4,up,2010,mean_gap
Baliya_Nagra.obc,6,2,4,up,2010,mean_gap
Baliya_Nawanagar.obc,11,4,7,up,2010,mean_gap
Baliya_Pandah.obc,9,4,5,up,2010,mean_gap
Baliya_Rasra.obc,12,5,7,up,2010,mean_gap
Baliya_Revti.obc,5,1,4,up,2010,mean_gap
Baliya_Sier.obc,17,5,12,up,2010,mean_gap
Baliya_Sohaon.obc,10,5,5,up,2010,mean_gap
Banda_Baberu.obc,12,5,7,up,2010,mean_gap
Banda_Badokhar Khurd.obc,8,3,5,up,2010,mean_gap
Banda_Bissanda.obc,9,3,6,up,2010,mean_gap
Banda_Jaspura.obc,8,3,5,up,2010,mean_gap
Banda_Kamasin.obc,7,2,5,up,2010,mean_gap
Banda_Mahua.obc,14,5,9,up,2010,mean_gap
Banda_Narani.obc,16,7,9,up,2010,mean_gap
Banda_Tindwaari.obc,8,2,6,up,2010,mean_gap
Barabanki_Banikoder.obc,14,7,7,up,2010,mean_gap
Barabanki_Banki.obc,10,4,6,up,2010,mean_gap
Barabanki_Dariyabad.obc,20,0,20,up,2010,mean_gap
Barabanki_Dewan.obc,9,2,7,up,2010,mean_gap
Barabanki_Haidarganj.obc,12,4,8,up,2010,mean_gap
Barabanki_Harakh.obc,14,4,10,up,2010,mean_gap
Barabanki_masauli.obc,6,3,3,up,2010,mean_gap
Barabanki_Nindur.obc,12,4,8,up,2010,mean_gap
Barabanki_Puredlai.obc,8,0,8,up,2010,mean_gap
Barabanki_Ramnagar.obc,15,5,10,up,2010,mean_gap
Barabanki_Siddhaur.obc,17,5,12,up,2010,mean_gap
Barabanki_Sirauli Gauspur.obc,12,4,8,up,2010,mean_gap
Barabanki_Suratganj.obc,15,5,10,up,2010,mean_gap
Barabanki_Trivediganj.obc,14,5,9,up,2010,mean_gap
Bareilly_Alampur Jafrabaad.obc,15,4,11,up,2010,mean_gap
Bareilly_Bahedi.obc,17,6,11,up,2010,mean_gap
Bareilly_Bhadpura.obc,6,2,4,up,2010,mean_gap
Bareilly_Bhojipura.obc,12,3,9,up,2010,mean_gap
Bareilly_Bhuta.obc,15,6,9,up,2010,mean_gap
Bareilly_Damkhoda.obc,10,3,7,up,2010,mean_gap
Bareilly_Faridpur.obc,9,3,6,up,2010,mean_gap
Bareilly_Fatehganj ( P O ).obc,13,5,8,up,2010,mean_gap
Bareilly_Kyara.obc,3,1,2,up,2010,mean_gap
Bareilly_Majhgawan.obc,9,2,7,up,2010,mean_gap
Bareilly_Mirganj.obc,11,5,6,up,2010,mean_gap
Bareilly_Nawabganj.obc,6,1,5,up,2010,mean_gap
Bareilly_Shergarh.obc,9,2,7,up,2010,mean_gap
Basti_Bahadurpur.obc,9,4,5,up,2010,mean_gap
Basti_Bankati.obc,21,3,18,up,2010,mean_gap
Basti_Basti.obc,16,5,11,up,2010,mean_gap
Basti_Bikramjot.obc,18,5,13,up,2010,mean_gap
Basti_Dubaulia.obc,11,4,7,up,2010,mean_gap
Basti_Gour.obc,11,4,7,up,2010,mean_gap
Basti_Hareya.obc,12,3,9,up,2010,mean_gap
Basti_Kaptaiganj.obc,13,3,10,up,2010,mean_gap
Basti_Kudrah.obc,16,5,11,up,2010,mean_gap
Basti_Parsrampur.obc,13,6,7,up,2010,mean_gap
Basti_Ramnagar.obc,12,3,9,up,2010,mean_gap
Basti_Raudhauli.obc,11,3,8,up,2010,mean_gap
Basti_Saltoya Gopalpur.obc,36,5,31,up,2010,mean_gap
Basti_Saugahat.obc,23,5,18,up,2010,mean_gap
Bijnaur_Afzalgarah.obc,8,3,5,up,2010,mean_gap
Bijnaur_Haldaur.obc,15,7,8,up,2010,mean_gap
Bijnaur_Jalilpur.obc,18,7,11,up,2010,mean_gap
Bijnaur_Kiratpur.obc,4,0,4,up,2010,mean_gap
Bijnaur_Kotwali.obc,22,9,13,up,2010,mean_gap
Bijnaur_Mau Pur Devmal.obc,17,6,11,up,2010,mean_gap
Bijnaur_Najibabad.obc,21,6,15,up,2010,mean_gap
Bijnaur_Noorpur.obc,17,7,10,up,2010,mean_gap
Bijnaur_Syohara.obc,15,6,9,up,2010,mean_gap
Budaun_Gunnaur.obc,9,3,6,up,2010,mean_gap
Budaun_Junawai.obc,7,3,4,up,2010,mean_gap
Bulandshahr_Agauta.obc,7,4,3,up,2010,mean_gap
Bulandshahr_Anupshahr.obc,6,1,5,up,2010,mean_gap
Bulandshahr_Arniyaan.obc,3,1,2,up,2010,mean_gap
Bulandshahr_B. B. Nagar.obc,3,0,3,up,2010,mean_gap
Bulandshahr_Bulandshahr.obc,11,3,8,up,2010,mean_gap
Bulandshahr_Danpur.obc,1,0,1,up,2010,mean_gap
Bulandshahr_Dibai.obc,3,2,1,up,2010,mean_gap
Bulandshahr_Gulawati.obc,4,1,3,up,2010,mean_gap
Bulandshahr_Jahangirabad.obc,4,3,1,up,2010,mean_gap
Bulandshahr_Khujra.obc,7,3,4,up,2010,mean_gap
Bulandshahr_Lakhauti.obc,6,3,3,up,2010,mean_gap
Bulandshahr_Pahasu.obc,3,1,2,up,2010,mean_gap
Bulandshahr_Shikarpur.obc,1,0,1,up,2010,mean_gap
Bulandshahr_Sikandrabad.obc,12,7,5,up,2010,mean_gap
Bulandshahr_Siyana.obc,2,1,1,up,2010,mean_gap
Bulandshahr_Unchagaon.obc,6,2,4,up,2010,mean_gap
Chandauli_Barhani.obc,2,0,2,up,2010,mean_gap
Chandauli_Chahniya.obc,11,3,8,up,2010,mean_gap
Chandauli_Chakia.obc,11,3,8,up,2010,mean_gap
Chandauli_Dhanapur.obc,1,1,0,up,2010,mean_gap
Chandauli_Naugadh.obc,4,2,2,up,2010,mean_gap
Chandauli_Niyamatabad.obc,13,3,10,up,2010,mean_gap
Chandauli_Sakaldeeha.obc,12,4,8,up,2010,mean_gap
Chandauli_Shahababganj.obc,9,2,7,up,2010,mean_gap
Chitrakoot_Karwi (Chitrakoot).obc,14,4,10,up,2010,mean_gap
Chitrakoot_Manikpur.obc,8,3,5,up,2010,mean_gap
Chitrakoot_Mau.obc,7,4,3,up,2010,mean_gap
Chitrakoot_Pahadi.obc,15,5,10,up,2010,mean_gap
Chitrakoot_Ramnagar.obc,6,3,3,up,2010,mean_gap
Firozabad_Aaraon.obc,10,3,7,up,2010,mean_gap
Firozabad_Eka.obc,12,4,8,up,2010,mean_gap
Firozabad_Firozabad.obc,5,4,1,up,2010,mean_gap
Firozabad_Hathwant.obc,8,2,6,up,2010,mean_gap
Firozabad_Jasrana.obc,8,5,3,up,2010,mean_gap
Firozabad_Madanpur.obc,14,4,10,up,2010,mean_gap
Firozabad_Narkhi.obc,7,2,5,up,2010,mean_gap
Firozabad_Shikohabad.obc,9,3,6,up,2010,mean_gap
Firozabad_Tundla.obc,8,5,3,up,2010,mean_gap
Gautam Buddha Nagar_Dadri.obc,6,4,2,up,2010,mean_gap
Gautam Buddha Nagar_Jewar.obc,2,1,1,up,2010,mean_gap
Gautam Buddha Nagar_Visarkh.obc,2,0,2,up,2010,mean_gap
Ghaziabad_Dhaulana.obc,10,5,5,up,2010,mean_gap
Ghaziabad_Garhmukteshwar.obc,9,4,5,up,2010,mean_gap
Ghaziabad_Hapur.obc,11,3,8,up,2010,mean_gap
Ghaziabad_Loni.obc,3,1,2,up,2010,mean_gap
Ghaziabad_Muradnagar.obc,9,3,6,up,2010,mean_gap
Ghaziabad_Rajapur.obc,4,3,1,up,2010,mean_gap
Ghaziabad_Simbhavli.obc,10,3,7,up,2010,mean_gap
Ghazipur_Barachwar.obc,14,4,10,up,2010,mean_gap
Ghazipur_Bhadaura.obc,6,1,5,up,2010,mean_gap
Ghazipur_Jakhniya.obc,21,9,12,up,2010,mean_gap
Ghazipur_Jamaniya.obc,7,3,4,up,2010,mean_gap
Ghazipur_Karanda.obc,8,5,3,up,2010,mean_gap
Ghazipur_Kasimabad.obc,15,6,9,up,2010,mean_gap
Ghazipur_Manihari.obc,16,6,10,up,2010,mean_gap
Ghazipur_Mardan.obc,7,2,5,up,2010,mean_gap
Ghazipur_Muhammadabad.obc,16,6,10,up,2010,mean_gap
Ghazipur_Revatipur.obc,3,1,2,up,2010,mean_gap
Ghazipur_Sadaat.obc,9,5,4,up,2010,mean_gap
Ghazipur_Sadar.obc,8,3,5,up,2010,mean_gap
Ghazipur_Saidpur.obc,11,3,8,up,2010,mean_gap
Ghazipur_Virano.obc,10,3,7,up,2010,mean_gap
Gonda_Belasar.obc,7,2,5,up,2010,mean_gap
Gonda_Bhabha njot.obc,18,9,9,up,2010,mean_gap
Gonda_Chhapia.obc,17,7,10,up,2010,mean_gap
Gonda_Etiyathok.obc,14,4,10,up,2010,mean_gap
Gonda_Haladharamuu.obc,10,6,4,up,2010,mean_gap
Gonda_Jhanjhari.obc,18,7,11,up,2010,mean_gap
Gonda_Karnailganj.obc,11,5,6,up,2010,mean_gap
Gonda_Katra Bazar.obc,11,3,8,up,2010,mean_gap
Gonda_Manakapur.obc,21,7,14,up,2010,mean_gap
Gonda_Mujehana.obc,10,3,7,up,2010,mean_gap
Gonda_Nawabganj.obc,20,6,14,up,2010,mean_gap
Gonda_Pandri Kripal.obc,7,2,5,up,2010,mean_gap
Gonda_Parsapur.obc,13,1,12,up,2010,mean_gap
Gonda_Rupaidih.obc,10,3,7,up,2010,mean_gap
Gonda_Tarabganj.obc,9,3,6,up,2010,mean_gap
Gonda_Wazirganj.obc,10,4,6,up,2010,mean_gap
Gorakhpur_Barhalganj.obc,2,2,0,up,2010,mean_gap
Gorakhpur_Belghat.obc,14,5,9,up,2010,mean_gap
Gorakhpur_Bosagaon.obc,9,3,6,up,2010,mean_gap
Gorakhpur_Brahmpur.obc,9,3,6,up,2010,mean_gap
Gorakhpur_Chargaawon.obc,6,1,5,up,2010,mean_gap
Gorakhpur_Gagaha.obc,12,5,7,up,2010,mean_gap
Gorakhpur_Gola.obc,13,5,8,up,2010,mean_gap
Gorakhpur_J. O. Kauriya.obc,10,4,6,up,2010,mean_gap
Gorakhpur_Kauriram.obc,11,4,7,up,2010,mean_gap
Gorakhpur_Khajni.obc,16,7,9,up,2010,mean_gap
Gorakhpur_Khorabaar.obc,5,4,1,up,2010,mean_gap
Gorakhpur_Pali.obc,4,2,2,up,2010,mean_gap
Gorakhpur_Piparoli.obc,8,2,6,up,2010,mean_gap
Gorakhpur_Pipraich.obc,12,3,9,up,2010,mean_gap
Gorakhpur_Sardarnagar.obc,10,4,6,up,2010,mean_gap
Gorakhpur_Uruvaon.obc,12,3,9,up,2010,mean_gap
Hamirpur_Gohand.obc,7,2,5,up,2010,mean_gap
Hamirpur_Kurara.obc,4,2,2,up,2010,mean_gap
Hamirpur_Maudha.obc,9,5,4,up,2010,mean_gap
Hamirpur_Muskra.obc,5,2,3,up,2010,mean_gap
Hamirpur_Raath.obc,5,2,3,up,2010,mean_gap
Hamirpur_Sarila.obc,9,4,5,up,2010,mean_gap
Hamirpur_Sumerpur.obc,10,3,7,up,2010,mean_gap
Hardoi_Ahirorhi.obc,11,4,7,up,2010,mean_gap
Hardoi_Barkhani.obc,8,3,5,up,2010,mean_gap
Hardoi_Bawan.obc,11,3,8,up,2010,mean_gap
Hardoi_Benhadar.obc,10,1,9,up,2010,mean_gap
Hardoi_Bharawan.obc,5,1,4,up,2010,mean_gap
Hardoi_Bilgraam.obc,14,6,8,up,2010,mean_gap
Hardoi_Hariyawan.obc,8,3,5,up,2010,mean_gap
Hardoi_Harpalpur.obc,9,5,4,up,2010,mean_gap
Hardoi_Kachauna.obc,5,3,2,up,2010,mean_gap
Hardoi_Kothawan.obc,5,2,3,up,2010,mean_gap
Hardoi_Madhauganj.obc,8,3,5,up,2010,mean_gap
Hardoi_Mallawan.obc,6,2,4,up,2010,mean_gap
Hardoi_Pihani.obc,13,4,9,up,2010,mean_gap
Hardoi_Sandi.obc,9,4,5,up,2010,mean_gap
Hardoi_Sandila.obc,10,4,6,up,2010,mean_gap
Hardoi_Shahabaad.obc,13,5,8,up,2010,mean_gap
Hardoi_Surusa.obc,9,2,7,up,2010,mean_gap
Hardoi_Tadiyawan.obc,12,4,8,up,2010,mean_gap
Hardoi_Todarpur.obc,10,2,8,up,2010,mean_gap
Hathras_Hasayan.obc,11,5,6,up,2010,mean_gap
Hathras_Mursan.obc,13,5,8,up,2010,mean_gap
Hathras_Sadabad.obc,8,1,7,up,2010,mean_gap
Hathras_Sahpau.obc,11,4,7,up,2010,mean_gap
Hathras_Sasni.obc,14,4,10,up,2010,mean_gap
Hathras_Sikandra Rao.obc,10,4,6,up,2010,mean_gap
Itawah_Badh. Pura.obc,8,3,5,up,2010,mean_gap
Itawah_Basrehar.obc,11,3,8,up,2010,mean_gap
Itawah_Bharathana.obc,11,4,7,up,2010,mean_gap
Itawah_Chakarnagar.obc,7,3,4,up,2010,mean_gap
Itawah_Jaswantnagar.obc,12,5,7,up,2010,mean_gap
Itawah_Mahewa.obc,14,5,9,up,2010,mean_gap
Itawah_Saifai.obc,14,3,11,up,2010,mean_gap
Itawah_Takha.obc,3,2,1,up,2010,mean_gap
Jalaun_Dakor.obc,12,4,8,up,2010,mean_gap
Jalaun_Jalaun.obc,12,5,7,up,2010,mean_gap
Jalaun_Kadoura.obc,12,3,9,up,2010,mean_gap
Jalaun_Kochan.obc,4,1,3,up,2010,mean_gap
Jalaun_Kuthound.obc,14,6,8,up,2010,mean_gap
Jalaun_Mahewa.obc,10,4,6,up,2010,mean_gap
Jalaun_Nadigaon.obc,12,2,10,up,2010,mean_gap
Jalaun_Rampura.obc,14,3,11,up,2010,mean_gap
Jaunpur_Badlapur.obc,15,6,9,up,2010,mean_gap
Jaunpur_Buxa.obc,7,3,4,up,2010,mean_gap
Jaunpur_Karanja Kala.obc,1,1,0,up,2010,mean_gap
Jaunpur_Khutahan.obc,13,5,8,up,2010,mean_gap
Jaunpur_Machhalishahr.obc,1,1,0,up,2010,mean_gap
Jaunpur_Madiyahu.obc,1,0,1,up,2010,mean_gap
Jaunpur_Maharajganj.obc,17,7,10,up,2010,mean_gap
Jaunpur_Ramnagar.obc,1,0,1,up,2010,mean_gap
Jaunpur_Shahganj Sodhi.obc,5,2,3,up,2010,mean_gap
Jaunpur_Sikarara.obc,3,1,2,up,2010,mean_gap
Jaunpur_Suitha Kala.obc,6,3,3,up,2010,mean_gap
Jhanshi_Babina.obc,6,2,4,up,2010,mean_gap
Jhanshi_Badagaon.obc,6,2,4,up,2010,mean_gap
Jhanshi_Bamour.obc,9,3,6,up,2010,mean_gap
Jhanshi_Chirgaon.obc,8,2,6,up,2010,mean_gap
Jhanshi_Moth.obc,14,5,9,up,2010,mean_gap
Kannauj_Chhibramau.obc,18,6,12,up,2010,mean_gap
Kannauj_Gugapur.obc,5,2,3,up,2010,mean_gap
Kannauj_Haseran.obc,9,4,5,up,2010,mean_gap
Kannauj_Jalalabad.obc,8,2,6,up,2010,mean_gap
Kannauj_Kannauj.obc,13,4,9,up,2010,mean_gap
Kannauj_Saurkh.obc,11,6,5,up,2010,mean_gap
Kannauj_Umarda.obc,11,3,8,up,2010,mean_gap
Kanpur Nagar_Bhitar Gaon.obc,4,3,1,up,2010,mean_gap
Kanpur Nagar_Bilhaur.obc,16,3,13,up,2010,mean_gap
Kanpur Nagar_Chaubepur.obc,11,5,6,up,2010,mean_gap
Kanpur Nagar_Ghatampur.obc,11,0,11,up,2010,mean_gap
Kanpur Nagar_Kakwan.obc,4,3,1,up,2010,mean_gap
Kanpur Nagar_Kalyanpur.obc,5,1,4,up,2010,mean_gap
Kanpur Nagar_Patara.obc,8,3,5,up,2010,mean_gap
Kanpur Nagar_Sarasaul.obc,2,0,2,up,2010,mean_gap
Kanpur Nagar_Shivrajpur.obc,27,0,27,up,2010,mean_gap
Kanpur Nagar_Vidhnu.obc,19,5,14,up,2010,mean_gap
Kaushambi_Chayal.obc,3,0,3,up,2010,mean_gap
Kaushambi_Kara.obc,8,5,3,up,2010,mean_gap
Kaushambi_Kaushambi.obc,9,3,6,up,2010,mean_gap
Kaushambi_Manjhanpur.obc,22,9,13,up,2010,mean_gap
Kaushambi_Muratganj.obc,10,3,7,up,2010,mean_gap
Kaushambi_NEWADA.obc,13,5,8,up,2010,mean_gap
Kaushambi_Sarsawa.obc,14,6,8,up,2010,mean_gap
Kaushambi_Sirathu.obc,9,4,5,up,2010,mean_gap
Kushinagar_Fazilnagar.obc,13,3,10,up,2010,mean_gap
Kushinagar_Hata.obc,10,1,9,up,2010,mean_gap
Kushinagar_Kaptaiganj.obc,14,5,9,up,2010,mean_gap
Kushinagar_Kasaya.obc,2,0,2,up,2010,mean_gap
Kushinagar_Khadda.obc,10,4,6,up,2010,mean_gap
Kushinagar_Moti Chak.obc,10,4,6,up,2010,mean_gap
Kushinagar_Nebua Naurangia.obc,8,3,5,up,2010,mean_gap
Kushinagar_Padrauna.obc,13,5,8,up,2010,mean_gap
Kushinagar_Ramkola.obc,9,3,6,up,2010,mean_gap
Kushinagar_Sewarhi.obc,8,2,6,up,2010,mean_gap
Kushinagar_Sukaroli.obc,10,3,7,up,2010,mean_gap
Kushinagar_Tamkuhiraj.obc,7,2,5,up,2010,mean_gap
Kushinagar_Vishunpura.obc,9,2,7,up,2010,mean_gap
Lakhimpur Khiri_Bankeganj.obc,7,3,4,up,2010,mean_gap
Lakhimpur Khiri_Bijua.obc,17,6,11,up,2010,mean_gap
Lakhimpur Khiri_Dhaurhara.obc,8,3,5,up,2010,mean_gap
Lakhimpur Khiri_Gola (Kumbhi).obc,11,4,7,up,2010,mean_gap
Lakhimpur Khiri_Isanagar.obc,17,5,12,up,2010,mean_gap
Lakhimpur Khiri_Lakhimpur.obc,17,5,12,up,2010,mean_gap
Lakhimpur Khiri_Mitauli.obc,17,7,10,up,2010,mean_gap
Lakhimpur Khiri_Mohammadi.obc,21,9,12,up,2010,mean_gap
Lakhimpur Khiri_Nakha.obc,3,1,2,up,2010,mean_gap
Lakhimpur Khiri_Nighasan.obc,11,5,6,up,2010,mean_gap
Lakhimpur Khiri_Palia.obc,10,3,7,up,2010,mean_gap
Lakhimpur Khiri_Pasgawan.obc,15,7,8,up,2010,mean_gap
Lakhimpur Khiri_Phoolbehad.obc,12,5,7,up,2010,mean_gap
Lakhimpur Khiri_Ramiyabehar.obc,8,1,7,up,2010,mean_gap
Lalitpur_Baar.obc,5,2,3,up,2010,mean_gap
Lalitpur_Jakhaura.obc,16,7,9,up,2010,mean_gap
Lalitpur_Mahrauni.obc,9,4,5,up,2010,mean_gap
Lalitpur_Maraawara.obc,8,3,5,up,2010,mean_gap
Lalitpur_Talbehat.obc,5,1,4,up,2010,mean_gap
Lalitpur_Virddha.obc,9,3,6,up,2010,mean_gap
Maharajganj_Brajamangnaj.obc,14,5,9,up,2010,mean_gap
Maharajganj_Dhani.obc,4,2,2,up,2010,mean_gap
Maharajganj_Ferenda.obc,12,2,10,up,2010,mean_gap
Maharajganj_Ghughli.obc,10,5,5,up,2010,mean_gap
Maharajganj_Lakshmipur.obc,13,4,9,up,2010,mean_gap
Maharajganj_Maharajganj Sadar.obc,7,2,5,up,2010,mean_gap
Maharajganj_Mithoura.obc,13,6,7,up,2010,mean_gap
Maharajganj_Nautanwa.obc,10,5,5,up,2010,mean_gap
Maharajganj_Nichlaul.obc,13,6,7,up,2010,mean_gap
Maharajganj_Paniyara.obc,8,3,5,up,2010,mean_gap
Maharajganj_Partawal.obc,15,6,9,up,2010,mean_gap
Maharajganj_Siswa Bazar.obc,9,2,7,up,2010,mean_gap
Mahoba_Charkhari.obc,6,3,3,up,2010,mean_gap
Mahoba_Jaitpur.obc,2,1,1,up,2010,mean_gap
Mahoba_Kabrai.obc,13,4,9,up,2010,mean_gap
Mainpuri_Barnahal.obc,14,5,9,up,2010,mean_gap
Mainpuri_Bebar.obc,16,6,10,up,2010,mean_gap
Mainpuri_Ghiror.obc,6,0,6,up,2010,mean_gap
Mainpuri_Jagir.obc,8,4,4,up,2010,mean_gap
Mainpuri_Karhal.obc,12,5,7,up,2010,mean_gap
Mainpuri_Kurawli.obc,11,5,6,up,2010,mean_gap
Mainpuri_Mainpuri.obc,9,5,4,up,2010,mean_gap
Mainpuri_Sultanganj.obc,13,4,9,up,2010,mean_gap
Mau_Baragaon.obc,11,3,8,up,2010,mean_gap
Mau_Dohrighat.obc,12,2,10,up,2010,mean_gap
Mau_Ghosi.obc,13,4,9,up,2010,mean_gap
Mau_Kopaganj.obc,10,1,9,up,2010,mean_gap
Mau_Muhammadabad.obc,10,2,8,up,2010,mean_gap
Mau_Pardha.obc,6,1,5,up,2010,mean_gap
Mau_Ranipur.obc,12,3,9,up,2010,mean_gap
Mau_Ratanpura.obc,13,4,9,up,2010,mean_gap
Mirzapur_Chhaanbe.obc,11,5,6,up,2010,mean_gap
Mirzapur_Halia.obc,14,5,9,up,2010,mean_gap
Mirzapur_Kon (Cheelha).obc,4,3,1,up,2010,mean_gap
Mirzapur_Lalganj.obc,12,4,8,up,2010,mean_gap
Mirzapur_Majhwan.obc,3,1,2,up,2010,mean_gap
Mirzapur_Narayanpur.obc,25,11,14,up,2010,mean_gap
Mirzapur_Pahadi.obc,9,4,5,up,2010,mean_gap
Mirzapur_Rajgarh.obc,17,6,11,up,2010,mean_gap
Mirzapur_Seekhar.obc,2,1,1,up,2010,mean_gap
Mirzapur_Seeti.obc,1,0,1,up,2010,mean_gap
Muradabad_Asamoli.obc,6,3,3,up,2010,mean_gap
Muradabad_Bahjoi.obc,5,3,2,up,2010,mean_gap
Muradabad_Bilari.obc,12,4,8,up,2010,mean_gap
Muradabad_Chhajlait.obc,4,0,4,up,2010,mean_gap
Muradabad_Dilari.obc,12,4,8,up,2010,mean_gap
Muradabad_Dingarpur (Kundarki).obc,18,6,12,up,2010,mean_gap
Muradabad_Mudhaa Pandey.obc,12,4,8,up,2010,mean_gap
Muradabad_Muradabad.obc,4,2,2,up,2010,mean_gap
Muradabad_Panwasa.obc,4,1,3,up,2010,mean_gap
Muradabad_Sambhal.obc,7,5,2,up,2010,mean_gap
Muradabad_Thakurdwara.obc,11,3,8,up,2010,mean_gap
Muzzafarnagar_Baghra.obc,6,4,2,up,2010,mean_gap
Muzzafarnagar_Budhana.obc,5,0,5,up,2010,mean_gap
Muzzafarnagar_Charthaawal.obc,6,1,5,up,2010,mean_gap
Muzzafarnagar_Jansath.obc,6,3,3,up,2010,mean_gap
Muzzafarnagar_Kairana.obc,4,1,3,up,2010,mean_gap
Muzzafarnagar_Kandla.obc,6,2,4,up,2010,mean_gap
Muzzafarnagar_Khatauli.obc,6,2,4,up,2010,mean_gap
Muzzafarnagar_Morna.obc,7,3,4,up,2010,mean_gap
Muzzafarnagar_Purkaji.obc,6,1,5,up,2010,mean_gap
Muzzafarnagar_Sadar.obc,1,0,1,up,2010,mean_gap
Muzzafarnagar_Shahpur.obc,5,2,3,up,2010,mean_gap
Muzzafarnagar_Shamli.obc,4,1,3,up,2010,mean_gap
Muzzafarnagar_Un.obc,2,1,1,up,2010,mean_gap
Pilibhit_Amariya.obc,12,6,6,up,2010,mean_gap
Pilibhit_Barkheda.obc,15,4,11,up,2010,mean_gap
Pilibhit_Bilsanda.obc,15,5,10,up,2010,mean_gap
Pilibhit_Bisalpur.obc,16,3,13,up,2010,mean_gap
Pilibhit_Lalauri Kheda.obc,11,4,7,up,2010,mean_gap
Pilibhit_Marauri.obc,5,4,1,up,2010,mean_gap
Pilibhit_Purnanpur.obc,15,5,10,up,2010,mean_gap
Pratapgarh_Baabaa Belkharnath Dhaam.obc,10,5,5,up,2010,mean_gap
Pratapgarh_Baabaganj.obc,11,5,6,up,2010,mean_gap
Pratapgarh_Bihar.obc,15,4,11,up,2010,mean_gap
Pratapgarh_Gaura.obc,9,4,5,up,2010,mean_gap
Pratapgarh_Kalakankar.obc,10,3,7,up,2010,mean_gap
Pratapgarh_Kunda.obc,16,5,11,up,2010,mean_gap
Pratapgarh_Lakshmanpur.obc,11,4,7,up,2010,mean_gap
Pratapgarh_Lalganj.obc,6,1,5,up,2010,mean_gap
Pratapgarh_Magraura.obc,14,3,11,up,2010,mean_gap
Pratapgarh_Mandhaata.obc,13,1,12,up,2010,mean_gap
Pratapgarh_Patti.obc,12,5,7,up,2010,mean_gap
Pratapgarh_Sadar.obc,5,2,3,up,2010,mean_gap
Pratapgarh_Sandwaa Chandrika.obc,9,2,7,up,2010,mean_gap
Pratapgarh_Sangipur.obc,7,3,4,up,2010,mean_gap
Pratapgarh_Shivgarh.obc,10,2,8,up,2010,mean_gap
Rae bareli_Amawan.obc,9,3,6,up,2010,mean_gap
Rae bareli_Bachhrawan.obc,10,4,6,up,2010,mean_gap
Rae bareli_Dalmau.obc,11,6,5,up,2010,mean_gap
Rae bareli_Deenshaahgaura.obc,4,2,2,up,2010,mean_gap
Rae bareli_Harchandpur.obc,5,1,4,up,2010,mean_gap
Rae bareli_Khiro.obc,13,4,9,up,2010,mean_gap
Rae bareli_Lalganj.obc,9,4,5,up,2010,mean_gap
Rae bareli_Maharajganj.obc,4,0,4,up,2010,mean_gap
Rae bareli_Rahi.obc,9,2,7,up,2010,mean_gap
Rae bareli_Rohanea.obc,2,0,2,up,2010,mean_gap
Rae bareli_Sareni.obc,15,5,10,up,2010,mean_gap
Rae bareli_Sataon.obc,6,2,4,up,2010,mean_gap
Rae bareli_Shivgarh.obc,7,5,2,up,2010,mean_gap
Rae bareli_Unchahaar.obc,8,3,5,up,2010,mean_gap
Rampur_Bilaaspur.obc,17,5,12,up,2010,mean_gap
Rampur_Milk.obc,18,7,11,up,2010,mean_gap
Rampur_Saidnagar.obc,8,3,5,up,2010,mean_gap
Saharanpur_Baliyakhedi.obc,15,6,9,up,2010,mean_gap
Saharanpur_Devbanda.obc,11,2,9,up,2010,mean_gap
Saharanpur_Gangoh.obc,17,6,11,up,2010,mean_gap
Saharanpur_Muzaffarabad.obc,12,4,8,up,2010,mean_gap
Saharanpur_Nagal.obc,7,1,6,up,2010,mean_gap
Saharanpur_Nakud.obc,14,6,8,up,2010,mean_gap
Saharanpur_Rampur Maniharan.obc,10,3,7,up,2010,mean_gap
Saharanpur_Sarsawa.obc,14,6,8,up,2010,mean_gap
Sant Kabeer Nagar_Baghauli.obc,11,4,7,up,2010,mean_gap
Sant Kabeer Nagar_Belhar Kala.obc,7,2,5,up,2010,mean_gap
Sant Kabeer Nagar_Khalilabad.obc,7,2,5,up,2010,mean_gap
Sant Kabeer Nagar_Mehdawal.obc,8,3,5,up,2010,mean_gap
Sant Kabeer Nagar_Nathnagar.obc,18,4,14,up,2010,mean_gap
Sant Kabeer Nagar_Pauli.obc,4,1,3,up,2010,mean_gap
Sant Kabeer Nagar_Sautha.obc,3,1,2,up,2010,mean_gap
Sant Kabeer Nagar_Semriyawa.obc,11,2,9,up,2010,mean_gap
Sant Ravidas Nagar_Abholi.obc,8,3,5,up,2010,mean_gap
Sant Ravidas Nagar_Aurain.obc,16,6,10,up,2010,mean_gap
Sant Ravidas Nagar_Bhadohi.obc,17,7,10,up,2010,mean_gap
Sant Ravidas Nagar_Deegh.obc,1,0,1,up,2010,mean_gap
Sant Ravidas Nagar_Gyanpur.obc,4,0,4,up,2010,mean_gap
Sant Ravidas Nagar_Suriyawan.obc,10,3,7,up,2010,mean_gap
Shravasti_Gilola.obc,15,6,9,up,2010,mean_gap
Shravasti_Hariharpur Rani.obc,10,4,6,up,2010,mean_gap
Shravasti_Ikouna.obc,14,5,9,up,2010,mean_gap
Shravasti_Jamunha.obc,16,5,11,up,2010,mean_gap
Shravasti_Sirsia.obc,14,5,9,up,2010,mean_gap
Siddharth Nagar_Badhni.obc,10,3,7,up,2010,mean_gap
Siddharth Nagar_Bansi.obc,9,3,6,up,2010,mean_gap
Siddharth Nagar_Bhanwaapur.obc,18,4,14,up,2010,mean_gap
Siddharth Nagar_Dumriaganj.obc,17,7,10,up,2010,mean_gap
Siddharth Nagar_Itwa.obc,5,3,2,up,2010,mean_gap
Siddharth Nagar_Jogiya.obc,8,3,5,up,2010,mean_gap
Siddharth Nagar_Khesarha.obc,9,5,4,up,2010,mean_gap
Siddharth Nagar_Khuniyav.obc,10,4,6,up,2010,mean_gap
Siddharth Nagar_Lotan Bazar.obc,7,2,5,up,2010,mean_gap
Siddharth Nagar_Mithwal.obc,16,4,12,up,2010,mean_gap
Siddharth Nagar_Naugadh.obc,9,1,8,up,2010,mean_gap
Siddharth Nagar_Shohratgarh.obc,12,4,8,up,2010,mean_gap
Siddharth Nagar_UskaBazar.obc,9,4,5,up,2010,mean_gap
Sitapur_Ailiya.obc,8,4,4,up,2010,mean_gap
Sitapur_Behata.obc,2,0,2,up,2010,mean_gap
Sitapur_Biswan.obc,16,6,10,up,2010,mean_gap
Sitapur_Gondlamau.obc,1,1,0,up,2010,mean_gap
Sitapur_Hargaon.obc,2,1,1,up,2010,mean_gap
Sitapur_Kasmanda.obc,6,4,2,up,2010,mean_gap
Sitapur_Khairbad.obc,9,2,7,up,2010,mean_gap
Sitapur_Machhrehta.obc,13,5,8,up,2010,mean_gap
Sitapur_Mahmudabad.obc,11,4,7,up,2010,mean_gap
Sitapur_Maholi.obc,2,1,1,up,2010,mean_gap
Sitapur_Mishrikh.obc,13,4,9,up,2010,mean_gap
Sitapur_Pahala.obc,10,6,4,up,2010,mean_gap
Sitapur_Parsendi.obc,4,2,2,up,2010,mean_gap
Sitapur_Pisawan.obc,3,1,2,up,2010,mean_gap
Sitapur_Rampurmathura.obc,5,1,4,up,2010,mean_gap
Sitapur_Reusaa.obc,1,0,1,up,2010,mean_gap
Sitapur_Sakran.obc,4,2,2,up,2010,mean_gap
Sonbhadra_Chatra.obc,3,2,1,up,2010,mean_gap
Sonbhadra_Chopan.obc,5,4,1,up,2010,mean_gap
Sonbhadra_Duddhi.obc,11,0,11,up,2010,mean_gap
Sonbhadra_Ghorawal.obc,13,4,9,up,2010,mean_gap
Sonbhadra_Myorpur.obc,13,5,8,up,2010,mean_gap
Sonbhadra_Nagwan.obc,9,3,6,up,2010,mean_gap
Sonbhadra_Robertsganj.obc,7,3,4,up,2010,mean_gap
Sonbhadra_Vabhni.obc,8,3,5,up,2010,mean_gap
Sultanpur_Akhandnagar.obc,11,2,9,up,2010,mean_gap
Sultanpur_Baldirai.obc,8,2,6,up,2010,mean_gap
Sultanpur_Bhaiyya.obc,14,6,8,up,2010,mean_gap
Sultanpur_Dhanpat Ganj.obc,8,4,4,up,2010,mean_gap
Sultanpur_Doobepur.obc,14,5,9,up,2010,mean_gap
Sultanpur_Dostpur.obc,7,3,4,up,2010,mean_gap
Sultanpur_Jaisinghpur.obc,12,3,9,up,2010,mean_gap
Sultanpur_Kadipur.obc,7,1,6,up,2010,mean_gap
Sultanpur_Kudebhar.obc,7,1,6,up,2010,mean_gap
Sultanpur_Kudwar.obc,8,5,3,up,2010,mean_gap
Sultanpur_Lambhua.obc,14,3,11,up,2010,mean_gap
Sultanpur_Motigarpur.obc,7,3,4,up,2010,mean_gap
Sultanpur_Pratappur Kemaicha.obc,8,2,6,up,2010,mean_gap
Unnao_Asoha.obc,1,0,1,up,2010,mean_gap
Unnao_Auras.obc,10,4,6,up,2010,mean_gap
Unnao_Bangarmau.obc,8,3,5,up,2010,mean_gap
Unnao_Bichiya.obc,4,2,2,up,2010,mean_gap
Unnao_Bighapur.obc,11,2,9,up,2010,mean_gap
Unnao_Fatehpur Chaurasi.obc,10,3,7,up,2010,mean_gap
Unnao_Hasan ganj.obc,14,6,8,up,2010,mean_gap
Unnao_Nawabganj.obc,16,5,11,up,2010,mean_gap
Unnao_Purwa.obc,5,2,3,up,2010,mean_gap
Unnao_Safipur.obc,8,3,5,up,2010,mean_gap
Unnao_Si. Sirosi.obc,2,2,0,up,2010,mean_gap
Unnao_Sikandarpur Karan.obc,6,3,3,up,2010,mean_gap
Unnao_Sumerpur.obc,11,3,8,up,2010,mean_gap
Varanasi_Araji Lines.obc,24,9,15,up,2010,mean_gap
Varanasi_Badagaon.obc,15,5,10,up,2010,mean_gap
Varanasi_Chiraigaon.obc,13,2,11,up,2010,mean_gap
Varanasi_Cholapur.obc,12,4,8,up,2010,mean_gap
Varanasi_Harhua.obc,10,3,7,up,2010,mean_gap
Varanasi_Kashividyapeeth.obc,7,2,5,up,2010,mean_gap
Varanasi_Pindra.obc,21,6,15,up,2010,mean_gap
Varanasi_Sewapuri.obc,19,7,12,up,2010,mean_gap
Agra_Achnera.sc,5,0,5,up,2010,mean_gap
Agra_Akolaa.sc,4,2,2,up,2010,mean_gap
Agra_Bah.sc,5,0,5,up,2010,mean_gap
Agra_Baroli Ahir.sc,6,0,6,up,2010,mean_gap
Agra_Bichpuri.sc,3,1,2,up,2010,mean_gap
Agra_Etmaadpur.sc,9,3,6,up,2010,mean_gap
Agra_Fatehabad.sc,4,1,3,up,2010,mean_gap
Agra_Fatehpur Seekri.sc,5,1,4,up,2010,mean_gap
Agra_Jagner.sc,2,1,1,up,2010,mean_gap
Agra_Khandoli.sc,7,1,6,up,2010,mean_gap
Agra_Pinahat.sc,4,1,3,up,2010,mean_gap
Agra_Shamshabaad.sc,4,1,3,up,2010,mean_gap
Ambedkar Nagar_Akbarpur.sc,17,4,13,up,2010,mean_gap
Ambedkar Nagar_Basakhari.sc,13,4,9,up,2010,mean_gap
Ambedkar Nagar_Bhiti.sc,12,4,8,up,2010,mean_gap
Ambedkar Nagar_Jahangirganj.sc,8,2,6,up,2010,mean_gap
Ambedkar Nagar_Jalalpur.sc,16,7,9,up,2010,mean_gap
Ambedkar Nagar_Katehri.sc,7,2,5,up,2010,mean_gap
Ambedkar Nagar_Miyan.sc,11,4,7,up,2010,mean_gap
Ambedkar Nagar_Ramnagar.sc,11,4,7,up,2010,mean_gap
Ambedkar Nagar_Tanda.sc,20,8,12,up,2010,mean_gap
Auraiya_Achhaldaa.sc,11,4,7,up,2010,mean_gap
Auraiya_Ajitmal.sc,10,3,7,up,2010,mean_gap
Auraiya_Auraiya.sc,12,4,8,up,2010,mean_gap
Auraiya_Bhagyanagar.sc,8,2,6,up,2010,mean_gap
Auraiya_Eva Katra.sc,6,3,3,up,2010,mean_gap
Auraiya_Sahar.sc,10,4,6,up,2010,mean_gap
Auraiya_Vidhuna.sc,12,3,9,up,2010,mean_gap
Bagpat_Bagpat.sc,3,2,1,up,2010,mean_gap
Bagpat_Baraut.sc,3,0,3,up,2010,mean_gap
Bagpat_Binauli.sc,2,1,1,up,2010,mean_gap
Bagpat_Chhaparauli.sc,2,1,1,up,2010,mean_gap
Bagpat_Khekhada.sc,3,2,1,up,2010,mean_gap
Bagpat_Pilana.sc,2,0,2,up,2010,mean_gap
Bahraich_Balha.sc,4,2,2,up,2010,mean_gap
Bahraich_Fakhrpur.sc,4,2,2,up,2010,mean_gap
Bahraich_Huzurpur.sc,6,3,3,up,2010,mean_gap
Bahraich_Jarwal.sc,5,2,3,up,2010,mean_gap
Bahraich_Kaiserganj.sc,4,0,4,up,2010,mean_gap
Bahraich_Mahsi.sc,6,2,4,up,2010,mean_gap
Bahraich_Mihipurwa.sc,5,2,3,up,2010,mean_gap
Bahraich_Nawabganj.sc,12,5,7,up,2010,mean_gap
Bahraich_Prayagpur.sc,10,5,5,up,2010,mean_gap
Bahraich_Risia.sc,9,4,5,up,2010,mean_gap
Bahraich_Shivpur.sc,7,2,5,up,2010,mean_gap
Bahraich_Tajwapur.sc,5,0,5,up,2010,mean_gap
Bahraich_Visheshwarganj.sc,9,4,5,up,2010,mean_gap
Baliya_Baasadeeh.sc,3,1,2,up,2010,mean_gap
Baliya_Bairiya.sc,3,1,2,up,2010,mean_gap
Baliya_Belhari.sc,4,2,2,up,2010,mean_gap
Baliya_Berua Bari.sc,2,1,1,up,2010,mean_gap
Baliya_Chilakhar.sc,9,2,7,up,2010,mean_gap
Baliya_Gadwar.sc,7,2,5,up,2010,mean_gap
Baliya_Hanumanganj.sc,4,1,3,up,2010,mean_gap
Baliya_Maniyar.sc,4,0,4,up,2010,mean_gap
Baliya_Murli Chappa.sc,1,1,0,up,2010,mean_gap
Baliya_Nagra.sc,11,4,7,up,2010,mean_gap
Baliya_Nawanagar.sc,6,2,4,up,2010,mean_gap
Baliya_Pandah.sc,5,1,4,up,2010,mean_gap
Baliya_Rasra.sc,10,3,7,up,2010,mean_gap
Baliya_Revti.sc,3,1,2,up,2010,mean_gap
Baliya_Sier.sc,11,3,8,up,2010,mean_gap
Baliya_Sohaon.sc,5,2,3,up,2010,mean_gap
Banda_Baberu.sc,10,3,7,up,2010,mean_gap
Banda_Badokhar Khurd.sc,5,0,5,up,2010,mean_gap
Banda_Bissanda.sc,9,3,6,up,2010,mean_gap
Banda_Jaspura.sc,1,1,0,up,2010,mean_gap
Banda_Kamasin.sc,8,4,4,up,2010,mean_gap
Banda_Mahua.sc,14,6,8,up,2010,mean_gap
Banda_Narani.sc,13,5,8,up,2010,mean_gap
Banda_Tindwaari.sc,5,3,2,up,2010,mean_gap
Barabanki_Banikoder.sc,18,8,10,up,2010,mean_gap
Barabanki_Banki.sc,7,2,5,up,2010,mean_gap
Barabanki_Dariyabad.sc,13,0,13,up,2010,mean_gap
Barabanki_Dewan.sc,9,3,6,up,2010,mean_gap
Barabanki_Haidarganj.sc,6,1,5,up,2010,mean_gap
Barabanki_Harakh.sc,8,3,5,up,2010,mean_gap
Barabanki_masauli.sc,8,2,6,up,2010,mean_gap
Barabanki_Nindur.sc,14,4,10,up,2010,mean_gap
Barabanki_Puredlai.sc,18,1,17,up,2010,mean_gap
Barabanki_Ramnagar.sc,13,5,8,up,2010,mean_gap
Barabanki_Siddhaur.sc,14,8,6,up,2010,mean_gap
Barabanki_Sirauli Gauspur.sc,9,3,6,up,2010,mean_gap
Barabanki_Suratganj.sc,5,1,4,up,2010,mean_gap
Barabanki_Trivediganj.sc,11,4,7,up,2010,mean_gap
Bareilly_Alampur Jafrabaad.sc,6,2,4,up,2010,mean_gap
Bareilly_Bahedi.sc,11,3,8,up,2010,mean_gap
Bareilly_Bhadpura.sc,6,3,3,up,2010,mean_gap
Bareilly_Bhojipura.sc,5,2,3,up,2010,mean_gap
Bareilly_Bhuta.sc,10,1,9,up,2010,mean_gap
Bareilly_Damkhoda.sc,7,3,4,up,2010,mean_gap
Bareilly_Faridpur.sc,9,4,5,up,2010,mean_gap
Bareilly_Fatehganj ( P O ).sc,5,1,4,up,2010,mean_gap
Bareilly_Kyara.sc,2,0,2,up,2010,mean_gap
Bareilly_Majhgawan.sc,5,2,3,up,2010,mean_gap
Bareilly_Mirganj.sc,7,2,5,up,2010,mean_gap
Bareilly_Nawabganj.sc,9,3,6,up,2010,mean_gap
Bareilly_Ramnagar.sc,1,1,0,up,2010,mean_gap
Bareilly_Shergarh.sc,4,2,2,up,2010,mean_gap
Basti_Bahadurpur.sc,13,4,9,up,2010,mean_gap
Basti_Bankati.sc,9,3,6,up,2010,mean_gap
Basti_Basti.sc,13,5,8,up,2010,mean_gap
Basti_Bikramjot.sc,11,4,7,up,2010,mean_gap
Basti_Dubaulia.sc,5,1,4,up,2010,mean_gap
Basti_Gour.sc,9,3,6,up,2010,mean_gap
Basti_Hareya.sc,8,2,6,up,2010,mean_gap
Basti_Kaptaiganj.sc,5,2,3,up,2010,mean_gap
Basti_Kudrah.sc,8,3,5,up,2010,mean_gap
Basti_Parsrampur.sc,10,3,7,up,2010,mean_gap
Basti_Ramnagar.sc,4,1,3,up,2010,mean_gap
Basti_Raudhauli.sc,5,2,3,up,2010,mean_gap
Basti_Saltoya Gopalpur.sc,10,7,3,up,2010,mean_gap
Basti_Saugahat.sc,13,4,9,up,2010,mean_gap
Bijnaur_Afzalgarah.sc,6,2,4,up,2010,mean_gap
Bijnaur_Haldaur.sc,12,5,7,up,2010,mean_gap
Bijnaur_Jalilpur.sc,13,6,7,up,2010,mean_gap
Bijnaur_Kiratpur.sc,5,2,3,up,2010,mean_gap
Bijnaur_Kotwali.sc,18,7,11,up,2010,mean_gap
Bijnaur_Mau Pur Devmal.sc,10,2,8,up,2010,mean_gap
Bijnaur_Najibabad.sc,17,6,11,up,2010,mean_gap
Bijnaur_Noorpur.sc,14,5,9,up,2010,mean_gap
Bijnaur_Syohara.sc,11,6,5,up,2010,mean_gap
Budaun_Gunnaur.sc,4,2,2,up,2010,mean_gap
Budaun_Junawai.sc,4,1,3,up,2010,mean_gap
Bulandshahr_Agauta.sc,6,2,4,up,2010,mean_gap
Bulandshahr_Anupshahr.sc,8,2,6,up,2010,mean_gap
Bulandshahr_Arniyaan.sc,9,2,7,up,2010,mean_gap
Bulandshahr_B. B. Nagar.sc,1,0,1,up,2010,mean_gap
Bulandshahr_Bulandshahr.sc,9,3,6,up,2010,mean_gap
Bulandshahr_Dibai.sc,4,2,2,up,2010,mean_gap
Bulandshahr_Gulawati.sc,3,1,2,up,2010,mean_gap
Bulandshahr_Jahangirabad.sc,6,2,4,up,2010,mean_gap
Bulandshahr_Khujra.sc,11,4,7,up,2010,mean_gap
Bulandshahr_Lakhauti.sc,7,3,4,up,2010,mean_gap
Bulandshahr_Pahasu.sc,2,1,1,up,2010,mean_gap
Bulandshahr_Shikarpur.sc,4,1,3,up,2010,mean_gap
Bulandshahr_Sikandrabad.sc,11,3,8,up,2010,mean_gap
Bulandshahr_Unchagaon.sc,4,1,3,up,2010,mean_gap
Chandauli_Barhani.sc,3,0,3,up,2010,mean_gap
Chandauli_Chahniya.sc,14,4,10,up,2010,mean_gap
Chandauli_Chakia.sc,12,2,10,up,2010,mean_gap
Chandauli_Naugadh.sc,4,2,2,up,2010,mean_gap
Chandauli_Niyamatabad.sc,6,2,4,up,2010,mean_gap
Chandauli_Sakaldeeha.sc,7,1,6,up,2010,mean_gap
Chandauli_Shahababganj.sc,14,5,9,up,2010,mean_gap
Chitrakoot_Karwi (Chitrakoot).sc,9,5,4,up,2010,mean_gap
Chitrakoot_Manikpur.sc,12,5,7,up,2010,mean_gap
Chitrakoot_Mau.sc,5,2,3,up,2010,mean_gap
Chitrakoot_Pahadi.sc,13,4,9,up,2010,mean_gap
Chitrakoot_Ramnagar.sc,6,3,3,up,2010,mean_gap
Firozabad_Aaraon.sc,7,2,5,up,2010,mean_gap
Firozabad_Eka.sc,4,2,2,up,2010,mean_gap
Firozabad_Firozabad.sc,6,2,4,up,2010,mean_gap
Firozabad_Hathwant.sc,7,4,3,up,2010,mean_gap
Firozabad_Jasrana.sc,6,2,4,up,2010,mean_gap
Firozabad_Madanpur.sc,8,3,5,up,2010,mean_gap
Firozabad_Narkhi.sc,3,1,2,up,2010,mean_gap
Firozabad_Shikohabad.sc,9,3,6,up,2010,mean_gap
Firozabad_Tundla.sc,7,3,4,up,2010,mean_gap
Gautam Buddha Nagar_Dadri.sc,4,1,3,up,2010,mean_gap
Gautam Buddha Nagar_Jewar.sc,1,0,1,up,2010,mean_gap
Gautam Buddha Nagar_Visarkh.sc,1,1,0,up,2010,mean_gap
Ghaziabad_Bhojpur.sc,3,2,1,up,2010,mean_gap
Ghaziabad_Dhaulana.sc,5,3,2,up,2010,mean_gap
Ghaziabad_Garhmukteshwar.sc,5,2,3,up,2010,mean_gap
Ghaziabad_Hapur.sc,11,3,8,up,2010,mean_gap
Ghaziabad_Loni.sc,1,0,1,up,2010,mean_gap
Ghaziabad_Muradnagar.sc,2,1,1,up,2010,mean_gap
Ghaziabad_Rajapur.sc,2,1,1,up,2010,mean_gap
Ghaziabad_Simbhavli.sc,5,2,3,up,2010,mean_gap
Ghazipur_Barachwar.sc,11,4,7,up,2010,mean_gap
Ghazipur_Bhadaura.sc,2,1,1,up,2010,mean_gap
Ghazipur_Jakhniya.sc,15,5,10,up,2010,mean_gap
Ghazipur_Jamaniya.sc,3,1,2,up,2010,mean_gap
Ghazipur_Karanda.sc,7,3,4,up,2010,mean_gap
Ghazipur_Kasimabad.sc,13,6,7,up,2010,mean_gap
Ghazipur_Manihari.sc,10,2,8,up,2010,mean_gap
Ghazipur_Mardan.sc,9,4,5,up,2010,mean_gap
Ghazipur_Muhammadabad.sc,11,4,7,up,2010,mean_gap
Ghazipur_Revatipur.sc,1,1,0,up,2010,mean_gap
Ghazipur_Sadaat.sc,12,4,8,up,2010,mean_gap
Ghazipur_Sadar.sc,5,1,4,up,2010,mean_gap
Ghazipur_Saidpur.sc,8,2,6,up,2010,mean_gap
Ghazipur_Virano.sc,9,3,6,up,2010,mean_gap
Gonda_Belasar.sc,5,1,4,up,2010,mean_gap
Gonda_Bhabha njot.sc,6,4,2,up,2010,mean_gap
Gonda_Chhapia.sc,9,4,5,up,2010,mean_gap
Gonda_Etiyathok.sc,8,4,4,up,2010,mean_gap
Gonda_Haladharamuu.sc,8,3,5,up,2010,mean_gap
Gonda_Jhanjhari.sc,9,4,5,up,2010,mean_gap
Gonda_Karnailganj.sc,5,3,2,up,2010,mean_gap
Gonda_Katra Bazar.sc,5,1,4,up,2010,mean_gap
Gonda_Manakapur.sc,12,4,8,up,2010,mean_gap
Gonda_Mujehana.sc,6,3,3,up,2010,mean_gap
Gonda_Nawabganj.sc,10,4,6,up,2010,mean_gap
Gonda_Pandri Kripal.sc,8,2,6,up,2010,mean_gap
Gonda_Parsapur.sc,4,0,4,up,2010,mean_gap
Gonda_Rupaidih.sc,8,1,7,up,2010,mean_gap
Gonda_Tarabganj.sc,4,1,3,up,2010,mean_gap
Gonda_Wazirganj.sc,10,4,6,up,2010,mean_gap
Gorakhpur_Barhalganj.sc,4,0,4,up,2010,mean_gap
Gorakhpur_Belghat.sc,13,4,9,up,2010,mean_gap
Gorakhpur_Bosagaon.sc,8,3,5,up,2010,mean_gap
Gorakhpur_Brahmpur.sc,10,4,6,up,2010,mean_gap
Gorakhpur_Chargaawon.sc,5,2,3,up,2010,mean_gap
Gorakhpur_Gagaha.sc,14,5,9,up,2010,mean_gap
Gorakhpur_Gola.sc,7,2,5,up,2010,mean_gap
Gorakhpur_J. O. Kauriya.sc,4,1,3,up,2010,mean_gap
Gorakhpur_Kauriram.sc,9,1,8,up,2010,mean_gap
Gorakhpur_Khajni.sc,11,3,8,up,2010,mean_gap
Gorakhpur_Khorabaar.sc,8,3,5,up,2010,mean_gap
Gorakhpur_Pali.sc,7,4,3,up,2010,mean_gap
Gorakhpur_Piparoli.sc,6,3,3,up,2010,mean_gap
Gorakhpur_Pipraich.sc,11,4,7,up,2010,mean_gap
Gorakhpur_Sardarnagar.sc,11,3,8,up,2010,mean_gap
Gorakhpur_Uruvaon.sc,9,3,6,up,2010,mean_gap
Hamirpur_Gohand.sc,5,1,4,up,2010,mean_gap
Hamirpur_Kurara.sc,3,1,2,up,2010,mean_gap
Hamirpur_Maudha.sc,5,2,3,up,2010,mean_gap
Hamirpur_Muskra.sc,5,2,3,up,2010,mean_gap
Hamirpur_Raath.sc,3,2,1,up,2010,mean_gap
Hamirpur_Sarila.sc,8,3,5,up,2010,mean_gap
Hamirpur_Sumerpur.sc,6,2,4,up,2010,mean_gap
Hardoi_Ahirorhi.sc,12,3,9,up,2010,mean_gap
Hardoi_Barkhani.sc,5,2,3,up,2010,mean_gap
Hardoi_Bawan.sc,12,3,9,up,2010,mean_gap
Hardoi_Benhadar.sc,9,4,5,up,2010,mean_gap
Hardoi_Bharawan.sc,8,2,6,up,2010,mean_gap
Hardoi_Bilgraam.sc,11,2,9,up,2010,mean_gap
Hardoi_Hariyawan.sc,10,4,6,up,2010,mean_gap
Hardoi_Harpalpur.sc,4,1,3,up,2010,mean_gap
Hardoi_Kachauna.sc,5,1,4,up,2010,mean_gap
Hardoi_Kothawan.sc,7,2,5,up,2010,mean_gap
Hardoi_Madhauganj.sc,10,5,5,up,2010,mean_gap
Hardoi_Mallawan.sc,7,3,4,up,2010,mean_gap
Hardoi_Pihani.sc,12,6,6,up,2010,mean_gap
Hardoi_Sandi.sc,4,2,2,up,2010,mean_gap
Hardoi_Sandila.sc,6,2,4,up,2010,mean_gap
Hardoi_Shahabaad.sc,9,4,5,up,2010,mean_gap
Hardoi_Surusa.sc,9,4,5,up,2010,mean_gap
Hardoi_Tadiyawan.sc,13,4,9,up,2010,mean_gap
Hardoi_Todarpur.sc,9,2,7,up,2010,mean_gap
Hathras_Hasayan.sc,9,4,5,up,2010,mean_gap
Hathras_Mursan.sc,10,4,6,up,2010,mean_gap
Hathras_Sadabad.sc,8,4,4,up,2010,mean_gap
Hathras_Sahpau.sc,10,3,7,up,2010,mean_gap
Hathras_Sasni.sc,11,5,6,up,2010,mean_gap
Hathras_Sikandra Rao.sc,11,4,7,up,2010,mean_gap
Itawah_Badh. Pura.sc,4,2,2,up,2010,mean_gap
Itawah_Basrehar.sc,6,2,4,up,2010,mean_gap
Itawah_Bharathana.sc,10,4,6,up,2010,mean_gap
Itawah_Chakarnagar.sc,8,2,6,up,2010,mean_gap
Itawah_Jaswantnagar.sc,11,5,6,up,2010,mean_gap
Itawah_Mahewa.sc,14,2,12,up,2010,mean_gap
Itawah_Saifai.sc,3,1,2,up,2010,mean_gap
Itawah_Takha.sc,6,1,5,up,2010,mean_gap
Jalaun_Dakor.sc,14,4,10,up,2010,mean_gap
Jalaun_Jalaun.sc,12,3,9,up,2010,mean_gap
Jalaun_Kadoura.sc,12,6,6,up,2010,mean_gap
Jalaun_Kochan.sc,7,2,5,up,2010,mean_gap
Jalaun_Kuthound.sc,9,3,6,up,2010,mean_gap
Jalaun_Mahewa.sc,6,3,3,up,2010,mean_gap
Jalaun_Nadigaon.sc,7,2,5,up,2010,mean_gap
Jalaun_Rampura.sc,13,3,10,up,2010,mean_gap
Jaunpur_Badlapur.sc,16,5,11,up,2010,mean_gap
Jaunpur_Buxa.sc,2,0,2,up,2010,mean_gap
Jaunpur_Dobhi.sc,1,1,0,up,2010,mean_gap
Jaunpur_Jalalpur.sc,1,0,1,up,2010,mean_gap
Jaunpur_Karanja Kala.sc,2,1,1,up,2010,mean_gap
Jaunpur_Khutahan.sc,6,2,4,up,2010,mean_gap
Jaunpur_Machhalishahr.sc,2,0,2,up,2010,mean_gap
Jaunpur_Madiyahu.sc,2,1,1,up,2010,mean_gap
Jaunpur_Maharajganj.sc,12,4,8,up,2010,mean_gap
Jaunpur_Muftiganj.sc,2,0,2,up,2010,mean_gap
Jaunpur_Shahganj Sodhi.sc,1,1,0,up,2010,mean_gap
Jaunpur_Srikoni.sc,1,1,0,up,2010,mean_gap
Jaunpur_Suitha Kala.sc,7,2,5,up,2010,mean_gap
Jhanshi_Babina.sc,7,1,6,up,2010,mean_gap
Jhanshi_Badagaon.sc,10,4,6,up,2010,mean_gap
Jhanshi_Bamour.sc,9,2,7,up,2010,mean_gap
Jhanshi_Chirgaon.sc,8,1,7,up,2010,mean_gap
Jhanshi_Moth.sc,13,6,7,up,2010,mean_gap
Kannauj_Chhibramau.sc,12,4,8,up,2010,mean_gap
Kannauj_Gugapur.sc,2,0,2,up,2010,mean_gap
Kannauj_Haseran.sc,5,3,2,up,2010,mean_gap
Kannauj_Jalalabad.sc,6,3,3,up,2010,mean_gap
Kannauj_Kannauj.sc,13,5,8,up,2010,mean_gap
Kannauj_Saurkh.sc,8,2,6,up,2010,mean_gap
Kannauj_Umarda.sc,10,5,5,up,2010,mean_gap
Kanpur Nagar_Bhitar Gaon.sc,10,1,9,up,2010,mean_gap
Kanpur Nagar_Bilhaur.sc,8,1,7,up,2010,mean_gap
Kanpur Nagar_Chaubepur.sc,10,5,5,up,2010,mean_gap
Kanpur Nagar_Ghatampur.sc,10,1,9,up,2010,mean_gap
Kanpur Nagar_Kakwan.sc,5,2,3,up,2010,mean_gap
Kanpur Nagar_Kalyanpur.sc,7,3,4,up,2010,mean_gap
Kanpur Nagar_Patara.sc,10,2,8,up,2010,mean_gap
Kanpur Nagar_Sarasaul.sc,1,0,1,up,2010,mean_gap
Kanpur Nagar_Shivrajpur.sc,5,1,4,up,2010,mean_gap
Kanpur Nagar_Vidhnu.sc,9,2,7,up,2010,mean_gap
Kaushambi_Chayal.sc,3,1,2,up,2010,mean_gap
Kaushambi_Kara.sc,10,3,7,up,2010,mean_gap
Kaushambi_Kaushambi.sc,12,5,7,up,2010,mean_gap
Kaushambi_Manjhanpur.sc,17,5,12,up,2010,mean_gap
Kaushambi_Muratganj.sc,5,3,2,up,2010,mean_gap
Kaushambi_NEWADA.sc,9,5,4,up,2010,mean_gap
Kaushambi_Sarsawa.sc,9,5,4,up,2010,mean_gap
Kaushambi_Sirathu.sc,11,6,5,up,2010,mean_gap
Kushinagar_Fazilnagar.sc,7,2,5,up,2010,mean_gap
Kushinagar_Hata.sc,7,2,5,up,2010,mean_gap
Kushinagar_Kaptaiganj.sc,8,1,7,up,2010,mean_gap
Kushinagar_Kasaya.sc,3,0,3,up,2010,mean_gap
Kushinagar_Khadda.sc,6,2,4,up,2010,mean_gap
Kushinagar_Moti Chak.sc,4,1,3,up,2010,mean_gap
Kushinagar_Nebua Naurangia.sc,8,4,4,up,2010,mean_gap
Kushinagar_Padrauna.sc,3,1,2,up,2010,mean_gap
Kushinagar_Ramkola.sc,6,2,4,up,2010,mean_gap
Kushinagar_Sewarhi.sc,4,3,1,up,2010,mean_gap
Kushinagar_Sukaroli.sc,7,4,3,up,2010,mean_gap
Kushinagar_Tamkuhiraj.sc,7,1,6,up,2010,mean_gap
Kushinagar_Vishunpura.sc,6,3,3,up,2010,mean_gap
Lakhimpur Khiri_Bankeganj.sc,11,5,6,up,2010,mean_gap
Lakhimpur Khiri_Bijua.sc,10,4,6,up,2010,mean_gap
Lakhimpur Khiri_Dhaurhara.sc,7,3,4,up,2010,mean_gap
Lakhimpur Khiri_Gola (Kumbhi).sc,11,4,7,up,2010,mean_gap
Lakhimpur Khiri_Isanagar.sc,12,5,7,up,2010,mean_gap
Lakhimpur Khiri_Lakhimpur.sc,10,3,7,up,2010,mean_gap
Lakhimpur Khiri_Mitauli.sc,15,7,8,up,2010,mean_gap
Lakhimpur Khiri_Mohammadi.sc,16,6,10,up,2010,mean_gap
Lakhimpur Khiri_Nakha.sc,4,1,3,up,2010,mean_gap
Lakhimpur Khiri_Nighasan.sc,7,3,4,up,2010,mean_gap
Lakhimpur Khiri_Palia.sc,7,4,3,up,2010,mean_gap
Lakhimpur Khiri_Pasgawan.sc,16,6,10,up,2010,mean_gap
Lakhimpur Khiri_Phoolbehad.sc,9,4,5,up,2010,mean_gap
Lakhimpur Khiri_Ramiyabehar.sc,6,1,5,up,2010,mean_gap
Lalitpur_Baar.sc,6,2,4,up,2010,mean_gap
Lalitpur_Jakhaura.sc,13,5,8,up,2010,mean_gap
Lalitpur_Mahrauni.sc,8,4,4,up,2010,mean_gap
Lalitpur_Maraawara.sc,11,3,8,up,2010,mean_gap
Lalitpur_Talbehat.sc,6,2,4,up,2010,mean_gap
Lalitpur_Virddha.sc,8,4,4,up,2010,mean_gap
Maharajganj_Brajamangnaj.sc,4,1,3,up,2010,mean_gap
Maharajganj_Dhani.sc,2,1,1,up,2010,mean_gap
Maharajganj_Ferenda.sc,12,5,7,up,2010,mean_gap
Maharajganj_Ghughli.sc,5,3,2,up,2010,mean_gap
Maharajganj_Lakshmipur.sc,4,0,4,up,2010,mean_gap
Maharajganj_Maharajganj Sadar.sc,11,4,7,up,2010,mean_gap
Maharajganj_Mithoura.sc,13,4,9,up,2010,mean_gap
Maharajganj_Nautanwa.sc,5,0,5,up,2010,mean_gap
Maharajganj_Nichlaul.sc,12,1,11,up,2010,mean_gap
Maharajganj_Paniyara.sc,12,5,7,up,2010,mean_gap
Maharajganj_Partawal.sc,9,3,6,up,2010,mean_gap
Maharajganj_Siswa Bazar.sc,6,2,4,up,2010,mean_gap
Mahoba_Charkhari.sc,6,2,4,up,2010,mean_gap
Mahoba_Jaitpur.sc,4,0,4,up,2010,mean_gap
Mahoba_Kabrai.sc,13,6,7,up,2010,mean_gap
Mainpuri_Barnahal.sc,7,2,5,up,2010,mean_gap
Mainpuri_Bebar.sc,12,4,8,up,2010,mean_gap
Mainpuri_Ghiror.sc,5,2,3,up,2010,mean_gap
Mainpuri_Jagir.sc,5,2,3,up,2010,mean_gap
Mainpuri_Karhal.sc,8,2,6,up,2010,mean_gap
Mainpuri_Kurawli.sc,9,3,6,up,2010,mean_gap
Mainpuri_Mainpuri.sc,7,4,3,up,2010,mean_gap
Mainpuri_Sultanganj.sc,8,2,6,up,2010,mean_gap
Mau_Baragaon.sc,11,4,7,up,2010,mean_gap
Mau_Dohrighat.sc,8,2,6,up,2010,mean_gap
Mau_Ghosi.sc,12,5,7,up,2010,mean_gap
Mau_Kopaganj.sc,11,2,9,up,2010,mean_gap
Mau_Muhammadabad.sc,9,2,7,up,2010,mean_gap
Mau_Pardha.sc,5,2,3,up,2010,mean_gap
Mau_Ranipur.sc,8,3,5,up,2010,mean_gap
Mau_Ratanpura.sc,7,1,6,up,2010,mean_gap
Mirzapur_Chhaanbe.sc,12,6,6,up,2010,mean_gap
Mirzapur_Halia.sc,12,5,7,up,2010,mean_gap
Mirzapur_Kon (Cheelha).sc,6,1,5,up,2010,mean_gap
Mirzapur_Lalganj.sc,12,5,7,up,2010,mean_gap
Mirzapur_Majhwan.sc,6,4,2,up,2010,mean_gap
Mirzapur_Narayanpur.sc,15,4,11,up,2010,mean_gap
Mirzapur_Pahadi.sc,6,2,4,up,2010,mean_gap
Mirzapur_Rajgarh.sc,13,4,9,up,2010,mean_gap
Mirzapur_Seekhar.sc,2,2,0,up,2010,mean_gap
Muradabad_Asamoli.sc,3,0,3,up,2010,mean_gap
Muradabad_Bilari.sc,7,4,3,up,2010,mean_gap
Muradabad_Chhajlait.sc,2,1,1,up,2010,mean_gap
Muradabad_Dilari.sc,6,3,3,up,2010,mean_gap
Muradabad_Dingarpur (Kundarki).sc,11,3,8,up,2010,mean_gap
Muradabad_Mudhaa Pandey.sc,4,2,2,up,2010,mean_gap
Muradabad_Muradabad.sc,2,0,2,up,2010,mean_gap
Muradabad_Panwasa.sc,4,1,3,up,2010,mean_gap
Muradabad_Sambhal.sc,9,5,4,up,2010,mean_gap
Muradabad_Thakurdwara.sc,6,5,1,up,2010,mean_gap
Muzzafarnagar_Baghra.sc,3,1,2,up,2010,mean_gap
Muzzafarnagar_Charthaawal.sc,5,2,3,up,2010,mean_gap
Muzzafarnagar_Jansath.sc,3,1,2,up,2010,mean_gap
Muzzafarnagar_Kairana.sc,1,0,1,up,2010,mean_gap
Muzzafarnagar_Kandla.sc,2,0,2,up,2010,mean_gap
Muzzafarnagar_Khatauli.sc,6,2,4,up,2010,mean_gap
Muzzafarnagar_Morna.sc,2,1,1,up,2010,mean_gap
Muzzafarnagar_Purkaji.sc,4,0,4,up,2010,mean_gap
Muzzafarnagar_Sadar.sc,2,1,1,up,2010,mean_gap
Muzzafarnagar_Shahpur.sc,2,0,2,up,2010,mean_gap
Muzzafarnagar_Shamli.sc,1,1,0,up,2010,mean_gap
Muzzafarnagar_Un.sc,3,1,2,up,2010,mean_gap
Pilibhit_Amariya.sc,6,1,5,up,2010,mean_gap
Pilibhit_Barkheda.sc,6,3,3,up,2010,mean_gap
Pilibhit_Bilsanda.sc,10,3,7,up,2010,mean_gap
Pilibhit_Bisalpur.sc,7,1,6,up,2010,mean_gap
Pilibhit_Lalauri Kheda.sc,3,1,2,up,2010,mean_gap
Pilibhit_Marauri.sc,5,0,5,up,2010,mean_gap
Pilibhit_Purnanpur.sc,8,4,4,up,2010,mean_gap
Pratapgarh_Baabaa Belkharnath Dhaam.sc,8,2,6,up,2010,mean_gap
Pratapgarh_Baabaganj.sc,12,3,9,up,2010,mean_gap
Pratapgarh_Bihar.sc,13,5,8,up,2010,mean_gap
Pratapgarh_Gaura.sc,6,3,3,up,2010,mean_gap
Pratapgarh_Kalakankar.sc,9,3,6,up,2010,mean_gap
Pratapgarh_Kunda.sc,10,6,4,up,2010,mean_gap
Pratapgarh_Lakshmanpur.sc,7,1,6,up,2010,mean_gap
Pratapgarh_Lalganj.sc,7,5,2,up,2010,mean_gap
Pratapgarh_Magraura.sc,13,4,9,up,2010,mean_gap
Pratapgarh_Mandhaata.sc,7,3,4,up,2010,mean_gap
Pratapgarh_Patti.sc,9,5,4,up,2010,mean_gap
Pratapgarh_Sadar.sc,7,1,6,up,2010,mean_gap
Pratapgarh_Sandwaa Chandrika.sc,7,2,5,up,2010,mean_gap
Pratapgarh_Sangipur.sc,9,2,7,up,2010,mean_gap
Pratapgarh_Shivgarh.sc,5,1,4,up,2010,mean_gap
Rae bareli_Amawan.sc,7,3,4,up,2010,mean_gap
Rae bareli_Bachhrawan.sc,8,4,4,up,2010,mean_gap
Rae bareli_Dalmau.sc,9,4,5,up,2010,mean_gap
Rae bareli_Deenshaahgaura.sc,4,2,2,up,2010,mean_gap
Rae bareli_Harchandpur.sc,5,1,4,up,2010,mean_gap
Rae bareli_Khiro.sc,10,6,4,up,2010,mean_gap
Rae bareli_Lalganj.sc,10,4,6,up,2010,mean_gap
Rae bareli_Maharajganj.sc,6,1,5,up,2010,mean_gap
Rae bareli_Rahi.sc,11,3,8,up,2010,mean_gap
Rae bareli_Rohanea.sc,3,1,2,up,2010,mean_gap
Rae bareli_Sareni.sc,16,5,11,up,2010,mean_gap
Rae bareli_Sataon.sc,3,1,2,up,2010,mean_gap
Rae bareli_Shivgarh.sc,7,2,5,up,2010,mean_gap
Rae bareli_Unchahaar.sc,5,2,3,up,2010,mean_gap
Rampur_Bilaaspur.sc,10,2,8,up,2010,mean_gap
Rampur_Milk.sc,19,0,19,up,2010,mean_gap
Rampur_Saidnagar.sc,6,3,3,up,2010,mean_gap
Saharanpur_Baliyakhedi.sc,13,3,10,up,2010,mean_gap
Saharanpur_Devbanda.sc,12,4,8,up,2010,mean_gap
Saharanpur_Gangoh.sc,7,1,6,up,2010,mean_gap
Saharanpur_Muzaffarabad.sc,12,5,7,up,2010,mean_gap
Saharanpur_Nagal.sc,11,4,7,up,2010,mean_gap
Saharanpur_Nakud.sc,7,2,5,up,2010,mean_gap
Saharanpur_Rampur Maniharan.sc,11,5,6,up,2010,mean_gap
Saharanpur_Sarsawa.sc,6,2,4,up,2010,mean_gap
Sant Kabeer Nagar_Baghauli.sc,9,4,5,up,2010,mean_gap
Sant Kabeer Nagar_Belhar Kala.sc,5,2,3,up,2010,mean_gap
Sant Kabeer Nagar_Khalilabad.sc,11,3,8,up,2010,mean_gap
Sant Kabeer Nagar_Mehdawal.sc,6,2,4,up,2010,mean_gap
Sant Kabeer Nagar_Nathnagar.sc,17,6,11,up,2010,mean_gap
Sant Kabeer Nagar_Pauli.sc,5,2,3,up,2010,mean_gap
Sant Kabeer Nagar_Sautha.sc,1,0,1,up,2010,mean_gap
Sant Kabeer Nagar_Semriyawa.sc,9,4,5,up,2010,mean_gap
Sant Ravidas Nagar_Abholi.sc,5,3,2,up,2010,mean_gap
Sant Ravidas Nagar_Aurain.sc,19,6,13,up,2010,mean_gap
Sant Ravidas Nagar_Bhadohi.sc,9,4,5,up,2010,mean_gap
Sant Ravidas Nagar_Gyanpur.sc,4,2,2,up,2010,mean_gap
Sant Ravidas Nagar_Suriyawan.sc,11,3,8,up,2010,mean_gap
Shravasti_Gilola.sc,13,4,9,up,2010,mean_gap
Shravasti_Hariharpur Rani.sc,6,2,4,up,2010,mean_gap
Shravasti_Ikouna.sc,6,3,3,up,2010,mean_gap
Shravasti_Jamunha.sc,10,4,6,up,2010,mean_gap
Shravasti_Sirsia.sc,8,3,5,up,2010,mean_gap
Siddharth Nagar_Badhni.sc,4,3,1,up,2010,mean_gap
Siddharth Nagar_Bansi.sc,6,3,3,up,2010,mean_gap
Siddharth Nagar_Bhanwaapur.sc,10,6,4,up,2010,mean_gap
Siddharth Nagar_Dumriaganj.sc,10,3,7,up,2010,mean_gap
Siddharth Nagar_Itwa.sc,4,2,2,up,2010,mean_gap
Siddharth Nagar_Jogiya.sc,10,4,6,up,2010,mean_gap
Siddharth Nagar_Khesarha.sc,12,4,8,up,2010,mean_gap
Siddharth Nagar_Khuniyav.sc,4,1,3,up,2010,mean_gap
Siddharth Nagar_Lotan Bazar.sc,6,2,4,up,2010,mean_gap
Siddharth Nagar_Mithwal.sc,10,3,7,up,2010,mean_gap
Siddharth Nagar_Naugadh.sc,7,3,4,up,2010,mean_gap
Siddharth Nagar_Shohratgarh.sc,8,3,5,up,2010,mean_gap
Siddharth Nagar_UskaBazar.sc,3,1,2,up,2010,mean_gap
Sitapur_Ailiya.sc,5,3,2,up,2010,mean_gap
Sitapur_Biswan.sc,14,6,8,up,2010,mean_gap
Sitapur_Gondlamau.sc,1,1,0,up,2010,mean_gap
Sitapur_Hargaon.sc,2,0,2,up,2010,mean_gap
Sitapur_Kasmanda.sc,5,1,4,up,2010,mean_gap
Sitapur_Khairbad.sc,11,4,7,up,2010,mean_gap
Sitapur_Machhrehta.sc,14,5,9,up,2010,mean_gap
Sitapur_Mahmudabad.sc,10,3,7,up,2010,mean_gap
Sitapur_Maholi.sc,1,1,0,up,2010,mean_gap
Sitapur_Mishrikh.sc,14,4,10,up,2010,mean_gap
Sitapur_Pahala.sc,11,3,8,up,2010,mean_gap
Sitapur_Parsendi.sc,4,3,1,up,2010,mean_gap
Sitapur_Rampurmathura.sc,6,2,4,up,2010,mean_gap
Sitapur_Reusaa.sc,4,2,2,up,2010,mean_gap
Sitapur_Sakran.sc,5,2,3,up,2010,mean_gap
Sonbhadra_Chatra.sc,6,3,3,up,2010,mean_gap
Sonbhadra_Chopan.sc,1,1,0,up,2010,mean_gap
Sonbhadra_Duddhi.sc,13,0,13,up,2010,mean_gap
Sonbhadra_Ghorawal.sc,10,2,8,up,2010,mean_gap
Sonbhadra_Myorpur.sc,8,4,4,up,2010,mean_gap
Sonbhadra_Nagwan.sc,7,3,4,up,2010,mean_gap
Sonbhadra_Robertsganj.sc,5,1,4,up,2010,mean_gap
Sonbhadra_Vabhni.sc,5,2,3,up,2010,mean_gap
Sultanpur_Akhandnagar.sc,10,3,7,up,2010,mean_gap
Sultanpur_Baldirai.sc,5,2,3,up,2010,mean_gap
Sultanpur_Bhaiyya.sc,11,5,6,up,2010,mean_gap
Sultanpur_Dhanpat Ganj.sc,12,5,7,up,2010,mean_gap
Sultanpur_Doobepur.sc,9,3,6,up,2010,mean_gap
Sultanpur_Dostpur.sc,4,3,1,up,2010,mean_gap
Sultanpur_Jaisinghpur.sc,8,2,6,up,2010,mean_gap
Sultanpur_Kadipur.sc,4,0,4,up,2010,mean_gap
Sultanpur_Kudebhar.sc,6,1,5,up,2010,mean_gap
Sultanpur_Kudwar.sc,5,2,3,up,2010,mean_gap
Sultanpur_Lambhua.sc,10,4,6,up,2010,mean_gap
Sultanpur_Motigarpur.sc,7,3,4,up,2010,mean_gap
Sultanpur_Pratappur Kemaicha.sc,8,3,5,up,2010,mean_gap
Unnao_Auras.sc,11,5,6,up,2010,mean_gap
Unnao_Bangarmau.sc,4,2,2,up,2010,mean_gap
Unnao_Bichiya.sc,2,0,2,up,2010,mean_gap
Unnao_Bighapur.sc,8,3,5,up,2010,mean_gap
Unnao_Fatehpur Chaurasi.sc,11,3,8,up,2010,mean_gap
Unnao_Hasan ganj.sc,18,6,12,up,2010,mean_gap
Unnao_Nawabganj.sc,17,6,11,up,2010,mean_gap
Unnao_Purwa.sc,3,1,2,up,2010,mean_gap
Unnao_Safipur.sc,10,3,7,up,2010,mean_gap
Unnao_Sikandarpur Karan.sc,7,3,4,up,2010,mean_gap
Unnao_Sumerpur.sc,12,4,8,up,2010,mean_gap
Varanasi_Araji Lines.sc,12,3,9,up,2010,mean_gap
Varanasi_Badagaon.sc,8,4,4,up,2010,mean_gap
Varanasi_Chiraigaon.sc,6,2,4,up,2010,mean_gap
Varanasi_Cholapur.sc,10,2,8,up,2010,mean_gap
Varanasi_Harhua.sc,7,2,5,up,2010,mean_gap
Varanasi_Kashividyapeeth.sc,5,2,3,up,2010,mean_gap
Varanasi_Pindra.sc,14,4,10,up,2010,mean_gap
Varanasi_Sewapuri.sc,10,3,7,up,2010,mean_gap
Bahraich_Mihipurwa.st,1,0,1,up,2010,mean_gap
Bijnaur_Kotwali.st,1,1,0,up,2010,mean_gap
Jhanshi_Babina.st,1,1,0,up,2010,mean_gap
Lakhimpur Khiri_Bankeganj.st,1,1,0,up,2010,mean_gap
Lakhimpur Khiri_Palia.st,7,2,5,up,2010,mean_gap
Maharajganj_Nautanwa.st,1,1,0,up,2010,mean_gap
Shravasti_Sirsia.st,2,1,1,up,2010,mean_gap
